Paper_id,DOI,Authors,Authors_abbrev,PubYear,Journal,Volume_issue,Title,Pages,ReaderName,DateRead,Notes,,,,,,,,,,,,,,
150,10.1080/00103629309368895,"Kitur, B.K., Olson, K.R., Siemens, J.C., & Phillips, S.R.",Kitur et al.,1993,Communications in Soil Science and Plant Analysis,24,Tillage effects on selected physical properties of Grantsburg silt loam,1509-1527,LWA,2/4/2019,,,,,,,,,,,,,,,
151,10.1080/00103629409369033,"Kitur, B.K., Phillips, S.R., Olson, K.R., & Ebelher, S.A.",Kitur et al.,1994,Communications in Soil Science and Plant Analysis,25,Tillage effects on selected chemical properties of Gransburg silt loam,225-246,LWA,2/4/2019,,,,,,,,,,,,,,,
152,10.1097/00010694-199812000-00007,"Hussain, I., Olson, K.R., & Siemens, J.C.",Hussain et al.,1998,Soil Science,163(12),Long-term tillage effects on physical properties of eroded soil,970-981,LWA,2/5/2019,,,,,,,,,,,,,,,
153,10.1016/S0167-1987(98)00170-6,"Yang, X. & Wander, M.M.",Yang & Wander,1998,Soil & Tillage Research,49,Temporal changes in dry aggregate size and stability: tillage and crop effects on a silty loam Mollisol in Illinois,173-183,LWA,2/5/2019,,,,,,,,,,,,,,,
154,10.1016/S0167-1987(99)00054-9,"Hussain, I., Olson, K.R., & Ebelhar, S.A.",Hussain et al.,1999,Soil & Tillage Research,52,Impacts of tillage and no-till on production of maize and soybean on an eroded Illinois silt loam soil,37-49,LWA,2/5/2019,,,,,,,,,,,,,,,
155,10.2136/sssaj1999.6351335x,"Hussain, I., Olson, K.R., & Ebelhar, S.A.",Hussain et al.,1999,Soil Science Society of America Journal,63,Long-term tillage effects on soil chemical properties and organic matter fractions,1335-1341,LWA,2/5/2019,,,,,,,,,,,,,,,
156,10.1016/j.still.2004.09.009,"Olson, K.R., Lang, J.M., & Ebelhar, S.A.",Olson et al.,2005,Soil & Tillage Research,81,Soil organic carbon changes after 12 years of no-tillage and tillage of Grantsburg soils in southern Illinois,217-225,LWA,2/5/2019,,,,,,,,,,,,,,,
157,10.1016/S0167-1987(99)00051-3,"Yang, X. & Wander, M.M.",Yang & Wander,1999,Soil & Tillage Research,52,Tillage effects on soil organic carbon distribution and storage in a silt loam soil in Illinois,9-Jan,LWA,2/6/2019,,,,,,,,,,,,,,,
158,10.1016/S0038-0717(00)00031-6,"Wander, M.M. & Yang, X.",Wander & Yang,2000,Soil Biology & Biochemistry,32,Influence of tillage on the dynamics of losse- and occluded- particulate and humified organic matter fractions,1151-1160,LWA,2/6/2019,,,,,,,,,,,,,,,
159,10.2134/agronj14.0465,"Zuber, S.M., Behnke, G.D., Nafziger, E.D., & Villamil, M.B.",Zuber et al.,2015,Agronomy Journal,107(3),Crop rotation and tillage effects on soil physical and chemical properties in Illinois,971-978,LWA,2/14/2019,,,,,,,,,,,,,,,
160,10.2134/agronj14.0549,"Fernandez, F.G., Sorensen, B.A., & Villamil, M.B.",Fernandez et al.,2015,Agronomy Journal,107,A comparison of soil properties after five years of no-till and strip-till,1339-1346,LWA,2/14/2019,,,,,,,,,,,,,,,
161,10.2134/agronj2015.0397,"Cook, R.L. & Trlica, A.",Cook & Trlica,2016,Agronomy Journal,108,Tillage and fertilizer effects on crop yield and soil properties over 45 years in Southern Illinois,415-426,LWA,2/14/2019,,,,,,,,,,,,,,,
162,10.2489/jswc.72.4.405,"Walia, M.K., Baer, S.G., Krausz, R., & Cook, R.L.",Walia et al.,2017,Journal of Soil and Water Conservation,72(4),Deep soil carbon after 44 years of tillage and fertilizer management in southern Illinois compared to forest and restored prairie soils,405-415,LWA,2/15/2019,,,,,,,,,,,,,,,
163,10.1016/0167-1987(86)90340-5,"Kladivko, E.J., Griffith, D.R., & Mannering, J.V",Kladivko et al.,1986,Soil & Tillage Research,8,Conservation tillage effects on soil properties and yield of corn and soya beans in Indiana,277-287,LWA,2/18/2019,,,,,,,,,,,,,,,
164,10.1093/jee/83.6.2455,"Andow, D.A. & Ostilie, K.R.",Andow & Ostlie,1990,Journal of Economic Entomology,83(6),First-generation European Corn Borer (Lepidoptera: Pyralidae) response to three conservation tillage systems in Minnesota,2455-2461,LWA,2/18/2019,,,,,,,,,,,,,,,
165,10.1080/00103629109368552,"Karlen, D.L., Berry, E.C., Colvin, T.S., & Kanwar, R.S.",Karlen et al.,1991,Communications in Soil Science and Plant Analysis,22,Twelve?year tillage and crop rotation effects on yields and soil chemical properties in northeast Iowa,19-20,LWA,2/19/2019,,,,,,,,,,,,,,,
166,10.1017/S0043174500071459,"Cardina, J., Regnier, E., & Harrison, K.",Cardina et al.,1991,Weed Science,39(2),Long-term tillage effects on seed banks in three Ohio soils,186-194,LWA,2/19/2019,,,,,,,,,,,,,,,
167,10.1094/PD-75-0828,"Lipps, D.E. & Deep, I.W.",Lipps & Deep,1991,Plant Disease,75,"Influence of tillage and crop rotation on yield, stalk rot, and recovery of Fusarium and Trichoderma spp. from corn",828-833,LWA,2/20/2019,,,,,,,,,,,,,,,
168,10.2134/agronj1991.00021962008300050016x,"Timmons, D.R. & Baker, J.L.",Timmons & Baker,1991,Agronomy Journal,83,"Recovery of point-injected labeled nitrogen by corn as affected by timing, rate, and tillage",850-857,LWA,2/20/2019,,,,,,,,,,,,,,,
169,10.1093/ee/20.5.1251,"Tonhasca, Jr., A. & Stinner, B.R.",Tonhasca & Stinner,1991,Environmental Entomology,20(5),Effects of strip intercropping and no-tillage on some pests and beneficial invertebrates of corn in Ohio,1251-1258,LWA,2/21/2019,,,,,,,,,,,,,,,
170,10.1093/ee/21.2.388,"Andow, D.A.",Andow,1992,Environmental Entomology,21(1),Fate of eggs of first-generation Ostrinia nubilalis (Lepidoptera: Pyralidae) in three conservation tillage systems,388-393,LWA,2/21/2019,,,,,,,,,,,,,,,
171,10.1016/0167-1987(92)90069-N,"Kovar, J.L, Barber, S.A., Kladivko, E.J., & Griffith, D.R.",Kovar et al.,1992,Soil & Tillage Research,24,"Characterization of soil temperature, water content, and maize root distribution in two tillage systems",27-Nov,LWA,2/25/2019,,,,,,,,,,,,,,,
172,10.1093/jee/85.3.853,"Willson, H.R. & Eisley, J.B.",Willson & Eisley,1992,Journal of Economic Entomology,85(3),Effects of tillage and prior crop on the incidence of five key pests on Ohio corn,853-859,LWA,2/25/2019,,,,,,,,,,,,,,,
173,10.13031/2013.28739,"Erbach, D.C., Benjamin, J.G., Cruse, R.M., Elamin, M.A., Mukhtar, S., & Choi, C.-H.",Erbach et al.,1992,Transactions of the ASAE,35(5),Soil and corn response to tillage with paraplow,1347-1354,LWA,2/25/2019,,,,,,,,,,,,,,,
174,10.2136/sssaj1993.03615995005700010023x,"Brown, R.E., Varvel, G.E., & Shapiro, C.A.",Brown et al.,1993,Soil Science Society of America Journal,57,Residual effects of interseeded hairy vetch on soil nitrate-nitrogen levels,121-124,LWA,2/26/2019,,,,,,,,,,,,,,,
175,10.1080/00103629309368812,"Gordon, W.B., Rickerl, D.H., Sorensen, D.R., & Wieland, P.K.",Gordon et al.,1993,Communications in Soil Science and Plant Analysis,24,"Tillage and nitrogen effects on growth, nitrogen content, and yield of corn",421-441,LWA,2/26/2019,,,,,,,,,,,,,,,
176,10.2136/sssaj1993.03615995005700020034x,"Mahboubi, A.A., Lal, R., & Faussey, N.R.",Mahboubi et al.,1993,Soil Science Society of America Journal,57,Twenty-eight years of tillage effects on two soils in Ohio,506-512,LWA,2/26/2019,,,,,,,,,,,,,,,
177,10.2136/sssaj1993.03615995005700040029x,"Owens, L.B. & Edwards, W.M.",Owens & Edwards,1993,Soil Science Society of America Journal,57,Tillage studies with a corn-soybean rotation: surface runoff chemistry,1055-1060,LWA,2/26/2019,,,,,,,,,,,,,,,
178,10.1111/j.1570-7458.1993.tb01714.x,"Tonhasca, Jr., A.",Tonhasca,1993,Entomologia Experimentalis et Applicata,68,Carabid beetle assemblage under diversified agroecosystems,279-285,LWA,2/27/2019,,,,,,,,,,,,,,,
179,10.1016/0167-8809(94)90075-2,"Tonhasca, Jr., A.",Tonhasca,1994,"Agriculture, Ecosystems and Environment",48,Response of soybean herbivore to two agronomic practices increasing agroecosystem diversity,57-65,LWA,2/27/2019,,,,,,,,,,,,,,,
180,10.2136/sssaj1994.03615995005800020038x,"Lal, R., Mahboubi, A.A., & Fausey, N.R.",Lal et al.,1994,Soil Science Society of America Journal,58,Long-term and rotation effects on properties of a central Ohio soil,517-522,LWA,2/27/2019,,,,,,,,,,,,,,,
181,10.1016/0167-1987(94)90082-5,"Joshi, J.R., Moncrief, J.F., Swan, J.B., & Malzer, G.L.",Joshi et al.,1994,Soil & Tillage Research,31,Long-term conservation tillage and liquid dairy manure effects on maize. II. Nitrate concentration in soil water.,225-233,LWA,2/28/2019,,,,,,,,,,,,,,,
182,10.1016/0167-1987(94)90081-7,"Joshi, J.R., Moncrief, J.F., Swan, J.B., & Burford, P.M.",Joshi et al.,1994,Soil & Tillage Research,31,Long-term conservation tillage and liquid dairy manure effects on maize. I. Nitrogen availability,211-224,LWA,2/28/2019,,,,,,,,,,,,,,,
183,10.2134/agronj1995.00021962008700030004x,"Stecker, J.A., Buchholz, D.D., Hanson, R.G., Wollenhaupt, N.C., & McVay, K.A.",Stecker et al.,1995,Agronomy Journal,87,Tillage and rotation efffects on corn yield response to fertilizer nitrogen on Aqualf soils,409-415,LWA,2/28/2019,,,,,,,,,,,,,,,
184,10.1016/0167-1987(95)00470-D,"Iragavarapu, T.K. & Randall, G.W.",Iragavarapu & Randall,1995,Soil & Tillage Research,34,Yield and nitrogen uptake of monocropped maize from a long-term tillage experiment on a poorly drained soil,145-156,LWA,2/28/2019,,,,,,,,,,,,,,,
185,10.2134/jpa1996.0241,"West, T.D, Griffith, D.R., Steinhardt, G.C., Kladivko, E.J., & Parsons, S.D.",West et al.,1996,Journal of Production Agriculture,9,Effect of tillage and rotation on agronomic performance of corn and soybean: Twenty-year study on dark silty clay loam soil,241-248,LWA,2/28/2019,,,,,,,,,,,,,,,
186,10.1016/0167-1987(95)01004-1,"Lal, R.",Lal,1996,Soil & Tillage Research,37,Axle load and tillage effects on crop yields on a Mollic Ochraqualf in Northwest Ohio,143-160,LWA,3/4/2019,,,,,,,,,,,,,,,
187,10.13031/2013.27631,"Ghidey, F. & Alberts, E.E.",Ghidey & Alberts,1996,Transactions of the ASAE,39(4),Comparison of measured and WEPP predicted runoff and soil loss for midwest claypan soil,1395-1402,LWA,3/4/2019,,,,,,,,,,,,,,,
188,10.2134/jeq1996.00472425002500040010x,"Weed, D.A.J. & Kanwar, R.S.",Weed & Kanwar,1996,Journal of Environmental Quality,25,Water quality - Nitrate and water present in flowing from root-zone soil,709-719,LWA,3/4/2019,,,,,,,,,,,,,,,
189,10.2134/agronj1999.914643x,"Kessavalou, A. & Walters, D.T.",Kessavalou & Walters,1997,Agronomy Journal,89,Winter rye as a cover crop following soybean under conservation tillage,68-74,LWA,3/4/2019,,,,,,,,,,,,,,,
190,10.1016/S0038-0717(96)00038-7,"Jordan, D., Stecker, J.A., Cacnio-Hubbard, V.N., Li, F., Gantzer, C.J., & Brown, J.R.",Jordan et al.,1997,Soil Biology & Biochemistry,29(3/4),Earthworm activity in a no-tillage and conventional tillage systems in Missouri soils: A preliminary study,489-491,LWA,3/5/2019,,,,,,,,,,,,,,,
191,Unavailable,"Gilley, J.E., Doran, J.W., Karlen, D.L., & Kaspar, T.C.",Gilley et al.,1997,Journal of Soil and Water Conservation,52(3),"Runoff, erosion, and soil quality characteristics of a former Conservation Reserve Program site",189-193,LWA,3/5/2019,,,,,,,,,,,,,,,
192,10.1016/S0261-2194(96)00104-4,"Hammond, R.B.",Hammond,1997,Crop Protection,16(3),Long-term conservation tillage studies: impact of no-till on seedcorn maggot (Diptera: Anthomyiidae),221-225,LWA,3/5/2019,,,,,,,,,,,,,,,
193,10.1016/S0933-3630(96)00127-4,"Mahboubi, A.A., Lal, R., & Faussey, N.R.",Mahboubi & Lal,1998,Soil & Tillage Research,45,Long-term tillage effects on changes in structural properties of two soils in central Ohio,107-118,LWA,3/5/2019,,,,,,,,,,,,,,,
194,10.1016/S0167-1987(98)00095-6,"Flowers, M.D. & Lal, R.",Flowers & Lal,1998,Soil & Tillage Research,48,Axle load and tillage effects on soil physical properties and soybean grain yields on a mollic ochraqualf in northwest Ohio,21-35,LWA,3/5/2019,,,,,,,,,,,,,,,
195,10.2134/agronj1998.00021962009000050011x,"Sims, A.L., Schepers, J.S., Olson, R.A., & Power, J.F.",Sims et al.,1998,Agronomy Journal,90,Irrigated corn yield and nitrogen accumulation response in a comparison of no-till and conventional till: tillage and surface-residue variables,630-637,LWA,3/6/2019,,,,,,,,,,,,,,,
196,10.1016/S0038-0717(98)00041-8,"Wagai, R., Brye, K.R., Gower, S.T., Norman, J.M., & Bundy, L.G.",Wagai et al.,1998,Soil Biology & Biochemistry,30(12),Land use and environmental factors influencing soil surface CO2 flux and microbial biomass in natural and managed ecosystems in sourthern Wisconsin,1501-1509,LWA,3/6/2019,,,,,,,,,,,,,,,
198,10.2134/jpa1991.0571,"Lueschen, W.E., Evans, S.D., Ford, J.H., Hoverstand, T.R., Kanne, B.K., Orf, J.H., Staricka, J.A., Stienstra, W.C., Warnes, D.D., & Hicks, D.R.",Lueschen et al.,1991,Journal of Production Agriculture,4,Soybean production as affected by tillage in a corn and soybean management system: I. Cultivar response,571-579,LWA,3/6/2019,,,,,,,,,,,,,,,
199,10.1016/S0167-1987(98)00148-2,"Lowery, B., Hartwig, R.C., Stoltenberg, D.E., Fermanich, K.J., & McSweeney, K.",Lowery et al.,1998,Soil & Tillage Research,48,Groundwater quality and crop-yield responses to tillage management on a Sparta sand,225-237,LWA,3/7/2019,,,,,,,,,,,,,,,
200,10.2136/sssaj1999.03615995006300010028x,"Logsdon, S.D., Kaspar, T.C., & Cambardella",Logsdon et al.,1999,Soil Science Society of America Journal,63,Depth-incremental soil properties under no-till or chisel management,197-200,LWA,3/7/2019,,,,,,,,,,,,,,,
201,10.1094/PHYTO.1999.89.3.204,"Workneh, F., Tylka, G.L., Yang, X.B., Faghihi, J., & Ferris, J.M.",Workneh et al.,1999,Phytopathology,89,"Regional assessment of soybean brown stem rot, Phytophthora sojae, and Heterodera glycines using area-frame sampling: Prevalence and effects of tillage",204-211,LWA,3/7/2019,,,,,,,,,,,,,,,
202,10.1300/J064v14n04_07,"Lal, R.",Lal,1999,Journal of Sustainable Agriculture,14(4),Long-term tillage and wheel traffic effects on soil quality for two central Ohio soils,67-84,LWA,3/8/2019,,,,,,,,,,,,,,,
203,10.1300/J064v14n04_06,"Lal, R.",Lal,1999,Journal of Sustainable Agriculture,14(4),Soil compaction and tillage effects on soil physical properties of a mollic ochraqualf in northwest Ohio,53-65,LWA,3/8/2019,,,,,,,,,,,,,,,
204,10.2134/jpa1999.0293,"Elmore, R.W. & Ferguson, R.B.",Elmore & Ferguson,1999,Journal of Production Agriculture,12(2),Mid-season stalk breakage in corn: hybrid and environmental factors,293-299,LWA,3/8/2019,,,,,,,,,,,,,,,
205,10.2134/jpa1999.0269,"Cahoon, J.E., Eisenhauer, D.E., Elmore, R.W., Roeth, F.W., Doupnik, Jr., B., Selley, R.A., Frank, K., Ferguson, R.B., Lorenz, M., & Young, L.J.",Cahoon et al.,1999,Journal of Production Agriculture,12,Grains and oil crops. Corn yield response to tillage and furrow irrigation,269-275,LWA,3/8/2019,,,,,,,,,,,,,,,
206,10.1017/S0043174500092195,"Felix, J. & Owen, M.D.K.",Feliz & Owen,1999,Weed Science,47,Weed population dynamics in land removed from the conservation reserve program,511-517,LWA,3/8/2019,,,,,,,,,,,,,,,
207,10.1094/PHYTO.1999.89.10.844,"Workneh, F., Yang, X.B., & Tylka, G.L.",Workneh et al.,1999,Phytopathology,89,"Soybean brown stem rot, Phytophthora sojae, and Heterodera glycines affected by soil texture and tillage relations",844-850,LWA,3/11/2019,,,,,,,,,,,,,,,
208,10.1093/ee/28.6.1052,"Marshall, S.D. & Rypstra, A.L.",Marshall & Rypstra,1999,Environmental Entomology,28(6),Patterns in the distribution of two wolf spiders (Araneae: Lycosidae) in two soybean agroecosystems,1052-1059,LWA,3/11/2019,,,,,,,,,,,,,,,
209,Unavailable,"Marsh, B.H.",Marsh,1997,Report of Progress 787,,Runoff contaminants from reduced tillage systems,7-May,LWA,3/11/2019,,,,,,,,,,,,,,,
210,10.1016/S0167-1987(00)00087-8,"Lal, R. & Ahmadi, M.",Lal & Ahmadi,2000,Soil & Tillage Research,54,Axle load and tillage effects on crop yield for two soils in central Ohio,111-119,LWA,3/11/2019,,,,,,,,,,,,,,,
211,10.1016/S0167-1987(00)00110-0,"Clapp, C.E., Allmaras, R.R., Layese, MF., Linden, D.R., & Dowdy, R.H.",Clapp et al.,2000,Soil & Tillage Research,55,"Soil organic carbon and 13C abundance as related to tillage, crop residue, and nitrogen fertilization under continuous corn management in Minnesota",127-142,LWA,3/12/2019,,,,,,,,,,,,,,,
212,10.1016/S0167-1987(00)00139-2,"Linden, D.R., Clapp, C.E., & Dowdy, R.H.",Linden et al.,2000,Soil & Tillage Research,56,Long-term corn grain and stover yields as a function of tillage and residue removal in east central Minnesota,167-174,LWA,3/12/2019,,,,,,,,,,,,,,,
213,10.13031/2013.3059,"Bakhsh, A., Kanwar, R.S., Karlen, D.L., Cambardella, C.A., Colvin, T.S., Moorman, T.B., & Bailey, T.B.",Bakhsh et al.,2000,Transactions of the ASAE,43(6),Tillage and nitrogen management effects on crop yield and residual soil nitrate,1589-1595,LWA,3/13/2019,,,,,,,,,,,,,,,
214,10.13031/2013.2306,"Gorneau, W.S., Franti, T.G., Benham, B.L., & Comfort, S.D.",Gorneau et al.,2001,Transactions of the ASAE,44(1),Reducing long-term atrazine runoff from south central Nebraska,45-52,LWA,3/13/2019,,,,,,,,,,,,,,,
215,10.1094/PDIS.2001.85.3.311,"Chen, S.Y., Stienstra, W.C., Lueschen, W.E., & Hoverstad, T.R.",Chen et al.,2001,Plant Disease,85,Response of Heterodera glycines and soybean cultivar to tillage and row spacing,311-316,LWA,3/13/2019,,,,,,,,,,,,,,,
216,10.1016/S0167-1987(01)00174-X,"Pikul, Jr., J.L., Carpenter-Boggs, L., Vigil, M., Schumacher, T.E., Lindstrom, M.J., & Riedell, W.E.",Pikul et al.,2001,Soil & Tillage Research,60,"Crop yield and soil condition under ridge and chisel-plow tillage in the northern Corn Belt, USA",21-33,LWA,3/13/2019,,,,,,,,,,,,,,,
217,10.1094/PHYTO.2001.91.6.534,"Gavassoni, W.L., Tylka, G.L., & Munkvold, G.P.",Gavassoni et al.,2001,Phytopathology,91,Relationships between tillage and spatial patterns of Heterodera glycines,534-545,LWA,3/13/2019,,,,,,,,,,,,,,,
218,10.2134/agronj2001.934850x,"Shapiro, C.A., Holshouser, D.L., Kranz, W.L., Shelton, D.P., Witkowski, J.F., Jarvi, K.J., Echtenkamp, G.W., Lunz, L.A., Frerichs, R.D., Brentlinger, R.L., Lubberstedt, M.A., McVey McClucksey, M., & Stroup, W.W.",Shapiro et al.,2001,Agronomy Journal,93,Tillage and management alternatives for returning conservation reserve program land to crops,850-862,LWA,3/14/2019,,,,,,,,,,,,,,,
219,Unavailable,"Hinkel, K.M.",Hinkel,2002,"Agricultural Practices and Policies for Carbon Sequestration in Soil, Chapter 17. Eds. Kimble, Lal & Follett",,Changes in the thermal and moisture regimes in the plow zone under corn following no-till implementation,207-222,LWA,3/14/2019,,,,,,,,,,,,,,,
220,10.1016/S0167-1987(01)00267-7,"Tapela, M. & Colvin, T.S.",Tapela & Colvin,2002,Soil & Tillage Research,64,Quantifying seedbed condition using soil physical properties,203-210,LWA,3/15/2019,,,,,,,,,,,,,,,
221,10.2134/jeq2002.7690,"Brye, K.R., Andraski, T.W., Jarrell, W.M., Bundy, L.G., & Norman, J.M.",Brye et al.,2002,Journal of Environmental Quality,31(3),Phosphorous leaching under a restored tallgrass prairie and corn agroecosystems,769-781,LWA,3/15/2019,,,,,,,,,,,,,,,
222,10.1614/0043-1745(2002)050[0448:CRATSE]2.0CO;2,"Cardina, J., Herms, C.P., & Doohan, D.J.",Cardina et al.,2002,Weed Science,50,Crop rotation and tillage system effects on weed seedbanks,448-460,LWA,3/15/2019,,,,,,,,,,,,,,,
223,10.13031/2013.11430,"Bakhsh, A., Kanwar, R.S., Bailey, T.B., Cambardella, C.A., & Karlen, D.",Bakhsh et al.,2002,Transactions of the ASAE,45(6),Cropping system effects on N3O3-N loss with subsurface drainage water,1789-1797,LWA,3/18/2019,,,,,,,,,,,,,,,
224,10.1081/CSS-120024062,"Eivazi, F., Bayan, M.R., & Schmidt, K.",Eivazi et al,2003,Communications in Soil Science and Plant Analysis,34(15-16),Select soil enzyme activities in the historic Sanborn field as affected by long-term cropping systems,2259-2275,LWA,3/18/2019,,,,,,,,,,,,,,,
225,10.1081/CSS-120018974,"Seybold, C.A., Grossman, R.B., & Peirce, F.J.",Seybold et al.,2003,Communications in Soil Science and Plant Analysis,34(5-6),On-site assessment of use-dependent soil properties in Michigan,765-780,LWA,3/18/2019,,,,,,,,,,,,,,,
226,10.1023/A:1023304130514,"Brye, K.R., Norman, J.M., Gower, S.T., & Bundy, L.G.",Brye et al.,2003,Biogeochemistry,63,Effects of management practices on annual net N-mineralization in a restored prairie and maize agroecosystems,135-160,LWA,3/19/2019,,,,,,,,,,,,,,,
227,10.1016/S0167-8809(03)00067-7,"Brye, K.R., Norman, J.M., Gower, S.T., & Bundy, L.G.",Brye et al.,2003,"Agriculture, Ecosystems and Environment",97,Methodological limitations and N-budget differences among a restored tallgrass prairie and maize agroecosystems,181-198,LWA,3/19/2019,,,,,,,,,,,,,,,
228,10.2134/jeq2003.1782,"Andraski, T.W., Bundy, L.G., & Kilian, K.C.",Andraski et al.,2003,Journal of Environmental Quality,32(5),Manure history and long-term tillage effects on soil properties and phosphorous losses in runoff,1782-1788,LWA,3/19/2019,,,,,,,,,,,,,,,
229,10.2134/agronj2003.1146,"Pedersen, P. & Lauer, J.G.",Pedersen & Lauer,2003,Agronomy Journal,95,Soybean agronomic response to management systems in the upper Midwest,1146-1151,LWA,3/20/2019,,,,,,,,,,,,,,,
230,10.1097/01.ss.0000100470.96182.4a,"Shukla, M.K., Lal, R., & Ebinger, M.",Shukla et al.,2003,Soil Science,168(11),Tillage effects on physical and hydrological properties of a typic argiaquoll in central Ohio,802-811,LWA,3/20/2019,,,,,,,,,,,,,,,
231,10.2134/agronj2004.0502,"Vetsch, J.A. & Randall, G.W.",Vetsch & Randall,2004,Agronomy Journal,96,Corn production as affected by nitrogen application timing and tillage,502-509,LWA,3/20/2019,,,,,,,,,,,,,,,
232,10.2134/agronj2004.4250,"Wilhelm, W.W. & Wortmann, C.S.",Wilhelm & Wortmann,2004,Agronomy Journal,96,Tillage and rotation interactions for corn and soybean grain yield as affected by precipitation and air temperature,425-432,LWA,3/22/2019,,,,,,,,,,,,,,,
233,10.2134/agronj2004.0723,"Yin, Xinhua & Al-Kaisi, M.M.",Yin & Al-Kaisi,2004,Agronomy Journal,96,Periodic response of soybean yields and economic returns to long-term no-tillage,723-733,LWA,3/22/2019,,,,,,,,,,,,,,,
234,10.1016/j.still.2003.12.007,"Ekenler, M. & Tabatabai, M.A.",Ekenler & Tabatabai,2004,Soil & Tillage Research,77,Arylamidase and amidohydrolases in soils as affected by liming and tillage systems,157-168,LWA,3/25/2019,,,,,,,,,,,,,,,
235,10.1016/j.still.2004.02.011,"Al-Kaisi, M.M. & Yin, X.",Al-Kaisi & Yin,2004,Soil & Tillage Research,78,Stepwise time response of corn yield and economic return to no tillage,91-101,LWA,3/25/2019,,,,,,,,,,,,,,,
236,10.2134/agronj2004.1164,"Al-Kaisi, M.M. & Licht, M.A.",Al-Kaisi & Licht,2004,Agronomy Journal,96,Effect of strip tillage on corn nitrogen uptake and residual soil nitrate accumulation compared with no-tillage and chisel plow,1164-1171,LWA,3/25/2019,,,,,,,,,,,,,,,
237,10.1002/aheh.200300534,"Brye, K.R. & Norman, J.M.",Brye & Norman,2004,acta hydrochemical hydrobiologica,32,Land-use effects on anion-associated cation leaching in response to above-normal precipitation,235-248,LWA,3/26/2019,,,,,,,,,,,,,,,
238,10.1016/j.still.2004.03.017,"Licht, M.A. & Al-Kaisi, M.",Licht & Al-Kaisi,2005,Soil & Tillage Research,80,Strip-tillage effect on seedbed soil temperature and other soil physical properties,233-249,LWA,3/26/2019,,,,,,,,,,,,,,,
239,10.1016/j.still.2004.03.018,"Puget, P. & Lal, R.",Puget & Lal,2005,Soil & Tillage Research,80,Soil organic carbon and nitrogen in a Mollisol in central Ohio as affected by tillage and land use,201-213,LWA,3/26/2019,,,,,,,,,,,,,,,
240,10.1080/00103620500257259,"Senwo, Z.N. & Tabatabai, M.A.",Senwo & Tabatabai,2005,Communications in Soil Science and Plant Analysis,36,Aspartase activity of soils under different management systems,2575-2582,LWA,3/26/2019,,,,,,,,,,,,,,,
241,10.2134/jeq2005.0437,"Al-Kaisi, M.M. & Yin, X.",Al-Kaisi & Yin,2005,Journal of Environmental Quality,34,Tillage and crop residue effects on soil carbon and carbon dioxide emission in corn-soybean rotations,437-445,LWA,3/26/2019,,,,,,,,,,,,,,,
242,10.1016/j.agee.2004.08.002,"Al-Kaisi, M.M., Yin, X., & Licht, M.A.",Al-Kaisi et al.,2005,"Agriculture, Ecosystems and Environment",105,Soil carbon and nitrogen changes as influenced by tillage and cropping systems in some Iowa soils,635-647,LWA,3/27/2019,,,,,,,,,,,,,,,
243,10.1614/WS-04-129R1,"Liphadzi, K.B., Al-Khatib, K., Bensch, C.N., Stahlman, P.W., Dille, J.A., Todd, T., Rice, C.W., Horak, M.J. & Head, G.",Liphadzi et al.,2005,Weed Science,53,Soil microbial and nematode communities as affected by glyphosate and tillage practices in a glyphosate-resistant cropping system,536-545,LWA,3/27/2019,,,,,,,,,,,,,,,
244,10.1016/j.apsoil.2005.02.014,"Al-Kaisi, M.M., Yin, X., & Licht, M.A.",Al-Kaisi et al.,2005,Applied Soil Ecology,30,Soil carbon and nitrogen changes as affected by tillage system and crop biomass in a corn-soybean rotation,174-191,LWA,3/27/2019,,,,,,,,,,,,,,,
245,10.2136/sssaj2005.0129,"Mallarino, A.P. & Borges, R.",Mallarino & Borges,2006,Soil Science Society of America Journal,70(2),Phospohorous and potassium distribution in soil following long-term deep-band fertilization in different tillage systems,702-707,LWA,3/28/2019,,,,,,,,,,,,,,,
246,10.2136/sssaj2005.0249,"McVay, K.A., Budde, J.A., Fabrizzi, K., Mikha, M.M., Rice, C.W., Schlegel, A.J., Peterson, D.E., Sweeney, D.W., & Thompson, C.",McVay et al.,2006,Soil Science Society of America Journal,70,Management effects on soil physical properties in long-term tillage studies in Kansas,434-438,LWA,3/28/2019,,,,,,,,,,,,,,,
247,10.2136/sssaj2005.0083,"Omonode, R.A., Gal, A., Stott, D.E., Abney, T.S., & Vyn, T.J.",Omonode et al.,2006,Soil Science Society of America Journal,70,Short-term versus continuous chisel and no-till effects on soil carbon and nitrogen,419-425,LWA,3/28/2019,,,,,,,,,,,,,,,
248,10.2134/agronj2005.0177,"Kwaw-Mensah, D. & Al-Kaisi, M.",Kwaw-Mensah & Al-Kaisi,2006,Agronomy Journal,98,Tillage and nitrogen source and rate effects on corn response in corn-soybean rotation,507-513,LWA,3/29/2019,,,,,,,,,,,,,,,
249,10.1201/9781420032291.ch8,"Reicosky, D.C.",Reicosky,2002,Agricultural practices and polices for carbon sequestration in soil (book),,Long-term effect of moldboar plowing on tillage-induced CO2 loss,87-97,LWA,3/29/2019,,,,,,,,,,,,,,,
250,10.1016/j.still.2005.04.013,"Wairiu, M. & Lal, R.",Wairiu & Lal,2006,Soil & Tillage Research,88,"Tillage and land use effects on soil microporosity in Ohio, USA and Kolombangara, Solomon Islands",80-84,LWA,3/29/2019,,,,,,,,,,,,,,,
251,10.2134/jeq2005.0183,"Parkin, T.B. & Kaspar, T.C.",Parkin & Kaspar,2006,Journal of Environmental Quality,35,Nitrous oxide emissions from corn-soybean systems in Midwest,1496-1506,LWA,3/29/2019,,,,,,,,,,,,,,,
252,10.1890/1051-0761(2006)016[1619:PETCOS]2.0.CO;2,"Costamagna, A.C. & Landis, D.A.",Costamagna & Landis,2006,Ecological Applications,16(4),Predators exert top-down control of soybean aphid across a gradient of agricultural management systems,1619-1628,LWA,3/29/2019,,,,,,,,,,,,,,,
253,10.1016/j.still.2005.07.015,"Dolan, M.S., Clapp, C.E., Allmaras, R.R., Baker, J.M., & Molina, J.A.E.",Dolan et al.,2006,Soil & Tillage Research,89,"Soil organic carbon and nitrogen in a Minnesota soil as related to tillage, residue and nitrogen management",221-231,LWA,4/1/2019,,,,,,,,,,,,,,,
254,10.1016/j.still.2006.07.004,"Reicosky, D.C. & Archer, D.W.",Reicosky & Archer,2007,Soil & Tillage Research,94,Moldboard plow tillage depth and short-term carbon dioxide release,109-121,LWA,4/1/2019,,,,,,,,,,,,,,,
255,10.13031/2013.23633,"Bakhsh, A. & Kanwar, R.S.",Bakhs & Kanwar,2007,Transactions of the ASABE,50(4),Tillage and N application rates affect on corn and soybean yields and NO3-N leaching losses,1189-1198,LWA,4/1/2019,,,,,,,,,,,,,,,
256,Unavailable,"Chen, S. & Liu, S.",Chen & Liu,2007,Nematropica,37,Effects of tillage and crop sequence on parasitism of Heterodera glycines juveniles by Hirsutella Spp. and on juvenile population density,93-106,LWA,4/2/2019,,,,,,,,,,,,,,,
257,10.2134/agronj2006.0261,"Garcia, J.P., Wortmann, C.S., Mamo, M., Drijber, R., & Tarkalson, D.",Garcia et al.,2007,Agronomy Journal,99(4),"One-time tillage of no-till: Effects on nutrients, mycorrhizae, and phosphorous uptake",1093-1103,LWA,4/3/2019,,,,,,,,,,,,,,,
258,10.1094/ PDIS-91-8-0973,"Gavassoni, W.L., Tylka, G.L., & Munkvold, G.P.",Gavassoni et al.,2007,Plant Disease,91,Effects of tillage practices on dissemination and spatial patterns of Heterodera glycines and soybean yield,973-978,LWA,4/3/2019,,,,,,,,,,,,,,,
259,10.1016/j.still.2006.12.004,"Omonode, R.A., Vyn, T.J., Smith, D.R., Hegymegi, P., & Gal, A.",Omonode et al.,2007,Soil & Tillage Research,95,Soil carbon dioxide and methane fluxed from long-term tillage systems in continuous corn and corn-soybean rotations,182-195,LWA,4/3/2019,,,,,,,,,,,,,,,
260,10.1016/j.still.2007.02.007,"Gal, A., Vyn, T.J., Micheli, E., Kladivko, E.J., & McFee, W.W.",Gal et al.,2007,Soil & Tillage Research,96,Soil carbon and nitrogen accumulation with long-term no-till versus moldboard plowing overestimated with tilled-zone sampling depths,42-51,LWA,4/4/2019,,,,,,,,,,,,,,,
261,10.2134/agronj2007.0012,"Al-Kaisi, M. & Kwaw-Mensah. D.",Al-Kaisi & Kwaw-Mensah,2007,Agronomy Journal,99,Effect of tillage and nitrogen rate on corn yield and nitrogen and phosphorous uptake in a corn-soybean rotation,1548-1558,LWA,4/4/2019,,,,,,,,,,,,,,,
262,10.2134/agronj2006.0364,"Archer, D.W., Jaradat, A.A., Johnson, J.M-F., Weyers, S.L., Gesch, R.W. Forcella, F., & Kludze, H.K.",Archer et al.,2007,Agronomy Journal,99(6),Crop productivity and economics during the transition to alternative cropping system,1538-1547,LWA,4/4/2019,,,,,,,,,,,,,,,
263,10.1080/01904160802403102,"Viswakumar, A., Mullen, R.W., Sundermeiter, A., & Dygert, C.E.",Viswakumar et al.,2008,Journal of Plant Nutrition,31(11),Tillage and nitrogen application methodology impacts on corn grain yield,1963-1974,LWA,4/4/2019,,,,,,,,,,,,,,,
264,10.2136/sssaj2007.0233,"Blanco-Canqui, H. & Lal, R.",Blanco-Canqui & Lal,2008,Soil Science Society of America Journal,72,No-tillage and soil-profile carbon sequestration: An on-farm assessment,693-701,LWA,4/4/2019,,,,,,,,,,,,,,,
265,10.2134/jeq2007.0392,"Dolliver, H. & Gupta, S.",Dolliver & Gupta,2008,Journal of Environmental Quality,37,Antiobiotic losses in leaching and surface runoff from manure-amended agricultural land,1227-1237,LWA,4/8/2019,,,,,,,,,,,,,,,
266,10.1016/j.still.2008.04.012,"Abid, M. & Lal, R.",Abid & Lal,2008,Soil & Tillage Research,100,"Tillage and drainage impact on soil quality I. Aggregate stability, carbon and nitrogen pools",89-98,LWA,4/8/2019,,,,,,,,,,,,,,,
267,10.13031/2013.25954,"Lamm, F.R., Aiken, R.M., & Abou Kheira, A.A.",Lamm et al.,2009,Transactions of the ASABE,52(1),"Corn yield and water use characteristics as affected by tillage, plant density, and irrigation",133-143,LWA,4/8/2019,,,,,,,,,,,,,,,
268,10.2136/sssaj2007.0336,"Christopher, S.F. , Lal, R., & Mishra, U.",Christopher et al.,2009,Soil Science Society of America Journal,73,Regional study of no-till effects on carbon sequestration in the Midwestern United States,207-216,LWA,4/8/2019,,,,,,,,,,,,,,,
269,10.2136/sssaj2007.0184,"Pikul, Jr., J.L., Carpenter-Boggs, L., Vigil, M., Schumacher, T.E., Lindstrom, M.J., & Riedell, W.E.",Pikul et al.,2009,Soil Science Society of America Journal,73,Organic matter and water stability of field aggregates affected by tillage in South Dakota,197-206,LWA,4/9/2019,,,,,,,,,,,,,,,
270,10.1016/j.still.2008.11.008,"Ussiri, D.A.N. & Lal, R.",Ussiri & Lal,2009,Soil & Tillage Research,104,Long-term tillage effects on soil carbon storage and carbon dioxide emissions in continuous corn cropping system from an alfisol in Ohio,39-47,LWA,4/9/2019,,,,,,,,,,,,,,,
271,10.1016/j.still.2009.03.006,"Chatterjee, A. & Lal, R.",Chatterjee & Lal,2009,Soil & Tillage Research,104,On farm assessment of tillage impact on soil carbon and associated soil quality parameters,270-277,LWA,4/9/2019,,,,,,,,,,,,,,,
272,10.1016/j.still.2009.03.001,"Ussiri, D.A.N., Lal, R., & Jarecki, M.K.",Ussiri et al.,2009,Soil & Tillage Research,104,Nitrous oxide and methane emissions from long-term tillage under a continuous corn cropping system in Ohio,247-255,LWA,4/9/2019,,,,,,,,,,,,,,,
273,10.1016/j.geoderma.2008.11.036,"Blanco-Canqui, H. & Lal, R.",Blanco-Canqui & Lal,2009,Geoderma,149,Extent of soil water repellency under long-term no-till soils,171-180,LWA,4/10/2019,,,,,,,,,,,,,,,
274,10.1016/j.still.2008.11.004,"Abid, M. & Lal, R.",Abid & Lal,2009,Soil & Tillage Research,103,"Tillage and drainage impact on soil quality II. Tensile strength of aggregates, moisture retention and water infiltration",364-372,LWA,4/10/2019,,,,,,,,,,,,,,,
275,10.1016/j.still.2010.02.005,"Mishra, U., Ussiri, D.A.N., & Lal, Rattan",Mishra et al.,2010,Soil & Tillage Research,107,Tillage effects on soil organic storage and dynamics in Corn Belt of Ohio USA,88-96,LWA,4/11/2019,,,,,,,,,,,,,,,
276,10.2136/sssaj2009.0362,"Varvel, G.E. & Wilhelm, W.W.",Varvel & Wilhelm,2010,Soil Science Society of America Journal,74(3),Long-term soil organic carbon as affected by tillage and cropping systems,915-921,LWA,4/11/2019,,,,,,,,,,,,,,,
277,10.5433/1679-0359.2011v32n3p983,"Holanda, F.S.R., Pedrotti, A., Mengel, D.B., de Carvalho, J.G., da Silva, T.O., & Mello, Jr., A.V.",Holanda et al.,2011,Semina: Ciências Agrárias,32(3),Contribution of tillage systems on the organic matter of Gley soil and the productivity of corn and soybean,983-993,LWA,4/12/2019,,,,,,,,,,,,,,,
278,10.2136/sssaj2009.0147,"Omonode, R.A., Smith, D.R., Gal, A., & Vyn, T.J.",Omonode et al.,2011,Soil Science Society of America Journal,75(1),Soil nitrous oxide emissions in corn following three decades of tillage and rotation treatments,152-163,LWA,4/12/2019,,,,,,,,,,,,,,,
279,10.1017/S0014479710000979,"Fathelrahman, E.M., Ascough II, J.C., Hoag, D.L., Malone, R.W., & Heilman, P.",Fathelrahman et al.,2011,Experimental Agriculture,47,Economic and stochastic efficiency comparison of experimental systems in corn and soybean under risk,111-136,LWA,4/15/2019,,,,,,,,,,,,,,,
280,10.1016/j.still.2010.11.003,"Houx III, J.H., Weibold, W.J., & Fritschi, F.B.",Houx et al.,2011,Soil & Tillage Research,112,Long-term tillage and crop rotation determines the mineral nutrient distributions of some elements in a Vertic Epiaqualf,27-35,LWA,4/15/2019,,,,,,,,,,,,,,,
281,10.1016/j.still.2011.03.005,"Varvel, G.E. & Wilhelm, W.W.",Varvel & Wilhelm,2011,Soil & Tillage Research,114,No-tillage increases soil profile carbon and nitrogen under long-term rainfed cropping systems,28-36,LWA,4/16/2019,,,,,,,,,,,,,,,
282,10.2134/jeq2011.0039,"Venterea, R.T., Maharjan, B., & Dolan, M.S.",Venterea et al.,2011,Journal of Environmental Quality,40,Fertilizer source and tillage effects on yield-scaled nitrous oxide emissions in a corn cropping system,1521-1531,LWA,4/16/2019,,,,,,,,,,,,,,,
283,10.1039/c1em10120j,"Nila Rekha, P., Kanwar, R.S., Nayak, A.K., Hoang, C.K., & Pederson, C.H.",Nila Rekha et al.,2011,Journal of Environmental Monitoring,13,Nitrate leaching to shallow groundwater systems from agricultural fields with different management practices,2550-2558,LWA,4/16/2019,,,,,,,,,,,,,,,
284,10.2136/sssaj2010.0334,"Sundermeier, A.P., Islam, K.R., Raut, Y., Reeder, R.C., & Dick, W.A.",Sundermeier et al.,2011,Soil Science Society of America Journal,75(5),Continuous no-till impacts on soil biophysical carbon sequestration,1779-1788,LWA,4/16/2019,,,,,,,,,,,,,,,
285,10.2134/agronj2011.0043,"Conley, S.P., Gaska, J.M., Pederson, P., & Esker, P.",Conley et al.,2011,Agronomy Journal,103,"Soybean yield and Heterodera glycines response to rotation, tillage, and genetic resistance",1604-1609,LWA,4/16/2019,,,,,,,,,,,,,,,
286,10.2136/sssaj2012.0098,"Kumar, S., Kadono, A., Lal, R., & Dick, W.",Kumar et al.,2012,Soil Science Society of America Journal,76,Long-term tillage and crop rotations for 47–49 years influences hydrological properties of two soils in Ohio,2195-2207,LWA,4/26/2019,,,,,,,,,,,,,,,
287,10.1016/j.still.2013.01.004,"Al-Kaisi, M.M. & Guzman, J.G.",Al-Kaisi & Guzman,2013,Soil & Tillage Research,129,Effects of tillage and nitrogen rate on decomposition of transgenic Bt and near-isogenic non-Bt maize residue,32-39,LWA,4/26/2019,,,,,,,,,,,,,,,
288,10.1016/j.agee.2013.03.014,"Datta, 2013","Datta, A., Smith, P., & Lal, R.",2013,"Agriculture, Ecosystems and Environment",171,Effects of long-term tillage and drainage treatments on greenhouse gas fluxes from a corn field during the fallow period,112-123,LWA,4/26/2019,,,,,,,,,,,,,,,
289,10.1016/j.agee.2013.02.003,"Karlen, D.L., Kovar, J.L., Cambardella, C.A., & Colvin, T.S.",Karlen et al.,2013,Soil & Tillage Research,130,Thirty-year tillage effects on crop yield and soil fertility indicators,24-41,LWA,4/29/2019,,,,,,,,,,,,,,,
290,10.1016/j.still.2013.05.013,"Karlen, D.L., Cambardella, C.A., Kovar, J.L., & Colvin, T.S.",Karlen et al.,2013,Soil & Tillage Research,13,Soil quality response to long-term tillage and crop rotation practices,54-64,LWA,4/29/2019,,,,,,,,,,,,,,,
291,10.2134/agronj2013.0181,"Sindelar, A.J., Coulter, J.A., Lamb, J.A., & Vetsch, J.A.",Sindelar et al.,2013,Agronomy Journal,105,"Agronomic responses of continuous corn to stover, tillage, and nitrogen management",1498-1506,LWA,4/30/2019,,,,,,,,,,,,,,,
292,10.1080/0038768.2013.878643,"Kumar, S., Nakajima, T., Mbonimpa, E.G., Gautam, S., Somireddy, U.R., Kadono, A., Lal, R., Chintala, R., Rafique, R., & Fausey, N.",Kumar et al.,2014,Soil Science and Plant Nutrition,60,"Long-term tillage and drainage influences on soil organic carbon dynamics, aggregate stability and corn yield",108-118,LWA,4/30/2019,,,,,,,,,,,,,,,
293,10.1007/s00374-013-0866-7,"Jacinthe, P.A., Dick, W.A., Lal, R., Shrestha, R.K., & Bilen, S.",Jacinthe et al.,2014,Biology and Fertility of Soils,50,Effects of no-till duration on the methane oxidation capacity of Alfisols,477-486,LWA,4/30/2019,,,,,,,,,,,,,,,
294,10.2134/jeq2013.10.0431,"Blanco-Canqui, H., Ferguson, R.B., Shapiro, C.A., Drijber, R.A., & Walters, D.T.",Blanco-Canqui et al.,2014,Journal of Environmental Quality,43,Does inorganic nitrogen fertilization improve soil aggregation? Insights from two long-term tillage experiments,995-1003,LWA,5/1/2019,,,,,,,,,,,,,,,
295,10.2489/jswc.69.9.574,"Al-Kaisi, M.M., Douelle, A., & Dwaw-Mensah, D.",Al-Kaisi et al.,2014,Journal of Soil and Water Conservation,69(6),Soil microaggregate and macroaggregate decay over time and soil carbon change as influenced by different tillage systems,574-580,LWA,5/2/2019,,,,,,,,,,,,,,,
296,10.2489/jswc.69.9.574,"Kumar, S., Nakajima, T., Kadona, A., Lal, R., & Fausey, N.",Kumar et al.,2014,Journal of Soil and Water Conservation,69(6),Long-term tillage and drainage influences on greenhouse gas fluxes from a poorly drained soil of central Ohio,553-563,LWA,5/2/2019,,,,,,,,,,,,,,,
297,10.2489/jswc.69.9.543,"Campbell, B., Chen, L., Dygert, C., & Dick, W.",Campbell et al.,2014,Journal of Soil and Water Conservation,69(6),Tillage and crop rotation impacts on greenhouse gas fluxes from soil at two long-term agronomic experimental sites in Ohio,543-552,LWA,5/3/2019,,,,,,,,,,,,,,,
298,10.1111/ejss.12205,"Beniston, J.W., Shipitalo, M.J., Lal, R., Dayton, E.A., Hopkins, D.W., Jones, F., Joynes, A., Dungait, J.A.J.",Beniston et al.,2015,European Journal of Soil Science,66,Carbon and macronutrient losses during accelerated erosion under different tillage and residue management,218-225,LWA,5/3/2019,,,,,,,,,,,,,,,
299,10.2136/sssaj2014.08.0337,"Sindelar, A.J., Lamb, J.A., & Coulter, J.A.",Sindelar et al.,2015,Soil Science Society of America Journal,79,"Short-term stover, tillage, and nitrogen management affect near-surface soil organic matter",251-260,LWA,5/3/2019,,,,,,,,,,,,,,,
300,10.2136/sssaj2014.07.0273,"Kane, D.A., Snapp, S.S., & Davis, A.S.",Kane et al.,2015,Soil Science Society of America Journal,79,"Ridge tillage concentrates potentially mineralizable soil nitrogen, facilitating maize nitrogen uptake",81-88,LWA,5/3/2019,,,,,,,,,,,,,,,
301,Unavailable,"Aziz, I., Bangash, N., Mahmood, T., & Islam, K.R.",Aziz et al.,2015,Pakistan Journal of Botany,47(1),Impact of no-till and conventional tillage practices on soil chemical properties,297-303,LWA,5/6/2019,,,,,,,,,,,,,,,
302,10.1016/j.apsoil.2015.01.007,"Tenesaca, C.G. & Al-Kaisi, M.M.",Tenesaca & Al-Kaisi,2015,Applied Soil Ecology,89,In-field management of corn cob and residue mix: Effect on soil greenhouse gas emissions,59-68,LWA,5/6/2019,,,,,,,,,,,,,,,
303,10.2134/agronj14.0535,"Sindelar, A.J., Coulter, J.A., Lamb, J.A., & Vetsch, J.A.",Sindelar et al.,2015,Agronomy Journal,107(3),"Nitrogen, stover, and tillage management affect nitrogen use efficiency in continuous corn",843-850,LWA,5/6/2019,,,,,,,,,,,,,,,
304,10.2134/agronj14.0470,"Al-Kaisi, M.M., Archontoulis, S.V., Kwaw-Mensah, D., & Miguez, F.",Al-Kaisi et al.,2015,Agronomy Journal,107(4),Tillage and crop rotation effects on corn agronomic response and economic return at seven Iowa locations,1411-1424,LWA,5/7/2019,,,,,,,,,,,,,,,
305,10.2136/sssaj2015.01.0039,"Pantoja, J.L, Woli, K.P., Sawyer, J.E., Barker, D.W., & Al-Kaisi, M.",Pantoja et al.,2015,Soil Science Society of America Journal,79(4),Stover harvest and tillage system effects on corn response to fertilizer nitrogen,1249-1260,LWA,5/8/2019,,,,,,,,,,,,,,,
306,10.1016/j.still.2015.03.005,"Villamil, M.B., Little, J., & Nafziger, E.D.",Villamil et al.,2015,Soil & Tillage Research,151,"Corn residue, tillage, and nitrogen rate effects on soil properties",61-66,LWA,5/8/2019,,,,,,,,,,,,,,,
307,10.1016/j.geoderma.2015.04.002,"Villamil, M.B. & Nafziger, E.D.",Villamil & Nafziger,2015,Geoderma,253-254,"Corn residue, tillage, and nitrogen rate effects on soil carbon and nutrient stocks in Illinois",61-66,LWA,5/8/2019,,,,,,,,,,,,,,,
308,10.1007/s12155-015-9586-1,"Sindelar, A.J., Lamb, J.A., Coulter, J.A., Sheaffer, C.C., & Vetsch, J.A.",Sindelar et al.,2015,Bioenergy Research,8(3),"Nitrogen and tillage management affect corn cellulosic yield composition, and ethanol potential",1284-1291,LWA,5/8/2019,,,,,,,,,,,,,,,
309,10.2134/agronj15.0085,"Sindelar, A.J., Schmer, M.R., Jin, V.L., Wienhold, B.J., & Varvel, G.E.",Sindelar et al.,2015,Agronomy Journal,107,Long-term corn and soybean response to crop rotation and tillage,2241-2252,LWA,5/9/2019,,,,,,,,,,,,,,,
310,10.1016/j.still.2015.06.015,"Negassa, W., Price, R.F., Basir, A., Snapp, S.S., & Kravchenko, A.",Negassa et al.,2015,Soil & Tillage Research,154,Cover crop and tillage systems effect on soil CO2 and N2O fluxes in contrasting topographic positions,64-74,LWA,5/9/2019,,,,,,,,,,,,,,,
311,10.1016/S0167-1987(97)00041-X,"Varsa, E.C., Chong, S.K., Abolaji, D.A., Farquhar, D.A., & Olsen, F.J.",Varsa et al.,1997,Soil & Tillage Research,43,Effect of deep tillage on soil physical characteristics and corn (Zea mays L.) root growth and production,219-228,LWA,5/10/2019,,,,,,,,,,,,,,,
312,10.1016/j.still.2015.05.006,"Kibet, L.C., Blanco-Canqui, H., & Jasa, P.",Kibet et al.,2016,Soil & Tillage Research,155,Long-term tillage impacts on soil organic carbon components and related properties on a Typic Argiudoll,78-84,LWA,5/10/2019,,,,,,,,,,,,,,,
313,10.2134/agronj2015.0331,"Marburger, D.A., Mourtzinis, S., Gaska, J.M., & Conley, S.P.",Marburger et al.,2016,Agronomy Journal,108,Do crop rotation and tillage influence soybean seed-applied inoculant decisions?,402-406,LWA,5/10/2019,,,,,,,,,,,,,,,
314,10.1016/j.still.2013.09.003,"Nakajima, T. & Lal, R.",Nakajima & Lal,2014,Soil & Tillage Research,135,Tillage and drainage management effect on soil gas diffusivity,71-78,LWA,5/13/2019,,,,,,,,,,,,,,,
315,10.1515/intag-2015-0030,"Haruna, S.I. & Nkongolo, N.V.",Haruna & Nkongolo,2015,International Agrophysics,29,"Effects of tillage, rotation and cover crop on the physical properties of a silt-loam soil",137-145,LWA,5/13/2019,,,,,,,,,,,,,,,
316,10.1080/00103624.2016.1194993,"Liu, M., Ussiri, D.A.N., & Lal, R.",Liu et al.,2016,Communications in Soil Science and Plant Analysis,47(12),Soil organic carbon and nitrogen fractions under different land uses and tillage,1528-1541,LWA,5/13/2019,,,,,,,,,,,,,,,
317,10.2134/agronj2015.0363,"Al-Kaisi, M.M., Archontoulis, S., & Kwaw-Mensah, D.",Al-Kaisi et al.,2016,Agronomy Journal,108,Soybean spatiotemporal yield and economic variability as affected by tillage and crop rotation,14-Jan,LWA,5/13/2019,,,,,,,,,,,,,,,
318,10.1111/gcb.12216,"Ruan, L. & Robertson, G.P.",Ruan & Robertson,2013,Global Change Biology,19,"Initial nitrous oxide, carbon dioxide, and methane costs of converting conservation reserve program grassland to row crops under no-till vs. convetional tillage",2478-2489,LWA,5/13/2019,,,,,,,,,,,,,,,
319,10.1614/WT-D-16-00061.1,"Farmer, J.A., Bradley, K.W., Young, B.G., Steckel, L.E., Johnson, W.G., Norsworthy, J.K., Davis, V.M., & Loux, M.M.",Farmer et al.,2017,Weed Technology,31,Influence of tillage method on management of Amaranthus species in soybean,20-Oct,LWA,5/14/2019,,,,,,,,,,,,,,,
320,10.1080/01904167.2016.1264594,"Karbo, A., Woodard, H.J., & Bly, A.",Karbo et al.,2017,Journal of Plant Nutrition,40(8),Crop production impacts on soil phosphorous removal and soil test levels,1172-1179,LWA,5/15/2019,,,,,,,,,,,,,,,
321,10.2134/agronj2016.09.0507,"Lowry, C. & Brainard, D.C.",Lowry & Brainard,2017,Agronomy Journal,109(3),Rye-vetch spatial arrangement and tillage: Impacts on soil nitrogen and sweet corn roots,1013-1023,LWA,5/15/2019,,,,,,,,,,,,,,,
322,10.2135/cropsci2016.09.0792,"Mourtzinis, S., Marburger, D., Gaska, J., Diallo, T., Lauer, J., Conley, S.",Mourtzinis et al.,2017,Crop Science,57,"Corn and soybean yield response to rillage, rotation, and nematicide seed treatment",9-Jan,LWA,5/15/2019,,,,,,,,,,,,,,,
323,10.1111/gcb.13637,"Jin, V.L., Schmer, M.R., Stewart, C.E., Sindelar, A.J., & Varvel, G.E.",Jin et al.,2017,Global Change Biology,23(7),Long-term no-till and stover retention each decrease the global warming potential of irrigated continuous corn,2848-2862,LWA,5/15/2019,,,,,,,,,,,,,,,
324,10.2136/sssaj2016.14.0121,"Alhameid, A., Ibrahim, M., Kumar, S., Sexton, P., & Schumacher, T.E.",Alhameid et al.,2017,Soil Science Society of America Journal,81(4),"Soil organic carbon changes impacted by crop rotation diversity under no-till farming in South Dakota, USA",868-877,LWA,5/15/2019,,,,,,,,,,,,,,,
325,10.1016/j.still.2017.03.001,"Blanco-Canqui, H., Wienhold, B.J., Jin, V.L., Schmer, M.R., & Leonard, C.K.",Blanco-Canqui et al.,2017,Soil & Tillage Research,170,Long-term tillage impact on soil hydraulic properties,38-42,LWA,5/16/2019,,,,,,,,,,,,,,,
326,10.2136/sssaj1998.03615995006200060031x,"Wander, M.M., Bidart, M.G., & Aref, S.",Wander et al.,1998,Soil Science Society of America Journal,62,Tillage impacts on depth distribution of total and particulate organic matter in three Illinois Soils,1704-1711,LWA,5/16/2019,,,,,,,,,,,,,,,
,,,,,,,,,,,,,,,,,,,,,,,,,
,,,,,,,,,,,,,,,,,,,,,,,,,
,,,,,,,,,,,,,,,,,,,,,,,,,
,,,,,,,,,,,,,,,,,,,,,,,,,
,,,,,,,,,,,,,,,,,,,,,,,,,
,,,,,,,,,,,,,,,,,,,,,,,,,
,,,,,,,,,,,,,,,,,,,,,,,,,
,,,,,,,,,,,,,,,,,,,,,,,,,
,,,,,,,,,,,,,,,,,,,,,,,,,
,,,,,,,,,,,,,,,,,,,,,,,,,
,,,,,,,,,,,,,,,,,,,,,,,,,
,,,,,,,,,,,,,,,,,,,,,,,,,
,,,,,,,,,,,,,,,,,,,,,,,,,
,,,,,,,,,,,,,,,,,,,,,,,,,
,,,,,,,,,,,,,,,,,,,,,,,,,
,,,,,,,,,,,,,,,,,,,,,,,,,
,,,,,,,,,,,,,,,,,,,,,,,,,
,,,,,,,,,,,,,,,,,,,,,,,,,
,,,,,,,,,,,,,,,,,,,,,,,,,
,,,,,,,,,,,,,,,,,,,,,,,,,
,,,,,,,,,,,,,,,,,,,,,,,,,
,,,,,,,,,,,,,,,,,,,,,,,,,
,,,,,,,,,,,,,,,,,,,,,,,,,
,,,,,,,,,,,,,,,,,,,,,,,,,
,,,,,,,,,,,,,,,,,,,,,,,,,
,,,,,,,,,,,,,,,,,,,,,,,,,
,,,,,,,,,,,,,,,,,,,,,,,,,
,,,,,,,,,,,,,,,,,,,,,,,,,
,,,,,,,,,,,,,,,,,,,,,,,,,
,,,,,,,,,,,,,,,,,,,,,,,,,
,,,,,,,,,,,,,,,,,,,,,,,,,
,,,,,,,,,,,,,,,,,,,,,,,,,
,,,,,,,,,,,,,,,,,,,,,,,,,
,,,,,,,,,,,,,,,,,,,,,,,,,
,,,,,,,,,,,,,,,,,,,,,,,,,
,,,,,,,,,,,,,,,,,,,,,,,,,
,,,,,,,,,,,,,,,,,,,,,,,,,
,,,,,,,,,,,,,,,,,,,,,,,,,
,,,,,,,,,,,,,,,,,,,,,,,,,
,,,,,,,,,,,,,,,,,,,,,,,,,
,,,,,,,,,,,,,,,,,,,,,,,,,
,,,,,,,,,,,,,,,,,,,,,,,,,
,,,,,,,,,,,,,,,,,,,,,,,,,
,,,,,,,,,,,,,,,,,,,,,,,,,
,,,,,,,,,,,,,,,,,,,,,,,,,
,,,,,,,,,,,,,,,,,,,,,,,,,
,,,,,,,,,,,,,,,,,,,,,,,,,
,,,,,,,,,,,,,,,,,,,,,,,,,
,,,,,,,,,,,,,,,,,,,,,,,,,
,,,,,,,,,,,,,,,,,,,,,,,,,
,,,,,,,,,,,,,,,,,,,,,,,,,
,,,,,,,,,,,,,,,,,,,,,,,,,
,,,,,,,,,,,,,,,,,,,,,,,,,
,,,,,,,,,,,,,,,,,,,,,,,,,
,,,,,,,,,,,,,,,,,,,,,,,,,
,,,,,,,,,,,,,,,,,,,,,,,,,
,,,,,,,,,,,,,,,,,,,,,,,,,
,,,,,,,,,,,,,,,,,,,,,,,,,
,,,,,,,,,,,,,,,,,,,,,,,,,
,,,,,,,,,,,,,,,,,,,,,,,,,
,,,,,,,,,,,,,,,,,,,,,,,,,
,,,,,,,,,,,,,,,,,,,,,,,,,
,,,,,,,,,,,,,,,,,,,,,,,,,
,,,,,,,,,,,,,,,,,,,,,,,,,
,,,,,,,,,,,,,,,,,,,,,,,,,
,,,,,,,,,,,,,,,,,,,,,,,,,
,,,,,,,,,,,,,,,,,,,,,,,,,
,,,,,,,,,,,,,,,,,,,,,,,,,
,,,,,,,,,,,,,,,,,,,,,,,,,
,,,,,,,,,,,,,,,,,,,,,,,,,
,,,,,,,,,,,,,,,,,,,,,,,,,
,,,,,,,,,,,,,,,,,,,,,,,,,
,,,,,,,,,,,,,,,,,,,,,,,,,
,,,,,,,,,,,,,,,,,,,,,,,,,
,,,,,,,,,,,,,,,,,,,,,,,,,
,,,,,,,,,,,,,,,,,,,,,,,,,
,,,,,,,,,,,,,,,,,,,,,,,,,
,,,,,,,,,,,,,,,,,,,,,,,,,
,,,,,,,,,,,,,,,,,,,,,,,,,
,,,,,,,,,,,,,,,,,,,,,,,,,
,,,,,,,,,,,,,,,,,,,,,,,,,
,,,,,,,,,,,,,,,,,,,,,,,,,
,,,,,,,,,,,,,,,,,,,,,,,,,
,,,,,,,,,,,,,,,,,,,,,,,,,
,,,,,,,,,,,,,,,,,,,,,,,,,
,,,,,,,,,,,,,,,,,,,,,,,,,
,,,,,,,,,,,,,,,,,,,,,,,,,
,,,,,,,,,,,,,,,,,,,,,,,,,
,,,,,,,,,,,,,,,,,,,,,,,,,
,,,,,,,,,,,,,,,,,,,,,,,,,
,,,,,,,,,,,,,,,,,,,,,,,,,
,,,,,,,,,,,,,,,,,,,,,,,,,
,,,,,,,,,,,,,,,,,,,,,,,,,
,,,,,,,,,,,,,,,,,,,,,,,,,
,,,,,,,,,,,,,,,,,,,,,,,,,
,,,,,,,,,,,,,,,,,,,,,,,,,
,,,,,,,,,,,,,,,,,,,,,,,,,
,,,,,,,,,,,,,,,,,,,,,,,,,
,,,,,,,,,,,,,,,,,,,,,,,,,
,,,,,,,,,,,,,,,,,,,,,,,,,
,,,,,,,,,,,,,,,,,,,,,,,,,
,,,,,,,,,,,,,,,,,,,,,,,,,
,,,,,,,,,,,,,,,,,,,,,,,,,
,,,,,,,,,,,,,,,,,,,,,,,,,
,,,,,,,,,,,,,,,,,,,,,,,,,
,,,,,,,,,,,,,,,,,,,,,,,,,
,,,,,,,,,,,,,,,,,,,,,,,,,
,,,,,,,,,,,,,,,,,,,,,,,,,
,,,,,,,,,,,,,,,,,,,,,,,,,
,,,,,,,,,,,,,,,,,,,,,,,,,
,,,,,,,,,,,,,,,,,,,,,,,,,
,,,,,,,,,,,,,,,,,,,,,,,,,
,,,,,,,,,,,,,,,,,,,,,,,,,
,,,,,,,,,,,,,,,,,,,,,,,,,
,,,,,,,,,,,,,,,,,,,,,,,,,
,,,,,,,,,,,,,,,,,,,,,,,,,
,,,,,,,,,,,,,,,,,,,,,,,,,
,,,,,,,,,,,,,,,,,,,,,,,,,
,,,,,,,,,,,,,,,,,,,,,,,,,
,,,,,,,,,,,,,,,,,,,,,,,,,
,,,,,,,,,,,,,,,,,,,,,,,,,
,,,,,,,,,,,,,,,,,,,,,,,,,
,,,,,,,,,,,,,,,,,,,,,,,,,
,,,,,,,,,,,,,,,,,,,,,,,,,
,,,,,,,,,,,,,,,,,,,,,,,,,
,,,,,,,,,,,,,,,,,,,,,,,,,
,,,,,,,,,,,,,,,,,,,,,,,,,
,,,,,,,,,,,,,,,,,,,,,,,,,
,,,,,,,,,,,,,,,,,,,,,,,,,
,,,,,,,,,,,,,,,,,,,,,,,,,
,,,,,,,,,,,,,,,,,,,,,,,,,
,,,,,,,,,,,,,,,,,,,,,,,,,
,,,,,,,,,,,,,,,,,,,,,,,,,
,,,,,,,,,,,,,,,,,,,,,,,,,
,,,,,,,,,,,,,,,,,,,,,,,,,
,,,,,,,,,,,,,,,,,,,,,,,,,
,,,,,,,,,,,,,,,,,,,,,,,,,
,,,,,,,,,,,,,,,,,,,,,,,,,
,,,,,,,,,,,,,,,,,,,,,,,,,
,,,,,,,,,,,,,,,,,,,,,,,,,
,,,,,,,,,,,,,,,,,,,,,,,,,
,,,,,,,,,,,,,,,,,,,,,,,,,
,,,,,,,,,,,,,,,,,,,,,,,,,
,,,,,,,,,,,,,,,,,,,,,,,,,
,,,,,,,,,,,,,,,,,,,,,,,,,
,,,,,,,,,,,,,,,,,,,,,,,,,
,,,,,,,,,,,,,,,,,,,,,,,,,
,,,,,,,,,,,,,,,,,,,,,,,,,
,,,,,,,,,,,,,,,,,,,,,,,,,
,,,,,,,,,,,,,,,,,,,,,,,,,
,,,,,,,,,,,,,,,,,,,,,,,,,
,,,,,,,,,,,,,,,,,,,,,,,,,
,,,,,,,,,,,,,,,,,,,,,,,,,
,,,,,,,,,,,,,,,,,,,,,,,,,
,,,,,,,,,,,,,,,,,,,,,,,,,
,,,,,,,,,,,,,,,,,,,,,,,,,
,,,,,,,,,,,,,,,,,,,,,,,,,
,,,,,,,,,,,,,,,,,,,,,,,,,
,,,,,,,,,,,,,,,,,,,,,,,,,
,,,,,,,,,,,,,,,,,,,,,,,,,
,,,,,,,,,,,,,,,,,,,,,,,,,
,,,,,,,,,,,,,,,,,,,,,,,,,
,,,,,,,,,,,,,,,,,,,,,,,,,
,,,,,,,,,,,,,,,,,,,,,,,,,
,,,,,,,,,,,,,,,,,,,,,,,,,
,,,,,,,,,,,,,,,,,,,,,,,,,
,,,,,,,,,,,,,,,,,,,,,,,,,
,,,,,,,,,,,,,,,,,,,,,,,,,
,,,,,,,,,,,,,,,,,,,,,,,,,
,,,,,,,,,,,,,,,,,,,,,,,,,
,,,,,,,,,,,,,,,,,,,,,,,,,
,,,,,,,,,,,,,,,,,,,,,,,,,
,,,,,,,,,,,,,,,,,,,,,,,,,
,,,,,,,,,,,,,,,,,,,,,,,,,
,,,,,,,,,,,,,,,,,,,,,,,,,
,,,,,,,,,,,,,,,,,,,,,,,,,
,,,,,,,,,,,,,,,,,,,,,,,,,
,,,,,,,,,,,,,,,,,,,,,,,,,
,,,,,,,,,,,,,,,,,,,,,,,,,
,,,,,,,,,,,,,,,,,,,,,,,,,
,,,,,,,,,,,,,,,,,,,,,,,,,
,,,,,,,,,,,,,,,,,,,,,,,,,
,,,,,,,,,,,,,,,,,,,,,,,,,
,,,,,,,,,,,,,,,,,,,,,,,,,
,,,,,,,,,,,,,,,,,,,,,,,,,
,,,,,,,,,,,,,,,,,,,,,,,,,
,,,,,,,,,,,,,,,,,,,,,,,,,
,,,,,,,,,,,,,,,,,,,,,,,,,
,,,,,,,,,,,,,,,,,,,,,,,,,
,,,,,,,,,,,,,,,,,,,,,,,,,
,,,,,,,,,,,,,,,,,,,,,,,,,
,,,,,,,,,,,,,,,,,,,,,,,,,
,,,,,,,,,,,,,,,,,,,,,,,,,
,,,,,,,,,,,,,,,,,,,,,,,,,
,,,,,,,,,,,,,,,,,,,,,,,,,
,,,,,,,,,,,,,,,,,,,,,,,,,
,,,,,,,,,,,,,,,,,,,,,,,,,
,,,,,,,,,,,,,,,,,,,,,,,,,
,,,,,,,,,,,,,,,,,,,,,,,,,
,,,,,,,,,,,,,,,,,,,,,,,,,
,,,,,,,,,,,,,,,,,,,,,,,,,
,,,,,,,,,,,,,,,,,,,,,,,,,
,,,,,,,,,,,,,,,,,,,,,,,,,
,,,,,,,,,,,,,,,,,,,,,,,,,
,,,,,,,,,,,,,,,,,,,,,,,,,
,,,,,,,,,,,,,,,,,,,,,,,,,
,,,,,,,,,,,,,,,,,,,,,,,,,
,,,,,,,,,,,,,,,,,,,,,,,,,
,,,,,,,,,,,,,,,,,,,,,,,,,
,,,,,,,,,,,,,,,,,,,,,,,,,
,,,,,,,,,,,,,,,,,,,,,,,,,
,,,,,,,,,,,,,,,,,,,,,,,,,
,,,,,,,,,,,,,,,,,,,,,,,,,
,,,,,,,,,,,,,,,,,,,,,,,,,
,,,,,,,,,,,,,,,,,,,,,,,,,
,,,,,,,,,,,,,,,,,,,,,,,,,
,,,,,,,,,,,,,,,,,,,,,,,,,
,,,,,,,,,,,,,,,,,,,,,,,,,
,,,,,,,,,,,,,,,,,,,,,,,,,
,,,,,,,,,,,,,,,,,,,,,,,,,
,,,,,,,,,,,,,,,,,,,,,,,,,
,,,,,,,,,,,,,,,,,,,,,,,,,
,,,,,,,,,,,,,,,,,,,,,,,,,
,,,,,,,,,,,,,,,,,,,,,,,,,
,,,,,,,,,,,,,,,,,,,,,,,,,
,,,,,,,,,,,,,,,,,,,,,,,,,
,,,,,,,,,,,,,,,,,,,,,,,,,
,,,,,,,,,,,,,,,,,,,,,,,,,
,,,,,,,,,,,,,,,,,,,,,,,,,
,,,,,,,,,,,,,,,,,,,,,,,,,
,,,,,,,,,,,,,,,,,,,,,,,,,
,,,,,,,,,,,,,,,,,,,,,,,,,
,,,,,,,,,,,,,,,,,,,,,,,,,
,,,,,,,,,,,,,,,,,,,,,,,,,
,,,,,,,,,,,,,,,,,,,,,,,,,
,,,,,,,,,,,,,,,,,,,,,,,,,
,,,,,,,,,,,,,,,,,,,,,,,,,
,,,,,,,,,,,,,,,,,,,,,,,,,
,,,,,,,,,,,,,,,,,,,,,,,,,
,,,,,,,,,,,,,,,,,,,,,,,,,
,,,,,,,,,,,,,,,,,,,,,,,,,
,,,,,,,,,,,,,,,,,,,,,,,,,
,,,,,,,,,,,,,,,,,,,,,,,,,
,,,,,,,,,,,,,,,,,,,,,,,,,
,,,,,,,,,,,,,,,,,,,,,,,,,
,,,,,,,,,,,,,,,,,,,,,,,,,
,,,,,,,,,,,,,,,,,,,,,,,,,
,,,,,,,,,,,,,,,,,,,,,,,,,
,,,,,,,,,,,,,,,,,,,,,,,,,
,,,,,,,,,,,,,,,,,,,,,,,,,
,,,,,,,,,,,,,,,,,,,,,,,,,
,,,,,,,,,,,,,,,,,,,,,,,,,
,,,,,,,,,,,,,,,,,,,,,,,,,
,,,,,,,,,,,,,,,,,,,,,,,,,
,,,,,,,,,,,,,,,,,,,,,,,,,
,,,,,,,,,,,,,,,,,,,,,,,,,
,,,,,,,,,,,,,,,,,,,,,,,,,
,,,,,,,,,,,,,,,,,,,,,,,,,
,,,,,,,,,,,,,,,,,,,,,,,,,
,,,,,,,,,,,,,,,,,,,,,,,,,
,,,,,,,,,,,,,,,,,,,,,,,,,
,,,,,,,,,,,,,,,,,,,,,,,,,
,,,,,,,,,,,,,,,,,,,,,,,,,
,,,,,,,,,,,,,,,,,,,,,,,,,
,,,,,,,,,,,,,,,,,,,,,,,,,
,,,,,,,,,,,,,,,,,,,,,,,,,
,,,,,,,,,,,,,,,,,,,,,,,,,
,,,,,,,,,,,,,,,,,,,,,,,,,
,,,,,,,,,,,,,,,,,,,,,,,,,
,,,,,,,,,,,,,,,,,,,,,,,,,
,,,,,,,,,,,,,,,,,,,,,,,,,
,,,,,,,,,,,,,,,,,,,,,,,,,
,,,,,,,,,,,,,,,,,,,,,,,,,
,,,,,,,,,,,,,,,,,,,,,,,,,
,,,,,,,,,,,,,,,,,,,,,,,,,
,,,,,,,,,,,,,,,,,,,,,,,,,
,,,,,,,,,,,,,,,,,,,,,,,,,
,,,,,,,,,,,,,,,,,,,,,,,,,
,,,,,,,,,,,,,,,,,,,,,,,,,
,,,,,,,,,,,,,,,,,,,,,,,,,
,,,,,,,,,,,,,,,,,,,,,,,,,
,,,,,,,,,,,,,,,,,,,,,,,,,
,,,,,,,,,,,,,,,,,,,,,,,,,
,,,,,,,,,,,,,,,,,,,,,,,,,
,,,,,,,,,,,,,,,,,,,,,,,,,
,,,,,,,,,,,,,,,,,,,,,,,,,
,,,,,,,,,,,,,,,,,,,,,,,,,
,,,,,,,,,,,,,,,,,,,,,,,,,
,,,,,,,,,,,,,,,,,,,,,,,,,
,,,,,,,,,,,,,,,,,,,,,,,,,
,,,,,,,,,,,,,,,,,,,,,,,,,
,,,,,,,,,,,,,,,,,,,,,,,,,
,,,,,,,,,,,,,,,,,,,,,,,,,
,,,,,,,,,,,,,,,,,,,,,,,,,
,,,,,,,,,,,,,,,,,,,,,,,,,
,,,,,,,,,,,,,,,,,,,,,,,,,
,,,,,,,,,,,,,,,,,,,,,,,,,
,,,,,,,,,,,,,,,,,,,,,,,,,
,,,,,,,,,,,,,,,,,,,,,,,,,
,,,,,,,,,,,,,,,,,,,,,,,,,
,,,,,,,,,,,,,,,,,,,,,,,,,
,,,,,,,,,,,,,,,,,,,,,,,,,
,,,,,,,,,,,,,,,,,,,,,,,,,
,,,,,,,,,,,,,,,,,,,,,,,,,
,,,,,,,,,,,,,,,,,,,,,,,,,
,,,,,,,,,,,,,,,,,,,,,,,,,
,,,,,,,,,,,,,,,,,,,,,,,,,
,,,,,,,,,,,,,,,,,,,,,,,,,
,,,,,,,,,,,,,,,,,,,,,,,,,
,,,,,,,,,,,,,,,,,,,,,,,,,
,,,,,,,,,,,,,,,,,,,,,,,,,
,,,,,,,,,,,,,,,,,,,,,,,,,
,,,,,,,,,,,,,,,,,,,,,,,,,
,,,,,,,,,,,,,,,,,,,,,,,,,
,,,,,,,,,,,,,,,,,,,,,,,,,
,,,,,,,,,,,,,,,,,,,,,,,,,
,,,,,,,,,,,,,,,,,,,,,,,,,
,,,,,,,,,,,,,,,,,,,,,,,,,
,,,,,,,,,,,,,,,,,,,,,,,,,
,,,,,,,,,,,,,,,,,,,,,,,,,
,,,,,,,,,,,,,,,,,,,,,,,,,
,,,,,,,,,,,,,,,,,,,,,,,,,
,,,,,,,,,,,,,,,,,,,,,,,,,
,,,,,,,,,,,,,,,,,,,,,,,,,
,,,,,,,,,,,,,,,,,,,,,,,,,
,,,,,,,,,,,,,,,,,,,,,,,,,
,,,,,,,,,,,,,,,,,,,,,,,,,
,,,,,,,,,,,,,,,,,,,,,,,,,
,,,,,,,,,,,,,,,,,,,,,,,,,
,,,,,,,,,,,,,,,,,,,,,,,,,
,,,,,,,,,,,,,,,,,,,,,,,,,
,,,,,,,,,,,,,,,,,,,,,,,,,
,,,,,,,,,,,,,,,,,,,,,,,,,
,,,,,,,,,,,,,,,,,,,,,,,,,
,,,,,,,,,,,,,,,,,,,,,,,,,
,,,,,,,,,,,,,,,,,,,,,,,,,
,,,,,,,,,,,,,,,,,,,,,,,,,
,,,,,,,,,,,,,,,,,,,,,,,,,
,,,,,,,,,,,,,,,,,,,,,,,,,
,,,,,,,,,,,,,,,,,,,,,,,,,
,,,,,,,,,,,,,,,,,,,,,,,,,
,,,,,,,,,,,,,,,,,,,,,,,,,
,,,,,,,,,,,,,,,,,,,,,,,,,
,,,,,,,,,,,,,,,,,,,,,,,,,
,,,,,,,,,,,,,,,,,,,,,,,,,
,,,,,,,,,,,,,,,,,,,,,,,,,
,,,,,,,,,,,,,,,,,,,,,,,,,
,,,,,,,,,,,,,,,,,,,,,,,,,
,,,,,,,,,,,,,,,,,,,,,,,,,
,,,,,,,,,,,,,,,,,,,,,,,,,
,,,,,,,,,,,,,,,,,,,,,,,,,
,,,,,,,,,,,,,,,,,,,,,,,,,
,,,,,,,,,,,,,,,,,,,,,,,,,
,,,,,,,,,,,,,,,,,,,,,,,,,
,,,,,,,,,,,,,,,,,,,,,,,,,
,,,,,,,,,,,,,,,,,,,,,,,,,
,,,,,,,,,,,,,,,,,,,,,,,,,
,,,,,,,,,,,,,,,,,,,,,,,,,
,,,,,,,,,,,,,,,,,,,,,,,,,
,,,,,,,,,,,,,,,,,,,,,,,,,
,,,,,,,,,,,,,,,,,,,,,,,,,
,,,,,,,,,,,,,,,,,,,,,,,,,
,,,,,,,,,,,,,,,,,,,,,,,,,
,,,,,,,,,,,,,,,,,,,,,,,,,
,,,,,,,,,,,,,,,,,,,,,,,,,
,,,,,,,,,,,,,,,,,,,,,,,,,
,,,,,,,,,,,,,,,,,,,,,,,,,
,,,,,,,,,,,,,,,,,,,,,,,,,
,,,,,,,,,,,,,,,,,,,,,,,,,
,,,,,,,,,,,,,,,,,,,,,,,,,
,,,,,,,,,,,,,,,,,,,,,,,,,
,,,,,,,,,,,,,,,,,,,,,,,,,
,,,,,,,,,,,,,,,,,,,,,,,,,
,,,,,,,,,,,,,,,,,,,,,,,,,
,,,,,,,,,,,,,,,,,,,,,,,,,
,,,,,,,,,,,,,,,,,,,,,,,,,
,,,,,,,,,,,,,,,,,,,,,,,,,
,,,,,,,,,,,,,,,,,,,,,,,,,
,,,,,,,,,,,,,,,,,,,,,,,,,
,,,,,,,,,,,,,,,,,,,,,,,,,
,,,,,,,,,,,,,,,,,,,,,,,,,
,,,,,,,,,,,,,,,,,,,,,,,,,
,,,,,,,,,,,,,,,,,,,,,,,,,
,,,,,,,,,,,,,,,,,,,,,,,,,
,,,,,,,,,,,,,,,,,,,,,,,,,
,,,,,,,,,,,,,,,,,,,,,,,,,
,,,,,,,,,,,,,,,,,,,,,,,,,
,,,,,,,,,,,,,,,,,,,,,,,,,
,,,,,,,,,,,,,,,,,,,,,,,,,
,,,,,,,,,,,,,,,,,,,,,,,,,
,,,,,,,,,,,,,,,,,,,,,,,,,
,,,,,,,,,,,,,,,,,,,,,,,,,
,,,,,,,,,,,,,,,,,,,,,,,,,
,,,,,,,,,,,,,,,,,,,,,,,,,
,,,,,,,,,,,,,,,,,,,,,,,,,
,,,,,,,,,,,,,,,,,,,,,,,,,
,,,,,,,,,,,,,,,,,,,,,,,,,
,,,,,,,,,,,,,,,,,,,,,,,,,
,,,,,,,,,,,,,,,,,,,,,,,,,
,,,,,,,,,,,,,,,,,,,,,,,,,
,,,,,,,,,,,,,,,,,,,,,,,,,
,,,,,,,,,,,,,,,,,,,,,,,,,
,,,,,,,,,,,,,,,,,,,,,,,,,
,,,,,,,,,,,,,,,,,,,,,,,,,
,,,,,,,,,,,,,,,,,,,,,,,,,
,,,,,,,,,,,,,,,,,,,,,,,,,
,,,,,,,,,,,,,,,,,,,,,,,,,
,,,,,,,,,,,,,,,,,,,,,,,,,
,,,,,,,,,,,,,,,,,,,,,,,,,
,,,,,,,,,,,,,,,,,,,,,,,,,
,,,,,,,,,,,,,,,,,,,,,,,,,
,,,,,,,,,,,,,,,,,,,,,,,,,
,,,,,,,,,,,,,,,,,,,,,,,,,
,,,,,,,,,,,,,,,,,,,,,,,,,
,,,,,,,,,,,,,,,,,,,,,,,,,
,,,,,,,,,,,,,,,,,,,,,,,,,
,,,,,,,,,,,,,,,,,,,,,,,,,
,,,,,,,,,,,,,,,,,,,,,,,,,
,,,,,,,,,,,,,,,,,,,,,,,,,
,,,,,,,,,,,,,,,,,,,,,,,,,
,,,,,,,,,,,,,,,,,,,,,,,,,
,,,,,,,,,,,,,,,,,,,,,,,,,
,,,,,,,,,,,,,,,,,,,,,,,,,
,,,,,,,,,,,,,,,,,,,,,,,,,
,,,,,,,,,,,,,,,,,,,,,,,,,
,,,,,,,,,,,,,,,,,,,,,,,,,
,,,,,,,,,,,,,,,,,,,,,,,,,
,,,,,,,,,,,,,,,,,,,,,,,,,
,,,,,,,,,,,,,,,,,,,,,,,,,
,,,,,,,,,,,,,,,,,,,,,,,,,
,,,,,,,,,,,,,,,,,,,,,,,,,
,,,,,,,,,,,,,,,,,,,,,,,,,
,,,,,,,,,,,,,,,,,,,,,,,,,
,,,,,,,,,,,,,,,,,,,,,,,,,
,,,,,,,,,,,,,,,,,,,,,,,,,
,,,,,,,,,,,,,,,,,,,,,,,,,
,,,,,,,,,,,,,,,,,,,,,,,,,
,,,,,,,,,,,,,,,,,,,,,,,,,
,,,,,,,,,,,,,,,,,,,,,,,,,
,,,,,,,,,,,,,,,,,,,,,,,,,
,,,,,,,,,,,,,,,,,,,,,,,,,
,,,,,,,,,,,,,,,,,,,,,,,,,
,,,,,,,,,,,,,,,,,,,,,,,,,
,,,,,,,,,,,,,,,,,,,,,,,,,
,,,,,,,,,,,,,,,,,,,,,,,,,
,,,,,,,,,,,,,,,,,,,,,,,,,
,,,,,,,,,,,,,,,,,,,,,,,,,
,,,,,,,,,,,,,,,,,,,,,,,,,
,,,,,,,,,,,,,,,,,,,,,,,,,
,,,,,,,,,,,,,,,,,,,,,,,,,
,,,,,,,,,,,,,,,,,,,,,,,,,
,,,,,,,,,,,,,,,,,,,,,,,,,
,,,,,,,,,,,,,,,,,,,,,,,,,
,,,,,,,,,,,,,,,,,,,,,,,,,
,,,,,,,,,,,,,,,,,,,,,,,,,
,,,,,,,,,,,,,,,,,,,,,,,,,
,,,,,,,,,,,,,,,,,,,,,,,,,
,,,,,,,,,,,,,,,,,,,,,,,,,
,,,,,,,,,,,,,,,,,,,,,,,,,
,,,,,,,,,,,,,,,,,,,,,,,,,
,,,,,,,,,,,,,,,,,,,,,,,,,
,,,,,,,,,,,,,,,,,,,,,,,,,
,,,,,,,,,,,,,,,,,,,,,,,,,
,,,,,,,,,,,,,,,,,,,,,,,,,
,,,,,,,,,,,,,,,,,,,,,,,,,
,,,,,,,,,,,,,,,,,,,,,,,,,
,,,,,,,,,,,,,,,,,,,,,,,,,
,,,,,,,,,,,,,,,,,,,,,,,,,
,,,,,,,,,,,,,,,,,,,,,,,,,
,,,,,,,,,,,,,,,,,,,,,,,,,
,,,,,,,,,,,,,,,,,,,,,,,,,
,,,,,,,,,,,,,,,,,,,,,,,,,
,,,,,,,,,,,,,,,,,,,,,,,,,
,,,,,,,,,,,,,,,,,,,,,,,,,
,,,,,,,,,,,,,,,,,,,,,,,,,
,,,,,,,,,,,,,,,,,,,,,,,,,
,,,,,,,,,,,,,,,,,,,,,,,,,
,,,,,,,,,,,,,,,,,,,,,,,,,
,,,,,,,,,,,,,,,,,,,,,,,,,
,,,,,,,,,,,,,,,,,,,,,,,,,
,,,,,,,,,,,,,,,,,,,,,,,,,
,,,,,,,,,,,,,,,,,,,,,,,,,
,,,,,,,,,,,,,,,,,,,,,,,,,
,,,,,,,,,,,,,,,,,,,,,,,,,
,,,,,,,,,,,,,,,,,,,,,,,,,
,,,,,,,,,,,,,,,,,,,,,,,,,
,,,,,,,,,,,,,,,,,,,,,,,,,
,,,,,,,,,,,,,,,,,,,,,,,,,
,,,,,,,,,,,,,,,,,,,,,,,,,
,,,,,,,,,,,,,,,,,,,,,,,,,
,,,,,,,,,,,,,,,,,,,,,,,,,
,,,,,,,,,,,,,,,,,,,,,,,,,
,,,,,,,,,,,,,,,,,,,,,,,,,
,,,,,,,,,,,,,,,,,,,,,,,,,
,,,,,,,,,,,,,,,,,,,,,,,,,
,,,,,,,,,,,,,,,,,,,,,,,,,
,,,,,,,,,,,,,,,,,,,,,,,,,
,,,,,,,,,,,,,,,,,,,,,,,,,
,,,,,,,,,,,,,,,,,,,,,,,,,
,,,,,,,,,,,,,,,,,,,,,,,,,
,,,,,,,,,,,,,,,,,,,,,,,,,
,,,,,,,,,,,,,,,,,,,,,,,,,
,,,,,,,,,,,,,,,,,,,,,,,,,
,,,,,,,,,,,,,,,,,,,,,,,,,
,,,,,,,,,,,,,,,,,,,,,,,,,
,,,,,,,,,,,,,,,,,,,,,,,,,
,,,,,,,,,,,,,,,,,,,,,,,,,
,,,,,,,,,,,,,,,,,,,,,,,,,
,,,,,,,,,,,,,,,,,,,,,,,,,
,,,,,,,,,,,,,,,,,,,,,,,,,
,,,,,,,,,,,,,,,,,,,,,,,,,
,,,,,,,,,,,,,,,,,,,,,,,,,
,,,,,,,,,,,,,,,,,,,,,,,,,
,,,,,,,,,,,,,,,,,,,,,,,,,
,,,,,,,,,,,,,,,,,,,,,,,,,
,,,,,,,,,,,,,,,,,,,,,,,,,
,,,,,,,,,,,,,,,,,,,,,,,,,
,,,,,,,,,,,,,,,,,,,,,,,,,
,,,,,,,,,,,,,,,,,,,,,,,,,
,,,,,,,,,,,,,,,,,,,,,,,,,
,,,,,,,,,,,,,,,,,,,,,,,,,
,,,,,,,,,,,,,,,,,,,,,,,,,
,,,,,,,,,,,,,,,,,,,,,,,,,
,,,,,,,,,,,,,,,,,,,,,,,,,
,,,,,,,,,,,,,,,,,,,,,,,,,
,,,,,,,,,,,,,,,,,,,,,,,,,
,,,,,,,,,,,,,,,,,,,,,,,,,
,,,,,,,,,,,,,,,,,,,,,,,,,
,,,,,,,,,,,,,,,,,,,,,,,,,
,,,,,,,,,,,,,,,,,,,,,,,,,
,,,,,,,,,,,,,,,,,,,,,,,,,
,,,,,,,,,,,,,,,,,,,,,,,,,
,,,,,,,,,,,,,,,,,,,,,,,,,
,,,,,,,,,,,,,,,,,,,,,,,,,
,,,,,,,,,,,,,,,,,,,,,,,,,
,,,,,,,,,,,,,,,,,,,,,,,,,
,,,,,,,,,,,,,,,,,,,,,,,,,
,,,,,,,,,,,,,,,,,,,,,,,,,
,,,,,,,,,,,,,,,,,,,,,,,,,
,,,,,,,,,,,,,,,,,,,,,,,,,
,,,,,,,,,,,,,,,,,,,,,,,,,
,,,,,,,,,,,,,,,,,,,,,,,,,
,,,,,,,,,,,,,,,,,,,,,,,,,
,,,,,,,,,,,,,,,,,,,,,,,,,
,,,,,,,,,,,,,,,,,,,,,,,,,
,,,,,,,,,,,,,,,,,,,,,,,,,
,,,,,,,,,,,,,,,,,,,,,,,,,
,,,,,,,,,,,,,,,,,,,,,,,,,
,,,,,,,,,,,,,,,,,,,,,,,,,
,,,,,,,,,,,,,,,,,,,,,,,,,
,,,,,,,,,,,,,,,,,,,,,,,,,
,,,,,,,,,,,,,,,,,,,,,,,,,
,,,,,,,,,,,,,,,,,,,,,,,,,
,,,,,,,,,,,,,,,,,,,,,,,,,
,,,,,,,,,,,,,,,,,,,,,,,,,
,,,,,,,,,,,,,,,,,,,,,,,,,
,,,,,,,,,,,,,,,,,,,,,,,,,
,,,,,,,,,,,,,,,,,,,,,,,,,
,,,,,,,,,,,,,,,,,,,,,,,,,
,,,,,,,,,,,,,,,,,,,,,,,,,
,,,,,,,,,,,,,,,,,,,,,,,,,
,,,,,,,,,,,,,,,,,,,,,,,,,
,,,,,,,,,,,,,,,,,,,,,,,,,
,,,,,,,,,,,,,,,,,,,,,,,,,
,,,,,,,,,,,,,,,,,,,,,,,,,
,,,,,,,,,,,,,,,,,,,,,,,,,
,,,,,,,,,,,,,,,,,,,,,,,,,
,,,,,,,,,,,,,,,,,,,,,,,,,
,,,,,,,,,,,,,,,,,,,,,,,,,
,,,,,,,,,,,,,,,,,,,,,,,,,
,,,,,,,,,,,,,,,,,,,,,,,,,
,,,,,,,,,,,,,,,,,,,,,,,,,
,,,,,,,,,,,,,,,,,,,,,,,,,
,,,,,,,,,,,,,,,,,,,,,,,,,
,,,,,,,,,,,,,,,,,,,,,,,,,
,,,,,,,,,,,,,,,,,,,,,,,,,
,,,,,,,,,,,,,,,,,,,,,,,,,
,,,,,,,,,,,,,,,,,,,,,,,,,
,,,,,,,,,,,,,,,,,,,,,,,,,
,,,,,,,,,,,,,,,,,,,,,,,,,
,,,,,,,,,,,,,,,,,,,,,,,,,
,,,,,,,,,,,,,,,,,,,,,,,,,
,,,,,,,,,,,,,,,,,,,,,,,,,
,,,,,,,,,,,,,,,,,,,,,,,,,
,,,,,,,,,,,,,,,,,,,,,,,,,
,,,,,,,,,,,,,,,,,,,,,,,,,
,,,,,,,,,,,,,,,,,,,,,,,,,
,,,,,,,,,,,,,,,,,,,,,,,,,
,,,,,,,,,,,,,,,,,,,,,,,,,
,,,,,,,,,,,,,,,,,,,,,,,,,
,,,,,,,,,,,,,,,,,,,,,,,,,
,,,,,,,,,,,,,,,,,,,,,,,,,
,,,,,,,,,,,,,,,,,,,,,,,,,
,,,,,,,,,,,,,,,,,,,,,,,,,
,,,,,,,,,,,,,,,,,,,,,,,,,
,,,,,,,,,,,,,,,,,,,,,,,,,
,,,,,,,,,,,,,,,,,,,,,,,,,
,,,,,,,,,,,,,,,,,,,,,,,,,
,,,,,,,,,,,,,,,,,,,,,,,,,
,,,,,,,,,,,,,,,,,,,,,,,,,
,,,,,,,,,,,,,,,,,,,,,,,,,
,,,,,,,,,,,,,,,,,,,,,,,,,
,,,,,,,,,,,,,,,,,,,,,,,,,
,,,,,,,,,,,,,,,,,,,,,,,,,
,,,,,,,,,,,,,,,,,,,,,,,,,
,,,,,,,,,,,,,,,,,,,,,,,,,
,,,,,,,,,,,,,,,,,,,,,,,,,
,,,,,,,,,,,,,,,,,,,,,,,,,
,,,,,,,,,,,,,,,,,,,,,,,,,
,,,,,,,,,,,,,,,,,,,,,,,,,
,,,,,,,,,,,,,,,,,,,,,,,,,
,,,,,,,,,,,,,,,,,,,,,,,,,
,,,,,,,,,,,,,,,,,,,,,,,,,
,,,,,,,,,,,,,,,,,,,,,,,,,
,,,,,,,,,,,,,,,,,,,,,,,,,
,,,,,,,,,,,,,,,,,,,,,,,,,
,,,,,,,,,,,,,,,,,,,,,,,,,
,,,,,,,,,,,,,,,,,,,,,,,,,
,,,,,,,,,,,,,,,,,,,,,,,,,
,,,,,,,,,,,,,,,,,,,,,,,,,
,,,,,,,,,,,,,,,,,,,,,,,,,
,,,,,,,,,,,,,,,,,,,,,,,,,
,,,,,,,,,,,,,,,,,,,,,,,,,
,,,,,,,,,,,,,,,,,,,,,,,,,
,,,,,,,,,,,,,,,,,,,,,,,,,
,,,,,,,,,,,,,,,,,,,,,,,,,
,,,,,,,,,,,,,,,,,,,,,,,,,
,,,,,,,,,,,,,,,,,,,,,,,,,
,,,,,,,,,,,,,,,,,,,,,,,,,
,,,,,,,,,,,,,,,,,,,,,,,,,
,,,,,,,,,,,,,,,,,,,,,,,,,
,,,,,,,,,,,,,,,,,,,,,,,,,
,,,,,,,,,,,,,,,,,,,,,,,,,
,,,,,,,,,,,,,,,,,,,,,,,,,
,,,,,,,,,,,,,,,,,,,,,,,,,
,,,,,,,,,,,,,,,,,,,,,,,,,
,,,,,,,,,,,,,,,,,,,,,,,,,
,,,,,,,,,,,,,,,,,,,,,,,,,
,,,,,,,,,,,,,,,,,,,,,,,,,
,,,,,,,,,,,,,,,,,,,,,,,,,
,,,,,,,,,,,,,,,,,,,,,,,,,
,,,,,,,,,,,,,,,,,,,,,,,,,
,,,,,,,,,,,,,,,,,,,,,,,,,
,,,,,,,,,,,,,,,,,,,,,,,,,
,,,,,,,,,,,,,,,,,,,,,,,,,
,,,,,,,,,,,,,,,,,,,,,,,,,
,,,,,,,,,,,,,,,,,,,,,,,,,
,,,,,,,,,,,,,,,,,,,,,,,,,
,,,,,,,,,,,,,,,,,,,,,,,,,
,,,,,,,,,,,,,,,,,,,,,,,,,
,,,,,,,,,,,,,,,,,,,,,,,,,
,,,,,,,,,,,,,,,,,,,,,,,,,
,,,,,,,,,,,,,,,,,,,,,,,,,
,,,,,,,,,,,,,,,,,,,,,,,,,
,,,,,,,,,,,,,,,,,,,,,,,,,
,,,,,,,,,,,,,,,,,,,,,,,,,
,,,,,,,,,,,,,,,,,,,,,,,,,
,,,,,,,,,,,,,,,,,,,,,,,,,
,,,,,,,,,,,,,,,,,,,,,,,,,
,,,,,,,,,,,,,,,,,,,,,,,,,
,,,,,,,,,,,,,,,,,,,,,,,,,
,,,,,,,,,,,,,,,,,,,,,,,,,
,,,,,,,,,,,,,,,,,,,,,,,,,
,,,,,,,,,,,,,,,,,,,,,,,,,
,,,,,,,,,,,,,,,,,,,,,,,,,
,,,,,,,,,,,,,,,,,,,,,,,,,
,,,,,,,,,,,,,,,,,,,,,,,,,
,,,,,,,,,,,,,,,,,,,,,,,,,
,,,,,,,,,,,,,,,,,,,,,,,,,
,,,,,,,,,,,,,,,,,,,,,,,,,
,,,,,,,,,,,,,,,,,,,,,,,,,
,,,,,,,,,,,,,,,,,,,,,,,,,
,,,,,,,,,,,,,,,,,,,,,,,,,
,,,,,,,,,,,,,,,,,,,,,,,,,
,,,,,,,,,,,,,,,,,,,,,,,,,
,,,,,,,,,,,,,,,,,,,,,,,,,
,,,,,,,,,,,,,,,,,,,,,,,,,
,,,,,,,,,,,,,,,,,,,,,,,,,
,,,,,,,,,,,,,,,,,,,,,,,,,
,,,,,,,,,,,,,,,,,,,,,,,,,
,,,,,,,,,,,,,,,,,,,,,,,,,
,,,,,,,,,,,,,,,,,,,,,,,,,
,,,,,,,,,,,,,,,,,,,,,,,,,
,,,,,,,,,,,,,,,,,,,,,,,,,
,,,,,,,,,,,,,,,,,,,,,,,,,
,,,,,,,,,,,,,,,,,,,,,,,,,
,,,,,,,,,,,,,,,,,,,,,,,,,
,,,,,,,,,,,,,,,,,,,,,,,,,
,,,,,,,,,,,,,,,,,,,,,,,,,
,,,,,,,,,,,,,,,,,,,,,,,,,
,,,,,,,,,,,,,,,,,,,,,,,,,
,,,,,,,,,,,,,,,,,,,,,,,,,
,,,,,,,,,,,,,,,,,,,,,,,,,
,,,,,,,,,,,,,,,,,,,,,,,,,
,,,,,,,,,,,,,,,,,,,,,,,,,
,,,,,,,,,,,,,,,,,,,,,,,,,
,,,,,,,,,,,,,,,,,,,,,,,,,
,,,,,,,,,,,,,,,,,,,,,,,,,
,,,,,,,,,,,,,,,,,,,,,,,,,
,,,,,,,,,,,,,,,,,,,,,,,,,
,,,,,,,,,,,,,,,,,,,,,,,,,
,,,,,,,,,,,,,,,,,,,,,,,,,
,,,,,,,,,,,,,,,,,,,,,,,,,
,,,,,,,,,,,,,,,,,,,,,,,,,
,,,,,,,,,,,,,,,,,,,,,,,,,
,,,,,,,,,,,,,,,,,,,,,,,,,
,,,,,,,,,,,,,,,,,,,,,,,,,
,,,,,,,,,,,,,,,,,,,,,,,,,
,,,,,,,,,,,,,,,,,,,,,,,,,
,,,,,,,,,,,,,,,,,,,,,,,,,
,,,,,,,,,,,,,,,,,,,,,,,,,
,,,,,,,,,,,,,,,,,,,,,,,,,
,,,,,,,,,,,,,,,,,,,,,,,,,
,,,,,,,,,,,,,,,,,,,,,,,,,
,,,,,,,,,,,,,,,,,,,,,,,,,
,,,,,,,,,,,,,,,,,,,,,,,,,
,,,,,,,,,,,,,,,,,,,,,,,,,
,,,,,,,,,,,,,,,,,,,,,,,,,
,,,,,,,,,,,,,,,,,,,,,,,,,
,,,,,,,,,,,,,,,,,,,,,,,,,
,,,,,,,,,,,,,,,,,,,,,,,,,
,,,,,,,,,,,,,,,,,,,,,,,,,
,,,,,,,,,,,,,,,,,,,,,,,,,
,,,,,,,,,,,,,,,,,,,,,,,,,
,,,,,,,,,,,,,,,,,,,,,,,,,
,,,,,,,,,,,,,,,,,,,,,,,,,
,,,,,,,,,,,,,,,,,,,,,,,,,
,,,,,,,,,,,,,,,,,,,,,,,,,
,,,,,,,,,,,,,,,,,,,,,,,,,
,,,,,,,,,,,,,,,,,,,,,,,,,
,,,,,,,,,,,,,,,,,,,,,,,,,
,,,,,,,,,,,,,,,,,,,,,,,,,
,,,,,,,,,,,,,,,,,,,,,,,,,
,,,,,,,,,,,,,,,,,,,,,,,,,
,,,,,,,,,,,,,,,,,,,,,,,,,
,,,,,,,,,,,,,,,,,,,,,,,,,
,,,,,,,,,,,,,,,,,,,,,,,,,
,,,,,,,,,,,,,,,,,,,,,,,,,
,,,,,,,,,,,,,,,,,,,,,,,,,
,,,,,,,,,,,,,,,,,,,,,,,,,
,,,,,,,,,,,,,,,,,,,,,,,,,
,,,,,,,,,,,,,,,,,,,,,,,,,
,,,,,,,,,,,,,,,,,,,,,,,,,
,,,,,,,,,,,,,,,,,,,,,,,,,
,,,,,,,,,,,,,,,,,,,,,,,,,
,,,,,,,,,,,,,,,,,,,,,,,,,
,,,,,,,,,,,,,,,,,,,,,,,,,
,,,,,,,,,,,,,,,,,,,,,,,,,
,,,,,,,,,,,,,,,,,,,,,,,,,
,,,,,,,,,,,,,,,,,,,,,,,,,
,,,,,,,,,,,,,,,,,,,,,,,,,
,,,,,,,,,,,,,,,,,,,,,,,,,
,,,,,,,,,,,,,,,,,,,,,,,,,
,,,,,,,,,,,,,,,,,,,,,,,,,
,,,,,,,,,,,,,,,,,,,,,,,,,
,,,,,,,,,,,,,,,,,,,,,,,,,
,,,,,,,,,,,,,,,,,,,,,,,,,
,,,,,,,,,,,,,,,,,,,,,,,,,
,,,,,,,,,,,,,,,,,,,,,,,,,
,,,,,,,,,,,,,,,,,,,,,,,,,
,,,,,,,,,,,,,,,,,,,,,,,,,
,,,,,,,,,,,,,,,,,,,,,,,,,
,,,,,,,,,,,,,,,,,,,,,,,,,
,,,,,,,,,,,,,,,,,,,,,,,,,
,,,,,,,,,,,,,,,,,,,,,,,,,
,,,,,,,,,,,,,,,,,,,,,,,,,
,,,,,,,,,,,,,,,,,,,,,,,,,
,,,,,,,,,,,,,,,,,,,,,,,,,
,,,,,,,,,,,,,,,,,,,,,,,,,
,,,,,,,,,,,,,,,,,,,,,,,,,
,,,,,,,,,,,,,,,,,,,,,,,,,
,,,,,,,,,,,,,,,,,,,,,,,,,
,,,,,,,,,,,,,,,,,,,,,,,,,
,,,,,,,,,,,,,,,,,,,,,,,,,
,,,,,,,,,,,,,,,,,,,,,,,,,
,,,,,,,,,,,,,,,,,,,,,,,,,
,,,,,,,,,,,,,,,,,,,,,,,,,
,,,,,,,,,,,,,,,,,,,,,,,,,
,,,,,,,,,,,,,,,,,,,,,,,,,
,,,,,,,,,,,,,,,,,,,,,,,,,
,,,,,,,,,,,,,,,,,,,,,,,,,
,,,,,,,,,,,,,,,,,,,,,,,,,
,,,,,,,,,,,,,,,,,,,,,,,,,
,,,,,,,,,,,,,,,,,,,,,,,,,
,,,,,,,,,,,,,,,,,,,,,,,,,
,,,,,,,,,,,,,,,,,,,,,,,,,
