Paper_id,Duration,Trt_id,Year,Till_type,Till_depth_cm,Till_numpasses,Till_dates,Trt_name,Trt_other_description,,,,,,,,,,,,,,,,,
150,1989-3,0,0,"moldboard plow and three diskings in spring (15-20 inches, disking at 10 inches)",20,4,"late April - early May (1989), early June (1990), early May (1991)",MP,,,,,,,,,,,,,,,,,,
150,1989-3,1,0,"chisel plow and three diskings in spring (15-20 inches, disking at 10 inches)",20,4,"late April - early May (1989), early June (1990), early May (1991)",CP,,,,,,,,,,,,,,,,,,
150,1989-3,2,0,no-tillage,0,0,,NT,,,,,,,,,,,,,,,,,,
151,1989-4,0,0,"moldboard plow and three diskings in spring (15-20 inches, disking at 10 inches)",20,4,"late April - early May (1989), early June (1990), early May (1991)",MP,,,,,,,,,,,,,,,,,,
151,1989-4,1,0,"chisel plow and three diskings in spring (15-20 inches, disking at 10 inches)",20,4,"late April - early May (1989), early June (1990), early May (1991)",CP,,,,,,,,,,,,,,,,,,
151,1989-4,2,0,no-tillage,0,0,,NT,,,,,,,,,,,,,,,,,,
152,1989-8,0,0,"moldboard plow and three diskings in spring (15-20 inches, disking at 10 inches)",20,4,"late April - early May (1989), early June (1990), early May (1991), all other years undescribed",MP,,,,,,,,,,,,,,,,,,
152,1989-8,1,0,"chisel plow and three diskings in spring (15-20 inches, disking at 10 inches)",20,4,"late April - early May (1989), early June (1990), early May (1991), all other years undescribed",CP,,,,,,,,,,,,,,,,,,
152,1989-8,2,0,no-tillage,0,0,,NT,,,,,,,,,,,,,,,,,,
153,1995-2,0,,"Moldboard plowed (20-25 cm deep) after maize harvest, followed by spring disking (7.5-10 cm deep). After soybean, plots were fall chisel plowed (30-35 cm deep), followed by spring disking.",35,2,,MP,,,,,,,,,,,,,,,,,,
153,1995-2,1,,Disk/field cultivation included fall disking (7.5-10 cm deep) after maize followed by spring field cultivation after soybean production.,10,2,,DT,,,,,,,,,,,,,,,,,,
153,1995-2,2,,No-tillage prior to or post planting,0,0,,NT,,,,,,,,,,,,,,,,,,
154,1989-8,0,0,"moldboard plow and three diskings in spring (15-20 inches, disking at 10 inches)",20,4,"late April - early May (1989), early June (1990), early May (1991), all other years undescribed",MP,,,,,,,,,,,,,,,,,,
154,1989-8,1,0,"chisel plow and three diskings in spring (15-20 inches, disking at 10 inches)",20,4,"late April - early May (1989), early June (1990), early May (1991), all other years undescribed",CP,,,,,,,,,,,,,,,,,,
154,1989-8,2,0,no-tillage,0,0,,NT,,,,,,,,,,,,,,,,,,
155,1989-8,0,0,"moldboard plow and three diskings in spring (15-20 inches, disking at 10 inches)",20,4,"late April - early May (1989), early June (1990), early May (1991), all other years undescribed",MP,,,,,,,,,,,,,,,,,,
155,1989-8,1,0,"chisel plow and three diskings in spring (15-20 inches, disking at 10 inches)",20,4,"late April - early May (1989), early June (1990), early May (1991), all other years undescribed",CP,,,,,,,,,,,,,,,,,,
155,1989-8,2,0,no-tillage,0,0,,NT,,,,,,,,,,,,,,,,,,
156,1989-12,0,0,"moldboard plow and three diskings in spring (15-20 inches, disking at 10 inches)",20,4,"late April - early May (1989), early June (1990), early May (1991), all other years undescribed",MP,,,,,,,,,,,,,,,,,,
156,1989-12,1,0,"chisel plow and three diskings in spring (15-20 inches, disking at 10 inches)",20,4,"late April - early May (1989), early June (1990), early May (1991), all other years undescribed",CP,,,,,,,,,,,,,,,,,,
156,1989-12,2,0,no-tillage,0,0,,NT,,,,,,,,,,,,,,,,,,
157,1994-4,0,,"Moldboard plowed (20-25 cm deep) after maize harvest, followed by spring disking (7.5-10 cm deep). After soybean, plots were fall chisel plowed (30-35 cm deep), followed by spring disking.",35,2,,MP,,,,,,,,,,,,,,,,,,
157,1994-4,1,,Disk/field cultivation included fall disking (7.5-10 cm deep) after maize followed by spring field cultivation after soybean production.,10,2,,DT,,,,,,,,,,,,,,,,,,
157,1994-4,2,,No-tillage prior to or post planting,0,0,,NT,,,,,,,,,,,,,,,,,,
158,1995-3,0,,"Moldboard plowed (20-25 cm deep) after maize harvest, followed by spring disking (7.5-10 cm deep). After soybean, plots were fall chisel plowed (30-35 cm deep), followed by spring disking.",35,2,,MP,,,,,,,,,,,,,,,,,,
158,1995-3,1,,Disk/field cultivation included fall disking (7.5-10 cm deep) after maize followed by spring field cultivation after soybean production.,10,2,,DT,,,,,,,,,,,,,,,,,,
158,1995-3,2,,No-tillage prior to or post planting,0,0,,NT,,,,,,,,,,,,,,,,,,
159,1998-16,0,0,"chisel plow 20-25 cm depth in the fall after harvest, and secondary tillage with a field cultivator before planting in the spring",25,2,post harvest (fall) and pre-planting (spring),CP,,,,,,,,,,,,,,,,,,
159,1998-16,1,0,no-tillage,0,0,,NT,,,,,,,,,,,,,,,,,,
159,1998-16,2,0,,,,,CCC,continuous maize crop rotation,,,,,,,,,,,,,,,,,
159,1998-16,3,0,,,,,CS,maize-soybean crop rotation,,,,,,,,,,,,,,,,,
159,1998-16,4,0,,,,,CSW,maize-sobyean-winter wheat crop rotation,,,,,,,,,,,,,,,,,
159,1998-16,5,0,,,,,SSS,continuous soybean crop rotation,,,,,,,,,,,,,,,,,
160,2007-6,0,0,"strip-tillage with disturbance in a band about 17 cm deep, 4 cm wide at the bottom and 25 cm wide on the soil surface",17,1,pre-planting,ST,,,,,,,,,,,,,,,,,,
160,2007-6,1,0,no-tillage,0,,,NT,,,,,,,,,,,,,,,,,,
161,1970-45,0,0,"moldboard plow, tandem disk, cultivator, culti-mulcher",,4,,,,,,,,,,,,,,,,,,,,
161,1970-45,1,0,"chisel plow, tandem disk, cultivator, culti-mulcher",,5,,,,,,,,,,,,,,,,,,,,
161,1970-45,2,0,"two years no-till, 1 year moldboard plow treatment",,0/4,,,,,,,,,,,,,,,,,,,,
161,1970-45,3,0,no-tillage,,0,,,,,,,,,,,,,,,,,,,,
161,1970-45,4,0,,,,,,5 fertilizer treatments were also examined. All data extracted for this database came from the full NPK treatments,,,,,,,,,,,,,,,,,
162,1970-45,0,0,"moldboard plow, tandem disk, cultivator, culti-mulcher",,4,,,,,,,,,,,,,,,,,,,,
162,1970-45,1,0,"chisel plow, tandem disk, cultivator, culti-mulcher",,5,,,,,,,,,,,,,,,,,,,,
162,1970-45,2,0,"two years no-till, 1 year moldboard plow treatment",,0/4,,,,,,,,,,,,,,,,,,,,
162,1970-45,3,0,no-tillage,,0,,,,,,,,,,,,,,,,,,,,
162,1970-45,4,0,,,,,,5 fertilizer treatments were also examined. All data extracted for this database came from the full NPK treatments,,,,,,,,,,,,,,,,,
163,1967-7,0,0,"moldboard plow (autumn or spring), followed by disking and/or field cultivation in spring",,3,,,,,,,,,,,,,,,,,,,,
163,1967-7,1,0,chisel plow (autumn or spring) followed by dicing and/or field cultivation,,3,,,,,,,,,,,,,,,,,,,,
163,1967-7,2,0,ridge tillage,,2,,,,,,,,,,,,,,,,,,,,
163,1967-7,3,0,no-tillage,,,,,,,,,,,,,,,,,,,,,,
164,1985-3,0,0,spring chisel plow,,,,,,,,,,,,,,,,,,,,,,
164,1985-3,1,0,ridge tillage,,,,,,,,,,,,,,,,,,,,,,
164,1985-3,2,0,no-tillage,,,,,,,,,,,,,,,,,,,,,,
165,1977-13,0,0,moldboard plow,,,,,,,,,,,,,,,,,,,,,,
165,1977-13,1,0,chisel plow,,,,,,,,,,,,,,,,,,,,,,
165,1977-13,2,0,ridge tillage,,,,,,,,,,,,,,,,,,,,,,
165,1977-13,3,0,no-tillage,,,,,,,,,,,,,,,,,,,,,,
165,1977-13,4,0,,,,,,continuous maize crop rotation,,,,,,,,,,,,,,,,,
165,1977-13,5,0,,,,,,maize-soybean crop rotation,,,,,,,,,,,,,,,,,
166,1962-25,0,0,moldboard plow (20-25 cm deep) followed by at least two other 10 cm deep secondary tillage events in spring,25,3,spring or fall depending on site,conventional tillage,,,,,,,,,,,,,,,,,,
166,1962-25,1,0,"moldboard plow with no further tillage events in spring (1983, paraplow to 35 cm depth)",25,1,spring or fall depending on site,minimum tillage,,,,,,,,,,,,,,,,,,
166,1962-25,2,0,no-tillage,0,0,,no-tillage,,,,,,,,,,,,,,,,,,
167,1985-2,0,0,moldboard plow (20-25 cm deep) in November and in the spring cultivated twice to 10 cm depth,25,3,November and spring,,,,,,,,,,,,,,,,,,,
167,1985-2,1,0,no-tillage,0,0,,,,,,,,,,,,,,,,,,,,
167,1985-2,2,0,,,,,,continuous maize crop rotation,,,,,,,,,,,,,,,,,
167,1985-2,3,0,,,,,,maize-soybean crop rotation,,,,,,,,,,,,,,,,,
168,1975-11,0,0,moldboard plow in the fall (20 cm depth) with disk and harrowing and/or field cultivation in the spring,20,,,,,,,,,,,,,,,,,,,,,
168,1975-11,1,0,chisel plow in the fall (20 cm depth) with disk and harrowing and/or field cultivation in the spring,20,,,,,,,,,,,,,,,,,,,,,
168,1975-11,2,0,ridge-tillage with re-ridging occuring at final cultivation each year (cultivation occurred 1-2x for weed management),,,,,,,,,,,,,,,,,,,,,,
169,1988-3,0,0,moldboard plow and disked in spring,,2,,,,,,,,,,,,,,,,,,,,
169,1988-3,1,0,no-tillage,,0,,,,,,,,,,,,,,,,,,,,
170,1985-3,0,0,spring chisel plow,,,,,,,,,,,,,,,,,,,,,,
170,1985-3,1,0,ridge tillage,,,,,,,,,,,,,,,,,,,,,,
170,1985-3,2,0,no-tillage,,,,,,,,,,,,,,,,,,,,,,
171,1975-13,0,0,moldboard plowed in fall (25 cm depth) then disked and field-cultivated to 10 cm in spring before planting,25,3,,,,,,,,,,,,,,,,,,,,
171,1975-13,1,0,no-tillage,,0,,,,,,,,,,,,,,,,,,,,
172,1978-10,0,0,conventional,,,,,,,,,,,,,,,,,,,,,,
172,1978-10,1,0,reduced-tillage,,,,,,,,,,,,,,,,,,,,,,
172,1978-10,2,0,no-tillage,,,,,,,,,,,,,,,,,,,,,,
173,1982-4,0,0,"moldboard plow in fall to 20 cm depth, disked or field cultivated in the spring to 10 cm depth, and harrowed before planting.",20,3,,,,,,,,,,,,,,,,,,,,
173,1982-4,1,0,paraplow to a 30 cm depth in the fall,30,1,,,,,,,,,,,,,,,,,,,,
173,1982-4,2,0,chisel plow to 20 cm depth in the fall and spring disked or cultivated to 10 cm depth and harrowed,20,3,,,,,,,,,,,,,,,,,,,,
173,1982-4,3,0,no-tillage,0,0,,,,,,,,,,,,,,,,,,,,
174,1985-4,0,0,conventional tillage (disked twice with a tandem disk and then harrowed),,3,,,,,,,,,,,,,,,,,,,,
174,1985-4,1,0,no-tillage,,0,,,,,,,,,,,,,,,,,,,,
174,1985-4,2,0,,,,,,no cover crop,,,,,,,,,,,,,,,,,
174,1985-4,3,0,,,,,,hairy vetch cover crop,,,,,,,,,,,,,,,,,
174,1985-4,4,0,,,,,,0 kg/ha N fertilizer,,,,,,,,,,,,,,,,,
174,1985-4,5,0,,,,,,67 kg/ha N fertilizer,,,,,,,,,,,,,,,,,
174,1985-4,6,0,,,,,,134 kg/ha N fertilizer,,,,,,,,,,,,,,,,,
175,1987-3,0,0,"moldboard plow (1987 in the spring and fall thereafter), disked and harrowed in the spring before planting",,3,,,,,,,,,,,,,,,,,,,,
175,1987-3,1,0,"chisel plow (1987 in the spring and fall thereafter), disked and harrowed in the spring before planting",,3,,,,,,,,,,,,,,,,,,,,
175,1987-3,2,0,ridge-tillage (mid-season ridging) maintained at 20 cm above the row middle,,1,,,,,,,,,,,,,,,,,,,,
175,1987-3,3,0,,,,,,0 kg/ha N fertilizer,,,,,,,,,,,,,,,,,
175,1987-3,4,0,,,,,,65 kg/ha N fertilizer,,,,,,,,,,,,,,,,,
175,1987-3,5,0,,,,,,130 kg/ha N fertilizer,,,,,,,,,,,,,,,,,
175,1987-3,6,0,,,,,,195 kg/ha N fertilizer,,,,,,,,,,,,,,,,,
175,1987-3,7,0,,,,,,260 kg/ha N fertilizer,,,,,,,,,,,,,,,,,
176,1962-30,0,0,moldboard plow (20-25 cm deep) followed by at least two other 10 cm deep secondary tillage events in spring,25,2,,,,,,,,,,,,,,,,,,,,
176,1962-30,1,0,chisel plow (30 cm depth) in fall,30,1,,,,,,,,,,,,,,,,,,,,
176,1962-30,2,0,no-tillage,0,0,,,,,,,,,,,,,,,,,,,,
177,1984-7,0,0,paraplowed each fall to 35 cm depth,35,1,,,,,,,,,,,,,,,,,,,,
177,1984-7,1,0,chisel plow each spring to 25 cm depth,25,1,,,,,,,,,,,,,,,,,,,,
177,1984-7,2,0,no-tillage,0,0,,,,,,,,,,,,,,,,,,,,
178,1988-3,0,0,moldboard plow and disked before planting,,2,,,,,,,,,,,,,,,,,,,,
178,1988-3,1,0,no-tillage,,0,,,,,,,,,,,,,,,,,,,,
178,1988-3,2,0,,,,,,maize monoculture,,,,,,,,,,,,,,,,,
178,1988-3,3,0,,,,,,soybean monoculture,,,,,,,,,,,,,,,,,
178,1988-3,4,0,,,,,,strip intercropping of maize and soybean,,,,,,,,,,,,,,,,,
179,1988-3,0,0,moldboard plow and disked before planting,,2,,,,,,,,,,,,,,,,,,,,
179,1988-3,1,0,no-tillage,,0,,,,,,,,,,,,,,,,,,,,
179,1988-3,2,0,,,,,,maize.soybean rotation,,,,,,,,,,,,,,,,,
179,1988-3,3,0,,,,,,strip intercropping of maize and soybean,,,,,,,,,,,,,,,,,
180,1962-30,0,0,moldboard plow (20-25 cm deep) followed by at least two other 10 cm deep secondary tillage events in spring,25,2,,,,,,,,,,,,,,,,,,,,
180,1962-30,1,0,chisel plow (30 cm depth) in fall since 1984 (prior moldboard plow),30,1,,,,,,,,,,,,,,,,,,,,
180,1962-30,2,0,no-tillage,0,0,,,,,,,,,,,,,,,,,,,,
180,1962-30,3,0,,,,,,continuous maize,,,,,,,,,,,,,,,,,
180,1962-30,4,0,,,,,,maize/soybean 2 yr rotation,,,,,,,,,,,,,,,,,
180,1962-30,5,0,,,,,,"maize, oat, and meadow rotation",,,,,,,,,,,,,,,,,
181,1982-9,0,0,chisel plow at 20-23 cm depth followed by field cultivation at 10-13 cm depth in spring,23,2,,,,,,,,,,,,,,,,,,,,
181,1982-9,1,0,no-tillage,0,0,,,,,,,,,,,,,,,,,,,,
181,1982-9,2,0,,,,,,unfertilized ,,,,,,,,,,,,,,,,,
181,1982-9,3,0,,,,,,"annual inorganic fertilier (ammonium nitrate, broadcast at either 196 or 235 kg N/ha)",,,,,,,,,,,,,,,,,
181,1982-9,4,0,,,,,,annual application of manure slurry (injected at 284 kg N/ha at 20-25 cm depth),,,,,,,,,,,,,,,,,
181,1982-9,5,0,,,,,,biennial (applied every other year) application of manure slurry (injected at 284 kg N/ha at 20-25 cm depth),,,,,,,,,,,,,,,,,
182,1982-9,0,0,chisel plow at 20-23 cm depth followed by field cultivation at 10-13 cm depth in spring,23,2,,,,,,,,,,,,,,,,,,,,
182,1982-9,1,0,no-tillage,0,0,,,,,,,,,,,,,,,,,,,,
182,1982-9,2,0,,,,,,unfertilized ,,,,,,,,,,,,,,,,,
182,1982-9,3,0,,,,,,"annual inorganic fertilier (ammonium nitrate, broadcast at either 196 or 235 kg N/ha)",,,,,,,,,,,,,,,,,
182,1982-9,4,0,,,,,,annual application of manure slurry (injected at 284 kg N/ha at 20-25 cm depth),,,,,,,,,,,,,,,,,
182,1982-9,5,0,,,,,,biennial (applied every other year) application of manure slurry (injected at 284 kg N/ha at 20-25 cm depth),,,,,,,,,,,,,,,,,
183,1987-4,0,0,chisel plow to 15 cm depth and tandem disk in April,15,2,,,,,,,,,,,,,,,,,,,,
183,1987-4,1,0,no-tillage,0,0,,,,,,,,,,,,,,,,,,,,
183,1987-4,2,0,,,,,,continuous maize,,,,,,,,,,,,,,,,,
183,1987-4,3,0,,,,,,maize/soybean crop rotation,,,,,,,,,,,,,,,,,
183,1987-4,4,0,,,,,,0 kg N/ha,,,,,,,,,,,,,,,,,
183,1987-4,5,0,,,,,,67 kg N/ha,,,,,,,,,,,,,,,,,
183,1987-4,6,0,,,,,,135 kg N/ha,,,,,,,,,,,,,,,,,
183,1987-4,7,0,,,,,,202 kg N/ha,,,,,,,,,,,,,,,,,
183,1987-4,8,0,,,,,,269 kg N/ha,,,,,,,,,,,,,,,,,
184,1982-12,0,0,moldboard plow to 20 cm depth in fall with disking or field cultivation in spring,20,2,,,,,,,,,,,,,,,,,,,,
184,1982-12,1,0,no-tillage,0,0,,,,,,,,,,,,,,,,,,,,
185,1975-20,0,0,moldboard plow to 20 cm depth in fall with disking or field cultivation in spring,20,2,,,,,,,,,,,,,,,,,,,,
185,1975-20,1,0,"chisel plow to 20 cm in fall, one disk and field cultivation (10 cm depth) in spring",20,3,,,,,,,,,,,,,,,,,,,,
185,1975-20,2,0,ridge tillage in fall,,1,,,,,,,,,,,,,,,,,,,,
185,1975-20,3,0,no-tillage,0,0,,,,,,,,,,,,,,,,,,,,
186,1987-8,0,0,moldboard plow to 20-25 cm depth in fall with secondary tillage operations in spring before sowing,25,3,,,,,,,,,,,,,,,,,,,,
186,1987-8,1,0,chisel plow to 20-25 cm depth in fall with secondary tillage operations in spring before sowing,25,3,,,,,,,,,,,,,,,,,,,,
186,1987-8,2,0,no-tillage,0,0,,,,,,,,,,,,,,,,,,,,
187,1982-12,0,0,moldboard plow in spring followed by primary and secondary disking,,3,,,,,,,,,,,,,,,,,,,,
187,1982-12,1,0,chisel plow in spring followed by primary and secondary disking,,3,,,,,,,,,,,,,,,,,,,,
187,1982-12,2,0,no-tillage,,0,,,,,,,,,,,,,,,,,,,,
187,1982-12,3,0,,,,,,continuous maize crop rotation,,,,,,,,,,,,,,,,,
187,1982-12,4,0,,,,,,continuous soybean crop rotation,,,,,,,,,,,,,,,,,
187,1982-12,5,0,,,,,,fallow,,,,,,,,,,,,,,,,,
188,1977-16,0,0,moldboard plow in fall,,,,,,,,,,,,,,,,,,,,,,
188,1977-16,1,0,chisel plown in fall,,,,,,,,,,,,,,,,,,,,,,
188,1977-16,2,0,ridge-tillage,,,,,,,,,,,,,,,,,,,,,,
188,1977-16,3,0,no-tillage,,,,,,,,,,,,,,,,,,,,,,
188,1977-16,4,0,,,,,,continuous maize crop rotation,,,,,,,,,,,,,,,,,
188,1977-16,5,0,,,,,,maize/soybean crop rotation,,,,,,,,,,,,,,,,,
189,1989-5,0,0,spring disk with cultivation for weed management at V7,,,,,,,,,,,,,,,,,,,,,,
189,1989-5,1,0,no-tillage with cultivation for weed management at V7,,,,,,,,,,,,,,,,,,,,,,
189,1989-5,2,0,,,,,,maize/soybean crop rotation,,,,,,,,,,,,,,,,,
189,1989-5,3,0,,,,,,continuous maize,,,,,,,,,,,,,,,,,
189,1989-5,4,0,,,,,,maize/soybean with winter rye crop rotation,,,,,,,,,,,,,,,,,
189,1989-5,5,0,,,,,,0 kg N/ha,,,,,,,,,,,,,,,,,
189,1989-5,6,0,,,,,,50 kg N/ha,,,,,,,,,,,,,,,,,
189,1989-5,7,0,,,,,,100 kg N/ha,,,,,,,,,,,,,,,,,
189,1989-5,8,0,,,,,,150 kg N/ha,,,,,,,,,,,,,,,,,
189,1989-5,9,0,,,,,,300 kg N/ha,,,,,,,,,,,,,,,,,
190,1991-3,0,0,chisel plow,,,,,,,,,,,,,,,,,,,,,,
190,1991-3,1,0,no-tillage,,,,,,,,,,,,,,,,,,,,,,
190,1991-3,2,0,,,,,,maize/soybean crop rotation,,,,,,,,,,,,,,,,,
190,1991-3,3,0,,,,,,continuous maize crop rotation,,,,,,,,,,,,,,,,,
190,1991-3,4,0,,,,,,continuous soybean crop rotation,,,,,,,,,,,,,,,,,
190,1991-3,5,0,,,,,,112 kg N/ha,,,,,,,,,,,,,,,,,
190,1991-3,6,0,,,,,,224 kg N/ha,,,,,,,,,,,,,,,,,
191,1994-1,0,0,moldboard plow in fall with disking twice before planting,,3,,,,,,,,,,,,,,,,,,,,
191,1994-1,1,0,moldboard plow in spring with disking twice before planting,,3,,,,,,,,,,,,,,,,,,,,
191,1994-1,2,0,no-tillage,,0,,,,,,,,,,,,,,,,,,,,
191,1994-1,3,0,undisturbed,,,,,,,,,,,,,,,,,,,,,,
192,1984-12,0,0,paraplowed in fall,,,,,,,,,,,,,,,,,,,,,,
192,1984-12,1,0,chisel plow,,,,,,,,,,,,,,,,,,,,,,
192,1984-12,2,0,disking,,,,,,,,,,,,,,,,,,,,,,
192,1984-12,3,0,no-tillage,,,,,,,,,,,,,,,,,,,,,,
192,1984-12,4,0,plowing...unspecified type,,,,,,,,,,,,,,,,,,,,,,
193,1962-30,0,0,moldboard plow (20-25 cm depth) in fall or spring depending on site and at least 2 other deep secondary tillage events before planting,25,3,,,,,,,,,,,,,,,,,,,,
193,1962-30,1,0,chisel plow to 25 cm depth in spring,25,1,,,,,,,,,,,,,,,,,,,,
193,1962-30,2,0,no-tillage,0,0,,,,,,,,,,,,,,,,,,,,
194,1987-10,0,0,moldboard plow,,,,,,,,,,,,,,,,,,,,,,
194,1987-10,1,0,chisel plow,,,,,,,,,,,,,,,,,,,,,,
194,1987-10,2,0, no-tillage,,,,,,,,,,,,,,,,,,,,,,
194,1987-10,3,0,,,,,,0 Mg weight (axle load),,,,,,,,,,,,,,,,,
194,1987-10,4,0,,,,,,10 Mg weight (axle load),,,,,,,,,,,,,,,,,
194,1987-10,5,0,,,,,,20 Mg weight (axle load),,,,,,,,,,,,,,,,,
195,1990-5,0,0,tandem disk twice in opposite directions (10-12 cm depth) with residue removed and replaced after planting,,,,,,,,,,,,,,,,,,,,,,
195,1990-5,1,0,tandem disk twice in opposite directions (10-12 cm depth) with residue not removed,,,,,,,,,,,,,,,,,,,,,,
195,1990-5,2,0,no-tillage with residue removed and replaced after planting,,,,,,,,,,,,,,,,,,,,,,
195,1990-5,3,0,no-tillage with residue not removed,,,,,,,,,,,,,,,,,,,,,,
195,1990-5,4,0,,,,,,0 kg N/ha applied,,,,,,,,,,,,,,,,,
195,1990-5,5,0,,,,,,56 kg N/ha applied,,,,,,,,,,,,,,,,,
195,1990-5,6,0,,,,,,112 kg N/ha applied,,,,,,,,,,,,,,,,,
195,1990-5,7,0,,,,,,168 kg N/ha applied,,,,,,,,,,,,,,,,,
195,1990-5,8,0,,,,,,broadcast fertilizer application at 6 leaf stage,,,,,,,,,,,,,,,,,
195,1990-5,9,0,,,,,,sidedress fertilizer application at 6 leaf stage,,,,,,,,,,,,,,,,,
196,1995-1,0,0,chisel plow fall and spring,,,,,,,,,,,,,,,,,,,,,,
196,1995-1,1,0,no-tillage,,,,,,,,,,,,,,,,,,,,,,
197,1993-3,0,0,"disked before planting, 15-30% residue remained",,,,,,,,,,,,,,,,,,,,,,
197,1993-3,1,0,no-tillage,,,,,,,,,,,,,,,,,,,,,,
197,1993-3,2,0,,,,,,wide row spacing (76 cm),,,,,,,,,,,,,,,,,
197,1993-3,3,0,,,,,,narrow row spacing (25 cm),,,,,,,,,,,,,,,,,
198,1986-3,0,0,moldboard plow in fall to 8 or 9 inches with once cultivator pass in spring before planting,,2,,,,,,,,,,,,,,,,,,,,
198,1986-3,1,0,paraplow in the fall at 12-14 inches deep,,1,,,,,,,,,,,,,,,,,,,,
198,1986-3,2,0,"chisel plow at 7 to 8 inches in fall with disking applied in spring before planting soybeans, no tillage in spring before maize",,1.5,,,,,,,,,,,,,,,,,,,,
198,1986-3,3,0,ridge tillage consisted of six-inch high ridges formed during the last cultivation in late June or early July,,1,,,,,,,,,,,,,,,,,,,,
198,1986-3,4,0,no-tillage,,,,,,,,,,,,,,,,,,,,,,
198,1986-3,5,0,,,,,,8 indeterminate soybean cultivars,,,,,,,,,,,,,,,,,
198,1986-3,6,0,,,,,,captan seed treatment,,,,,,,,,,,,,,,,,
198,1986-3,7,0,,,,,,metalaxyl seed treatment,,,,,,,,,,,,,,,,,
198,1986-3,8,0,,,,,,nontreated seed,,,,,,,,,,,,,,,,,
199,1989-6,0,0,moldboard plow to 15 cm depthin spring followed by disking and packing in a single pass,15,2,,,,,,,,,,,,,,,,,,,,
199,1989-6,1,0,ridge tillage,,,,,,,,,,,,,,,,,,,,,,
199,1989-6,2,0,no-tillage,0,0,,,,,,,,,,,,,,,,,,,,
200,1992-4,0,0,chisel plow in fall and light disk or field cultivator in spring,,2,,,,,,,,,,,,,,,,,,,,
200,1992-4,1,0,no-tillage,,0,,,,,,,,,,,,,,,,,,,,
201,1995-2,0,0,conventional till includes all tillage practices that leave less than 15% residue on surface,,,,,,,,,,,,,,,,,,,,,,
201,1995-2,1,0,minimum till included fields that were not either conventional-till or no-till but received various degrees of tillage operation and had various amounts of surface residues ranging between that of no-till and that of conventional-till,,,,,,,,,,,,,,,,,,,,,,
201,1995-2,2,0,no-tillage ,,,,,,,,,,,,,,,,,,,,,,
201,1995-2,3,0,"conservation tillage included all tillage practices that maintain 15 to 30% residue after planting (includes no-tillage, mulch-tillage, and ridge-tillage)",,,,,,,,,,,,,,,,,,,,,,
202,1962-26,0,0,moldboard plow (20-25 cm depth) in spring or fall with at least 2 10 cm deep secondary disk tillage events in spring,25,3,,,,,,,,,,,,,,,,,,,,
202,1962-26,1,0,"chisel plow to 30 cm depth in fall, no secondary tillage",30,1,,,,,,,,,,,,,,,,,,,,
202,1962-26,2,0,no-tillage,0,0,,,,,,,,,,,,,,,,,,,,
203,1987-7,0,0,moldboard plow to 20 cm depth with spring disking prior to sowing,20,2,,,,,,,,,,,,,,,,,,,,
203,1987-7,1,0,chisel plow to 30 cm depth with spring disking prior to sowing,30,2,,,,,,,,,,,,,,,,,,,,
203,1987-7,2,0,no-tillage,0,0,,,,,,,,,,,,,,,,,,,,
204,1986-9,0,0,conventional till,,,,,,,,,,,,,,,,,,,,,,
204,1986-9,1,0,no-tillage,,,,,,,,,,,,,,,,,,,,,,
205,1976-17,0,0,chisel plow  in fall with cultivation before planting,,,,,,,,,,,,,,,,,,,,,,
205,1976-17,1,0,disk tillage in fall with disk tillage and cultivation in spring,,,,,,,,,,,,,,,,,,,,,,
205,1976-17,2,0,lister tillage in fall with disk tillage and cultivation in spring,,,,,,,,,,,,,,,,,,,,,,
205,1976-17,3,0,ridge tillage in mid June,,,,,,,,,,,,,,,,,,,,,,
205,1976-17,4,0,rotary tillage prior to planting,,,,,,,,,,,,,,,,,,,,,,
205,1976-17,5,0,slot tillage (no-tillage),,,,,,,,,,,,,,,,,,,,,,
206,1994-4,1,0,moldboard plow at 15 cm depth and two disk cultivations,15,3,,,,,,,,,,,,,,,,,,,,
206,1994-4,2,0,no-tillage,0,0,,,,,,,,,,,,,,,,,,,,
207,1995-2,0,0,conventional till includes all tillage practices that leave less than 15% residue on surface,,,,,,,,,,,,,,,,,,,,,,
207,1995-2,1,0,minimum till included fields that were not either conventional-till or no-till but received various degrees of tillage operation and had various amounts of surface residues ranging between that of no-till and that of conventional-till,,,,,,,,,,,,,,,,,,,,,,
207,1995-2,2,0,no-tillage ,,,,,,,,,,,,,,,,,,,,,,
207,1995-2,3,0,"conservation tillage included all tillage practices that maintain 15 to 30% residue after planting (includes no-tillage, mulch-tillage, and ridge-tillage)",,,,,,,,,,,,,,,,,,,,,,
208,1994-4,0,0,conventional tillage (unspecified type),,,,,,,,,,,,,,,,,,,,,,
208,1994-4,1,0,conservation tillage (no-tillage),,,,,,,,,,,,,,,,,,,,,,
209,1994-3,0,0,"disk tillage in fall, disking in spring, and field cultivator following herbicides",,3,,,,,,,,,,,,,,,,,,,,
209,1994-3,1,0,mulch master (single pass following herbicide),,1,,,,,,,,,,,,,,,,,,,,
209,1994-3,2,0,no-tillage,,0,,,,,,,,,,,,,,,,,,,,
210,1988-12,0,0,moldboard plow,,,,,,,,,,,,,,,,,,,,,,
210,1988-12,1,0,chisel plow,,,,,,,,,,,,,,,,,,,,,,
210,1988-12,2,0,no-tillage,,,,,,,,,,,,,,,,,,,,,,
210,1988-12,3,0,,,,,,7.5 Mg controlled traffic,,,,,,,,,,,,,,,,,
210,1988-12,4,0,,,,,,7.5 Mg covering entire plot,,,,,,,,,,,,,,,,,
211,1980-13,0,0,moldboard plow in fall at 17-20 cm depth,,1,,,,,,,,,,,,,,,,,,,,
211,1980-13,1,0,chisel plow in fall at 17-20 cm depth,,1,,,,,,,,,,,,,,,,,,,,
211,1980-13,2,0,no-tillage,,0,,,,,,,,,,,,,,,,,,,,
212,1980-13,0,0,moldboard plow in fall at 17-20 cm depth,,1,,,,,,,,,,,,,,,,,,,,
212,1980-13,1,0,chisel plow in fall at 17-20 cm depth,,1,,,,,,,,,,,,,,,,,,,,
212,1980-13,2,0,no-tillage,,0,,,,,,,,,,,,,,,,,,,,
213,1993-6,0,0,chisel plow,,,,,,,,,,,,,,,,,,,,,,
213,1993-6,1,0,no-tillage,,,,,,,,,,,,,,,,,,,,,,
214,1997-1,0,0,disk tillage in spring,,,,,,,,,,,,,,,,,,,,,,
214,1997-1,1,0,ridge tillage,,,,,,,,,,,,,,,,,,,,,,
214,1997-1,2,0,no-tillage (slot plant),,,,,,,,,,,,,,,,,,,,,,
215,1993-4,0,0,moldboard plow in fall,,,,,,,,,,,,,,,,,,,,,,
215,1993-4,1,0,"moldboard plow in fall following maize, chisel plow in fall following soybean",,,,,,,,,,,,,,,,,,,,,,
215,1993-4,2,0,chisel plow in fall,,,,,,,,,,,,,,,,,,,,,,
215,1993-4,3,0,ridge tillage,,,,,,,,,,,,,,,,,,,,,,
215,1993-4,4,0,no-tillage,,,,,,,,,,,,,,,,,,,,,,
216,1990-11,0,0,moldboard or chisel plow in fall,,,,,,,,,,,,,,,,,,,,,,
216,1990-11,1,0,ridge tillage,,,,,,,,,,,,,,,,,,,,,,
216,1990-11,2,0,,,,,,nitrogen additions aiming for 8.5 Mg grain/ha,,,,,,,,,,,,,,,,,
216,1990-11,3,0,,,,,,nitrogen additions aiming for 5.3 Mg grain/ha,,,,,,,,,,,,,,,,,
216,1990-11,4,0,,,,,,unfertilized,,,,,,,,,,,,,,,,,
217,1994-4,0,0,fall chisel plow (20 cm deep) with spring disking (10 cm) and field cultivation (5 cm),20,3,,,,,,,,,,,,,,,,,,,,
217,1994-4,1,0,spring disking (10 cm) and field cultivation (5 cm),10,3,,,,,,,,,,,,,,,,,,,,
217,1994-4,2,0,ridge tillage up to 10 cm high,,1,,,,,,,,,,,,,,,,,,,,
217,1994-4,3,0,no-tillage,0,0,,,,,,,,,,,,,,,,,,,,
218,1994-4,0,0,moldboard plow and 3 disk passes in spring,,4,,,,,,,,,,,,,,,,,,,,
218,1994-4,1,0,disking three times in spring,,3,,,,,,,,,,,,,,,,,,,,
218,1994-4,2,0,no-tillage,,0,,,,,,,,,,,,,,,,,,,,
218,1994-4,3,0,undisturbed residue management,,,,,,,,,,,,,,,,,,,,,,
218,1994-4,4,0,shredded residue management,,,,,,,,,,,,,,,,,,,,,,
218,1994-4,5,0,removal residue management,,,,,,,,,,,,,,,,,,,,,,
219,1989-1,0,0,moldboard plow followed by disk,,2,,,,,,,,,,,,,,,,,,,,
219,1989-1,1,0,no-tillage,,0,,,,,,,,,,,,,,,,,,,,
220,1999-2,0,0,moldboard plow in fall,,,,,,,,,,,,,,,,,,,,,,
220,1999-2,1,0,chisel plow in fall,,,,,,,,,,,,,,,,,,,,,,
220,1999-2,2,0,no-tillage,,,,,,,,,,,,,,,,,,,,,,
221,1995-6,0,0,chisel plow,,,,,,,,,,,,,,,,,,,,,,
221,1995-6,1,0,no-tillage,,,,,,,,,,,,,,,,,,,,,,
221,1995-6,2,0,,,,,,180 kg N/ha/yr,,,,,,,,,,,,,,,,,
221,1995-6,3,0,,,,,,0 kg N/ha/yr,,,,,,,,,,,,,,,,,
222,1963-36,0,0,moldboard plow (20-25 cm) followed by two secondary tillage operations (10 cm deep) [timing varied by site],,,,,,,,,,,,,,,,,,,,,,
222,1963-36,1,0,chisel plow [timing varied by site],,,,,,,,,,,,,,,,,,,,,,
222,1963-36,2,0,no-tillage,,,,,,,,,,,,,,,,,,,,,,
223,1993-6,0,0,chisel plow in fall with field cultivation in spring,,2,,,,,,,,,,,,,,,,,,,,
223,1993-6,1,0,no-tillage,,0,,,,,,,,,,,,,,,,,,,,
223,1993-6,2,0,maize after soybean,,,,,,,,,,,,,,,,,,,,,,
223,1993-6,3,0,soybean after maize,,,,,,,,,,,,,,,,,,,,,,
224,1971-18,0,0,conventional tillage,,,,,,,,,,,,,,,,,,,,,,
224,1971-18,1,0,no-tillage,,,,,,,,,,,,,,,,,,,,,,
225,1980-18,0,0,moldboard plow,,,,,,,,,,,,,,,,,,,,,,
225,1980-18,1,0,spring chisel,,,,,,,,,,,,,,,,,,,,,,
225,1980-18,2,0,no-tillage,,,,,,,,,,,,,,,,,,,,,,
226,1995-4,0,0,chisel plow,,,,,,,,,,,,,,,,,,,,,,
226,1995-4,1,0,no-tillage,,,,,,,,,,,,,,,,,,,,,,
227,1995-5,0,0,chisel plow,,,,,,,,,,,,,,,,,,,,,,
227,1995-5,1,0,no-tillage,,,,,,,,,,,,,,,,,,,,,,
228,1993-8,0,0,fall chisel plow with spring disking before planting,,2,,,,,,,,,,,,,,,,,,,,
228,1993-8,1,0,no-tillage,,0,,,,,,,,,,,,,,,,,,,,
229,1997-4,0,0,fal chisel plow with two field cultivations in spring before planting,,3,,,,,,,,,,,,,,,,,,,,
229,1997-4,1,0,no-tillage,,0,,,,,,,,,,,,,,,,,,,,
229,1997-4,2,0,,,,,,irrigation,,,,,,,,,,,,,,,,,
229,1997-4,3,0,,,,,,unirrigated,,,,,,,,,,,,,,,,,
229,1997-4,4,0,,,,,,soybean cultivar Hardin,,,,,,,,,,,,,,,,,
229,1997-4,5,0,,,,,,soybean cultivar CX232,,,,,,,,,,,,,,,,,
229,1997-4,6,0,,,,,,soybean cultivar Spansoy 250,,,,,,,,,,,,,,,,,
230,1993-8,0,0,moldboard plow (20-25 cm dep) in the fall followed by disking (7.5-10 cm),25,2,,,,,,,,,,,,,,,,,,,,
230,1993-8,1,0,chisel plow in fall (7.5-10 cm) with cultivation in spring to incorporate soybean residue,10,2,,,,,,,,,,,,,,,,,,,,
230,1993-8,2,0,no-tillage,,0,,,,,,,,,,,,,,,,,,,,
231,1996-4,0,0,chisel plow (20 cm depth) in fall and field cultivated,,2,,,,,,,,,,,,,,,,,,,,
231,1996-4,1,0,disked in spring to 10 cm depth,,1,,,,,,,,,,,,,,,,,,,,
231,1996-4,2,0,strip tillage to 20 cm depth in fall,,1,,,,,,,,,,,,,,,,,,,,
231,1996-4,3,0,no-tillage,,0,,,,,,,,,,,,,,,,,,,,
231,1996-4,4,0,,,,,,fertilizer applied in fall in crop row,,,,,,,,,,,,,,,,,
231,1996-4,5,0,,,,,,fertilizer applied in spring in crop interrow,,,,,,,,,,,,,,,,,
231,1996-4,6,0,,,,,,no fertilizer,,,,,,,,,,,,,,,,,
232,1986-16,0,0,moldboard plow at 25 cm depth with disking before planting (<10 cm),,2,,,,,,,,,,,,,,,,,,,,
232,1986-16,1,0,subsoil tillage at 36 cm depth with disking before planting (<10 cm),,2,,,,,,,,,,,,,,,,,,,,
232,1986-16,2,0,chisel plow at 25 cm depth with disking before planting (<10 cm),,2,,,,,,,,,,,,,,,,,,,,
232,1986-16,3,0,tandom disk at 10 cm depth with disking before planting (<10 cm),,2,,,,,,,,,,,,,,,,,,,,
232,1986-16,4,0,ridge tillage,,,,,,,,,,,,,,,,,,,,,,
232,1986-16,5,0,no-tillage,,,,,,,,,,,,,,,,,,,,,,
233,1978-24,0,0,moldboard plow in fall with spring cultivation (10 cm),,,,,,,,,,,,,,,,,,,,,,
233,1978-24,1,0,"tillage plant (sweep, double disk, or flat disk) in spring",,,,,,,,,,,,,,,,,,,,,,
233,1978-24,2,0,disking in spring (alternative tillage),,,,,,,,,,,,,,,,,,,,,,
233,1978-24,3,0,chisel plow at 25 cm depth with disking before planting (<10 cm),,,,,,,,,,,,,,,,,,,,,,
233,1978-24,4,0,field cultivation in spring,,,,,,,,,,,,,,,,,,,,,,
233,1978-24,5,0,disking in spring (reduced tillage),,,,,,,,,,,,,,,,,,,,,,
233,1978-24,6,0,ridge tillage with two passes of spring disking,,,,,,,,,,,,,,,,,,,,,,
233,1978-24,7,0,no-tillage,,,,,,,,,,,,,,,,,,,,,,
234,1994-8,0,0,chisel plow at 15-18 cm depth with disk and field cultivation before planting,18,3,,,,,,,,,,,,,,,,,,,,
234,1994-8,1,0,ridge tillage (5-8 cm depth) were cultivated twice per year to reform ridges,8,2,,,,,,,,,,,,,,,,,,,,
234,1994-8,2,0,no-tillage,,0.5,,,,,,,,,,,,,,,,,,,,
234,1994-8,3,0,,,,,,lime application rate,,,,,,,,,,,,,,,,,
235,1978-24,0,0,moldboard plow in fall with spring cultivation (10 cm),,,,,,,,,,,,,,,,,,,,,,
235,1978-24,1,0,"tillage plant (sweep, double disk, or flat disk) in spring",,,,,,,,,,,,,,,,,,,,,,
235,1978-24,2,0,disking in spring (alternative tillage),,,,,,,,,,,,,,,,,,,,,,
235,1978-24,3,0,chisel plow at 25 cm depth with disking before planting (<10 cm),,,,,,,,,,,,,,,,,,,,,,
235,1978-24,4,0,field cultivation in spring,,,,,,,,,,,,,,,,,,,,,,
235,1978-24,5,0,disking in spring (reduced tillage),,,,,,,,,,,,,,,,,,,,,,
235,1978-24,6,0,ridge tillage with two passes of spring disking,,,,,,,,,,,,,,,,,,,,,,
235,1978-24,7,0,no-tillage,,,,,,,,,,,,,,,,,,,,,,
236,2001-2,0,0,chisel plow in fall with fall fertilizer,,,,,,,,,,,,,,,,,,,,,,
236,2001-2,1,0,strip tillage in fall with fall fertilizer,,,,,,,,,,,,,,,,,,,,,,
236,2001-2,2,0,no-tillage with fall fertilizer,,,,,,,,,,,,,,,,,,,,,,
237,1995-7,0,0,chisel plow,,,,,,,,,,,,,,,,,,,,,,
237,1995-7,1,0,no-tillage,,,,,,,,,,,,,,,,,,,,,,
238,2001-2,0,0,chisel plow in fall with fall fertilizer,,,,,,,,,,,,,,,,,,,,,,
238,2001-2,1,0,strip tillage in fall with fall fertilizer,,,,,,,,,,,,,,,,,,,,,,
238,2001-2,2,0,no-tillage with fall fertilizer,,,,,,,,,,,,,,,,,,,,,,
239,1993-9,0,0,moldboard plow (20-25 cm dep) in the fall followed by disking (7.5-10 cm),25,2,,,,,,,,,,,,,,,,,,,,
239,1993-9,1,0,chisel plow in fall (7.5-10 cm) with cultivation in spring to incorporate soybean residue,10,2,,,,,,,,,,,,,,,,,,,,
239,1993-9,2,0,no-tillage,,0,,,,,,,,,,,,,,,,,,,,
240,1981-11,0,0,moldboard plow,,,,,,,,,,,,,,,,,,,,,,
240,1981-11,1,0,chisel plow,,,,,,,,,,,,,,,,,,,,,,
240,1981-11,2,0,no-tillage,,,,,,,,,,,,,,,,,,,,,,
241,1998-4,0,0,moldboard plow (25 cm deep) in fall with one spring cultivation (10 cm deep),25,2,,,,,,,,,,,,,,,,,,,,
241,1998-4,1,0,chisel plow (22-25 cm deep) in fall with spring cultivation (10 cm deep),25,2,,,,,,,,,,,,,,,,,,,,
241,1998-4,2,0,deep rip (40-46 cm deep) in fall with one spring cultivation (10 cm deep),46,2,,,,,,,,,,,,,,,,,,,,
241,1998-4,3,0,strip tillage (20 cm deep),20,1,,,,,,,,,,,,,,,,,,,,
241,1998-4,4,0,no-tillage,0,0,,,,,,,,,,,,,,,,,,,,
242,1994-7,0,0,moldboard plow (25 cm depth) with single cultivation before planting (10 cm depth),,,,,,,,,,,,,,,,,,,,,,
242,1994-7,1,0,deep ripping (40-46 cm deep) with single cultivation before planting (10 cm depth),,,,,,,,,,,,,,,,,,,,,,
242,1994-7,2,0,chisel plow (22-25 cm depth) with single cultivation before planting (10 cm depth),,,,,,,,,,,,,,,,,,,,,,
242,1994-7,3,0,strip tillage (20 cm wide x 20 cm deep),,,,,,,,,,,,,,,,,,,,,,
242,1994-7,4,0,no-tillage,,,,,,,,,,,,,,,,,,,,,,
243,2001-3,0,0,chisel plow (20 cm depth) in fall with field cultivation in spring (5 cm),20,2,,,,,,,,,,,,,,,,,,,,
243,2001-3,1,0,no-tillage,,0,,,,,,,,,,,,,,,,,,,,
243,2001-3,2,0,,,,,,glyphosate herbicide,,,,,,,,,,,,,,,,,
243,2001-3,3,0,,,,,,cloransulum plus S-metolachlor plus sulfentrazone herbicide,,,,,,,,,,,,,,,,,
244,1994-7,0,0,moldboard plow (25 cm depth) with single cultivation before planting (10 cm depth),,,,,,,,,,,,,,,,,,,,,,
244,1994-7,1,0,deep ripping (40-46 cm deep) with single cultivation before planting (10 cm depth),,,,,,,,,,,,,,,,,,,,,,
244,1994-7,2,0,chisel plow (22-25 cm depth) with single cultivation before planting (10 cm depth),,,,,,,,,,,,,,,,,,,,,,
244,1994-7,3,0,strip tillage (20 cm wide x 20 cm deep),,,,,,,,,,,,,,,,,,,,,,
244,1994-7,4,0,no-tillage,,,,,,,,,,,,,,,,,,,,,,
245,1996-4,0,0,chisel plow (15-20 cm) in fall with field cultivation in spring (one pass with light disk harrow),,,,,,,,,,,,,,,,,,,,,,
245,1996-4,1,0,no-tillage,,,,,,,,,,,,,,,,,,,,,,
245,1996-4,2,0,,,,,,0 kg P/ha/yr and 0 kg K/ha/yr,,,,,,,,,,,,,,,,,
245,1996-4,3,0,,,,,,deep-band fertilization of 28 kg P/ha/yr and 66 kg K/ha/yr,,,,,,,,,,,,,,,,,
246,1990-13,0,0,chisel plow and disk,,2,,,,,,,,,,,,,,,,,,,,
246,1990-13,1,0,no-tillage,,0,,,,,,,,,,,,,,,,,,,,
247,1980-24,0,0,continuous chisel plow (24 yrs),,,,,,,,,,,,,,,,,,,,,,
247,1980-24,1,0,chisel plow (7 yrs) preceeded by moldboard plow (17 yrs),,,,,,,,,,,,,,,,,,,,,,
247,1980-24,2,0,no-tillage (6 yrs) preceeded by moldboard plow (17 yrs) and chisel plow (1 yr),,,,,,,,,,,,,,,,,,,,,,
247,1980-24,3,0,continuous no-tillage (24 yrs),,,,,,,,,,,,,,,,,,,,,,
248,2002-3,0,0,chisel plow in fall,,,,,,,,,,,,,,,,,,,,,,
248,2002-3,1,0,strip tillage in fall (20 cm deep),,,,,,,,,,,,,,,,,,,,,,
248,2002-3,2,0,no-tillage,,,,,,,,,,,,,,,,,,,,,,
249,1998-1,0,0,moldboard plow (25 cm deep) in summer,,1,,,,,,,,,,,,,,,,,,,,
249,1998-1,1,0,no-tillage,,0,,,,,,,,,,,,,,,,,,,,
250,1962-35,0,0,moldboard plow (20 cm deep),,,,,,,,,,,,,,,,,,,,,,
250,1962-35,1,0,chisel plow (30 cm deep),,,,,,,,,,,,,,,,,,,,,,
250,1962-35,2,0,no-tillage,,,,,,,,,,,,,,,,,,,,,,
251,1995-10,0,0,chisel plow (18 cm deep) in fall and tandem disk (9 cm deep) in spring,,,,,,,,,,,,,,,,,,,,,,
251,1995-10,1,0,no-tillage,,,,,,,,,,,,,,,,,,,,,,
252,2003-1,0,0,conventional tillage with high inputs,,,,,,,,,,,,,,,,,,,,,,
252,2003-1,1,0,no-tillage with high inputs,,,,,,,,,,,,,,,,,,,,,,
252,2003-1,2,0,conventional tillage with zero chemical input,,1,,,,,,,,,,,,,,,,,,,,
253,1980-23,0,0,moldboard plow with no secondary tillage,,1,,,,,,,,,,,,,,,,,,,,
253,1980-23,1,0,chisel plow with no secondary tillage,,0,,,,,,,,,,,,,,,,,,,,
253,1980-23,2,0,no-tillage,,,,,,,,,,,,,,,,,,,,,,
254,1998-1,0,0,moldboard plow (28.0 cm deep) in summer,28,1,,,,,,,,,,,,,,,,,,,,
254,1998-1,1,0,moldboard plow (20.3 cm deep) in summer,20.3,1,,,,,,,,,,,,,,,,,,,,
254,1998-1,2,0,moldboard plow (15.2 cm deep) in summer,15.2,1,,,,,,,,,,,,,,,,,,,,
254,1998-1,3,0,moldboard plow (10.2 cm deep) in summer,10.2,1,,,,,,,,,,,,,,,,,,,,
254,1998-1,4,0,no-tillage,0,0,,,,,,,,,,,,,,,,,,,,
255,1990-16,0,0,chisel plow in fall with field cultivation before planting,,2,,,,,,,,,,,,,,,,,,,,
255,1990-16,1,0,no-tillage,,,,,,,,,,,,,,,,,,,,,,
256,1997-8,0,0,"moldboard plow in fall after maize and chisel plow in fall after soybean, spring cultivation before planting all years",,2,,,,,,,,,,,,,,,,,,,,
256,1997-8,1,0,no-tillage,,0,,,,,,,,,,,,,,,,,,,,
257,1996-8,0,0,moldboard plow at 20 cm depth (fall),,,,,,,,,,,,,,,,,,,,,,
257,1996-8,1,0,mini moldboard plow at 20 cm depth (fall),,,,,,,,,,,,,,,,,,,,,,
257,1996-8,2,0,chisel plow 30 cm depth (fall),,,,,,,,,,,,,,,,,,,,,,
257,1996-8,3,0,disk 10 cm depth (fall),,,,,,,,,,,,,,,,,,,,,,
257,1996-8,4,0,no-tillage,,,,,,,,,,,,,,,,,,,,,,
258,1995-4,0,0,chisel plow in fall (20 cm) and in spring disking (10 cm ) followed by shallow cultivation (5 cm),20,3,,,,,,,,,,,,,,,,,,,,
258,1995-4,1,0,disked in spring (10 cm) followed by shallow cultivation (5 cm),10,2,,,,,,,,,,,,,,,,,,,,
258,1995-4,2,0,ridge-tillage,8,1,,,,,,,,,,,,,,,,,,,,
258,1995-4,3,0,no-tillage,0,0,,,,,,,,,,,,,,,,,,,,
259,1975-30,0,0,moldboard plow in fall (20-25 cm depth) with spring pass of tandem disk and field cultivator,25,3,,,,,,,,,,,,,,,,,,,,
259,1975-30,1,0,chisel plow in fall (15-20 cm depth) with spring pass of tandem disk and field cultivator,20,3,,,,,,,,,,,,,,,,,,,,
259,1975-30,2,0,no-tillage,0,0,,,,,,,,,,,,,,,,,,,,
260,1975-29,0,0,moldboard plow in fall (20-25 cm depth) with spring pass of tandem disk and field cultivator,25,3,,,,,,,,,,,,,,,,,,,,
260,1975-29,1,0,no-tillage,0,0,,,,,,,,,,,,,,,,,,,,
261,2002-3,0,0,chisel plow in fall ,,,,,,,,,,,,,,,,,,,,,,
261,2002-3,1,0,strip tillage in fall (20 cm deep),,,,,,,,,,,,,,,,,,,,,,
261,2002-3,2,0,no-tillage,,,,,,,,,,,,,,,,,,,,,,
261,2002-3,3,0,manure,,,,,,,,,,,,,,,,,,,,,,
261,2002-3,4,0,synthetic fertilizer,,,,,,,,,,,,,,,,,,,,,,
262,2002-4,0,0,chisel plow in fall,,,,,,,,,,,,,,,,,,,,,,
262,2002-4,1,0,strip tillage in fall,,,,,,,,,,,,,,,,,,,,,,
263,2001-5,0,0,disc field cultivator,,,,,,,,,,,,,,,,,,,,,,
263,2001-5,1,0,zone deep-till,,,,,,,,,,,,,,,,,,,,,,
263,2001-5,2,0,Aerway tool tillage,,,,,,,,,,,,,,,,,,,,,,
263,2001-5,3,0,normal planted strip tillage,,,,,,,,,,,,,,,,,,,,,,
263,2001-5,4,0,no-tillage,,,,,,,,,,,,,,,,,,,,,,
263,2001-5,5,0,early planted strip tillage,,,,,,,,,,,,,,,,,,,,,,
264,1977-30,0,0,conventional tillage,,,,,,,,,,,,,,,,,,,,,,
264,1977-30,1,0,no-tillage,,,,,,,,,,,,,,,,,,,,,,
265,1993-14,0,0,chisel plow,,,,,,,,,,,,,,,,,,,,,,
265,1993-14,1,0,no-tillage,,,,,,,,,,,,,,,,,,,,,,
266,1994-14,0,0,chisel plow (20 cm) in fall with spring disking,20,2,,,,,,,,,,,,,,,,,,,,
266,1994-14,1,0,no-tillage,0,0,,,,,,,,,,,,,,,,,,,,
267,2004-4,0,0,chisel plow (20-25 cm) in fall,25,1,,,,,,,,,,,,,,,,,,,,
267,2004-4,1,0,strip tillage (20-25 cm) in fall,25,1,,,,,,,,,,,,,,,,,,,,
267,2004-4,2,0,no-tillage,0,0,,,,,,,,,,,,,,,,,,,,
268,1976-30,0,0,conventional tillage,,,,,,,,,,,,,,,,,,,,,,
268,1976-30,1,0,no-tillage,,,,,,,,,,,,,,,,,,,,,,
269,1993-10,0,0,chisel plow and disk in fall,,2,,,,,,,,,,,,,,,,,,,,
269,1993-10,1,0,no-tillage,,0,,,,,,,,,,,,,,,,,,,,
270,1962-43,0,0,moldboard plow (20-30 cm) in fall with harrowing then field cultivator in spring,30,3,,,,,,,,,,,,,,,,,,,,
270,1962-43,1,0,chisel plow (20-25 cm) in spring,25,1,,,,,,,,,,,,,,,,,,,,
270,1962-43,2,0,no-tillage,0,0,,,,,,,,,,,,,,,,,,,,
271,2002-6,0,0,conventional tillage,,,,,,,,,,,,,,,,,,,,,,
271,2002-6,1,0,no-tillage,,,,,,,,,,,,,,,,,,,,,,
272,1962-43,0,0,moldboard plow (20-30 cm) in fall with harrowing then field cultivator in spring,30,3,,,,,,,,,,,,,,,,,,,,
272,1962-43,1,0,chisel plow (20-25 cm) in spring,25,1,,,,,,,,,,,,,,,,,,,,
272,1962-43,2,0,no-tillage,0,0,,,,,,,,,,,,,,,,,,,,
273,1976-30,0,0,conventional tillage,,,,,,,,,,,,,,,,,,,,,,
273,1976-30,1,0,no-tillage,,,,,,,,,,,,,,,,,,,,,,
274,1994-14,0,0,chisel plow (20 cm) in fall with spring disking,20,2,,,,,,,,,,,,,,,,,,,,
274,1994-14,1,0,no-tillage,0,0,,,,,,,,,,,,,,,,,,,,
275,1962-45,0,0,chisel plow,,,,,,,,,,,,,,,,,,,,,,
275,1962-45,1,0,no-tillage,,,,,,,,,,,,,,,,,,,,,,
276,1986-19,0,0,chisel plow (25 cm),25,,,,,,,,,,,,,,,,,,,,,
276,1986-19,1,0,disk tillage (10 cm),10,,,,,,,,,,,,,,,,,,,,,
276,1986-19,2,0,plow tillage (25 cm),25,,,,,,,,,,,,,,,,,,,,,
276,1986-19,3,0,no-tillage,0,,,,,,,,,,,,,,,,,,,,,
276,1986-19,4,0,subtillage (36 cm),36,,,,,,,,,,,,,,,,,,,,,
276,1986-19,5,0,ridge tillage,5,,,,,,,,,,,,,,,,,,,,,
277,1980-15,0,0,moldboard plow in fall with harrowing in spring,,2,,,,,,,,,,,,,,,,,,,,
277,1980-15,1,0,chisel plow in fall with cultivator in spring,,2,,,,,,,,,,,,,,,,,,,,
277,1980-15,2,0,no-tillage,,,,,,,,,,,,,,,,,,,,,,
278,1975-30,0,0,moldboard plow (20-25 cm) in fall tadem disk and field cultivator in spring,,,,,,,,,,,,,,,,,,,,,,
278,1975-30,1,0,chisel plow (20 cm) in fall tadem disk and field cultivator in spring,,,,,,,,,,,,,,,,,,,,,,
278,1975-30,2,0,no-tillage,,,,,,,,,,,,,,,,,,,,,,
279,1977-23,0,0,chisel plow,,,,,,,,,,,,,,,,,,,,,,
279,1977-23,1,0,no-tillage,,,,,,,,,,,,,,,,,,,,,,
280,1991-18,0,0,chisel plow (15-25 cm) in spring followed by shallow disk or field cultivator,25,2,,,,,,,,,,,,,,,,,,,,
280,1991-18,1,0,no-tillage,0,0,,,,,,,,,,,,,,,,,,,,
281,1986-14,0,0,chisel plow (25 cm),25,,,,,,,,,,,,,,,,,,,,,
281,1986-14,1,0,disk tillage (10 cm),10,,,,,,,,,,,,,,,,,,,,,
281,1986-14,2,0,plow tillage (25 cm),25,,,,,,,,,,,,,,,,,,,,,
281,1986-14,3,0,no-tillage,0,,,,,,,,,,,,,,,,,,,,,
281,1986-14,4,0,subtillage (36 cm),36,,,,,,,,,,,,,,,,,,,,,
281,1986-14,5,0,ridge tillage,,,,,,,,,,,,,,,,,,,,,,
282,1990-20,0,0,"conventional tillage (fall moldboard plowing following maize, fall chisel plowing (20 cm) or disk ripping (30 cm) following soybean, with spring preplant cultivation before either crop)",,,,,,,,,,,,,,,,,,,,,,
282,1990-20,1,0,no-tillage,,,,,,,,,,,,,,,,,,,,,,
283,2000-5,0,0,chisel plow soybean field with no manure application,,,,,,,,,,,,,,,,,,,,,,
283,2000-5,1,0,no-till soybean field with no manure application,,,,,,,,,,,,,,,,,,,,,,
284,1963-44,0,0,moldboard plow (20-25 cm) in fall and disked (10 cm) in spring before planting,25,2,,,,,,,,,,,,,,,,,,,,
284,1963-44,1,0,no-tillage,0,0,,,,,,,,,,,,,,,,,,,,
285,1987-22,0,0,chisel plow in fall and two passes of field cultivator in spring,,3,,,,,,,,,,,,,,,,,,,,
285,1987-22,1,0,no-tillage,,0,,,,,,,,,,,,,,,,,,,,
286,1962-49,0,0,moldboard plow (20-25 cm) in spring (Wooster) or autumn (Hoytville) with disk or field cultivator (10 cm) before planting,25,2,,,,,,,,,,,,,,,,,,,,
286,1962-49,1,0,chisel plow (20-25 cm) in fall (Hoytville) or spring (Wooster) with one pass of cultivator disk (10 cm) before planting,25,2,,,,,,,,,,,,,,,,,,,,
286,1962-49,2,0,no-tillage,0,0,,,,,,,,,,,,,,,,,,,,
287,2004-4,0,0,"deep tillage (Yetter 5 shank, 38-46 cm) in fall",46,1,,,,,,,,,,,,,,,,,,,,
287,2004-4,1,0,strip-tillage in fall (19 cm),19,1,,,,,,,,,,,,,,,,,,,,
287,2004-4,2,0,no-tillage,0,0,,,,,,,,,,,,,,,,,,,,
288,1994-17,0,0,chisel plow in fall with spring disking,,2,,,,,,,,,,,,,,,,,,,,
288,1994-17,1,0,no-tillage,,0,,,,,,,,,,,,,,,,,,,,
289,1979-27,0,0,moldboard plow (20 cm) in fall  with tandem disk harrow and spike-tooth drag harrow in spring,20,3,,,,,,,,,,,,,,,,,,,,
289,1979-27,1,0,chisel plow (20 cm) in fall with one pass field cultivation in spring,20,2,,,,,,,,,,,,,,,,,,,,
289,1979-27,2,0,spring disk in spring with tandem disk (1-2 times) preplant,,3,,,,,,,,,,,,,,,,,,,,
289,1979-27,3,0,ridge-tillage,,1,,,,,,,,,,,,,,,,,,,,
289,1979-27,4,0,no-tillage,,0,,,,,,,,,,,,,,,,,,,,
290,1979-27,0,0,moldboard plow (20 cm) in fall  with tandem disk harrow and spike-tooth drag harrow in spring,20,3,,,,,,,,,,,,,,,,,,,,
290,1979-27,1,0,chisel plow (20 cm) in fall with one pass field cultivation in spring,20,2,,,,,,,,,,,,,,,,,,,,
290,1979-27,2,0,spring disk in spring with tandem disk (1-2 times) preplant,,3,,,,,,,,,,,,,,,,,,,,
290,1979-27,3,0,ridge-tillage,,1,,,,,,,,,,,,,,,,,,,,
290,1979-27,4,0,no-tillage,,0,,,,,,,,,,,,,,,,,,,,
291,2008-4,0,0,chisel tillage,,,,,,,,,,,,,,,,,,,,,,
291,2008-4,1,0,strip tillage,,,,,,,,,,,,,,,,,,,,,,
291,2008-4,2,0,no-tillage,,,,,,,,,,,,,,,,,,,,,,
291,2008-4,3,0,,,,,,0 kg N/ha,,,,,,,,,,,,,,,,,
291,2008-4,4,0,,,,,,45 kg N/ha,,,,,,,,,,,,,,,,,
291,2008-4,5,0,,,,,,89 kg N/ha,,,,,,,,,,,,,,,,,
291,2008-4,6,0,,,,,,134 kg N/ha,,,,,,,,,,,,,,,,,
291,2008-4,7,0,,,,,,179 kg N/ha,,,,,,,,,,,,,,,,,
291,2008-4,8,0,,,,,,224 kg N/ha,,,,,,,,,,,,,,,,,
292,1994-9,0,0,chisel plow,,,,,,,,,,,,,,,,,,,,,,
292,1994-9,1,0,no-tillage,,,,,,,,,,,,,,,,,,,,,,
292,1994-9,2,0,,,,,,tile drainage,,,,,,,,,,,,,,,,,
292,1994-9,3,0,,,,,,undrained,,,,,,,,,,,,,,,,,
293,1962-48,0,0,moldboard plow (20-25 cm) in fall with surface disking (7.5-10 cm) in spring,,,,,,,,,,,,,,,,,,,,,,
293,1962-48,1,0,no-tillage,,,,,,,,,,,,,,,,,,,,,,
294,1985-28,0,0,moldboard plow (20 cm) in spring (till 2003 then switched to fall),,,,,,,,,,,,,,,,,,,,,,
294,1985-28,1,0,chisel plow (10 cm) in fall and disked in spring (10 cm),,,,,,,,,,,,,,,,,,,,,,
294,1985-28,2,0,disked in spring (10 cm),,,,,,,,,,,,,,,,,,,,,,
294,1985-28,3,0,ridge tillage,,,,,,,,,,,,,,,,,,,,,,
294,1985-28,4,0,no-tillage,,,,,,,,,,,,,,,,,,,,,,
294,1985-28,5,0,,,,,,0 kg N/ha,,,,,,,,,,,,,,,,,
294,1985-28,6,0,,,,,,75 kg N/ha,,,,,,,,,,,,,,,,,
294,1985-28,7,0,,,,,,150 kg N/ha,,,,,,,,,,,,,,,,,
294,1985-28,8,0,,,,,,300 kg N/ha,,,,,,,,,,,,,,,,,
294,1985-28,9,0,,,,,,40 kg N/ha,,,,,,,,,,,,,,,,,
294,1985-28,10,0,,,,,,80 kg N/ha,,,,,,,,,,,,,,,,,
294,1985-28,11,0,,,,,,120 kg N/ha,,,,,,,,,,,,,,,,,
294,1985-28,12,0,,,,,,160 kg N/ha,,,,,,,,,,,,,,,,,
295,2002-10,0,0,moldboard plow (25 cm) in fall with spring cultivation (10 cm),,,,,,,,,,,,,,,,,,,,,,
295,2002-10,1,0,chisel plow (22-25 cm) in fall with spring cultivation (10 cm),,,,,,,,,,,,,,,,,,,,,,
295,2002-10,2,0,deep rip (46 cm) with spring cultivation (10 cm),,,,,,,,,,,,,,,,,,,,,,
295,2002-10,3,0,strip tillage,,,,,,,,,,,,,,,,,,,,,,
295,2002-10,4,0, no-tillage,,,,,,,,,,,,,,,,,,,,,,
296,1994-9,0,0,chisel plow,,,,,,,,,,,,,,,,,,,,,,
296,1994-9,1,0,no-tillage,,,,,,,,,,,,,,,,,,,,,,
296,1994-9,2,0,,,,,,tile drainage,,,,,,,,,,,,,,,,,
296,1994-9,3,0,,,,,,undrained,,,,,,,,,,,,,,,,,
297,1962-30,0,0,chisel plow (15-20 cm) or minimum conservation tillage,20,,,,,,,,,,,,,,,,,,,,,
297,1962-30,1,0,no-tillage,0,,,,,,,,,,,,,,,,,,,,,
298,1970-42,0,0,moldboard plow (15 cm),15,1,,,,,,,,,,,,,,,,,,,,
298,1970-42,1,0,no-tillage,0,0,,,,,,,,,,,,,,,,,,,,
299,2008-4,0,0,disk-chisel (20 cm) in fall with field cultivator (9 cm) preplant,20,2,,,,,,,,,,,,,,,,,,,,
299,2008-4,1,0,strip tillage (20 cm) in fall,20,1,,,,,,,,,,,,,,,,,,,,
299,2008-4,2,0,no-tillage,0,0,,,,,,,,,,,,,,,,,,,,
300,2011-2,0,0,chisel plow,,,,,,,,,,,,,,,,,,,,,,
300,2011-2,1,0,ridge tillage,,,,,,,,,,,,,,,,,,,,,,
301,2000-7,0,0,conventional tillage,,,,,,,,,,,,,,,,,,,,,,
301,2000-7,1,0,no-tillage,,,,,,,,,,,,,,,,,,,,,,
302,2010-3,0,0,conventional tillage (22-25 cm) in spring followed with field cultivator (10 cm),25,2,,,,,,,,,,,,,,,,,,,,
302,2010-3,1,0,no-tillage,0,0,,,,,,,,,,,,,,,,,,,,
303,2008-4,0,0,disk-chisel (20 cm) in fall with field cultivator (9 cm) preplant,20,2,,,,,,,,,,,,,,,,,,,,
303,2008-4,1,0,strip tillage (20 cm) in fall,20,1,,,,,,,,,,,,,,,,,,,,
303,2008-4,2,0,no-tillage,0,0,,,,,,,,,,,,,,,,,,,,
304,2003-11,0,0,moldboard plow (25 cm) in fall with spring field cultivation (10 cm),25,2,,,,,,,,,,,,,,,,,,,,
304,2003-11,1,0,deep rip (46 cm) in fall with spring field cultivation (10 cm),46,2,,,,,,,,,,,,,,,,,,,,
304,2003-11,2,0,chisel plow (22-25 cm) in fall with spring field cultivation (10 cm),25,2,,,,,,,,,,,,,,,,,,,,
304,2003-11,3,0,strip tillage (20 cm) in fall,20,1,,,,,,,,,,,,,,,,,,,,
304,2003-11,4,0,no-tillage,0,0,,,,,,,,,,,,,,,,,,,,
305,2008-3,0,0,chisel plow (15-25 cm) in fall with spring disking and field cultivation (10 cm),25,3,,,,,,,,,,,,,,,,,,,,
305,2008-3,1,0,no-tillage,0,0,,,,,,,,,,,,,,,,,,,,
305,2008-3,2,0,,,,,,complete removal of maize stover residue,,,,,,,,,,,,,,,,,
305,2008-3,3,0,,,,,,partial removal of maize stover residue,,,,,,,,,,,,,,,,,
305,2008-3,4,0,,,,,,maize stover residue left in field,,,,,,,,,,,,,,,,,
305,2008-3,5,0,,,,,,0 kg N/ha,,,,,,,,,,,,,,,,,
305,2008-3,6,0,,,,,,56 kg N/ha,,,,,,,,,,,,,,,,,
305,2008-3,7,0,,,,,,112 kg N/ha,,,,,,,,,,,,,,,,,
305,2008-3,8,0,,,,,,168 kg N/ha,,,,,,,,,,,,,,,,,
305,2008-3,9,0,,,,,,224 kg N/ha,,,,,,,,,,,,,,,,,
305,2008-3,10,0,,,,,,280 kg N/ha,,,,,,,,,,,,,,,,,
306,2005-8,0,0,chisel plow (15-25 cm) in fall with spring disking and field cultivation (9 cm),25,3,,,,,,,,,,,,,,,,,,,,
306,2005-8,1,0,no-tillage,0,0,,,,,,,,,,,,,,,,,,,,
306,2005-8,2,0,,,,,,complete removal of maize stover residue,,,,,,,,,,,,,,,,,
306,2005-8,3,0,,,,,,partial removal of maize stover residue,,,,,,,,,,,,,,,,,
306,2005-8,4,0,,,,,,maize stover residue left in field,,,,,,,,,,,,,,,,,
306,2005-8,5,0,,,,,,134 kg N/ha,,,,,,,,,,,,,,,,,
306,2005-8,6,0,,,,,,268 kg N/ha,,,,,,,,,,,,,,,,,
307,2005-8,0,0,chisel plow (15-25 cm) in fall with spring disking and field cultivation (9 cm),25,3,,,,,,,,,,,,,,,,,,,,
307,2005-8,1,0,no-tillage,0,0,,,,,,,,,,,,,,,,,,,,
307,2005-8,2,0,,,,,,complete removal of maize stover residue,,,,,,,,,,,,,,,,,
307,2005-8,3,0,,,,,,partial removal of maize stover residue,,,,,,,,,,,,,,,,,
307,2005-8,4,0,,,,,,maize stover residue left in field,,,,,,,,,,,,,,,,,
307,2005-8,5,0,,,,,,134 kg N/ha,,,,,,,,,,,,,,,,,
307,2005-8,6,0,,,,,,268 kg N/ha,,,,,,,,,,,,,,,,,
308,2008-3,0,0,chisel plow (20 cm) in fall with spring field cultivation (9 cm),20,2,,,,,,,,,,,,,,,,,,,,
308,2008-3,1,0,strip tillage in fall (20 cm),20,1,,,,,,,,,,,,,,,,,,,,
308,2008-3,2,0,no-tillage,0,0,,,,,,,,,,,,,,,,,,,,
308,2008-3,3,0,,,,,,0 kg N/ha,,,,,,,,,,,,,,,,,
308,2008-3,4,0,,,,,,45 kg N/ha,,,,,,,,,,,,,,,,,
308,2008-3,5,0,,,,,,90 kg N/ha,,,,,,,,,,,,,,,,,
308,2008-3,6,0,,,,,,134 kg N/ha,,,,,,,,,,,,,,,,,
308,2008-3,7,0,,,,,,179 kg N/ha,,,,,,,,,,,,,,,,,
308,2008-3,8,0,,,,,,224 kg N/ha,,,,,,,,,,,,,,,,,
309,1986-28,0,0,chisel plow (25 cm) in fall with spring disking,25,2,,,,,,,,,,,,,,,,,,,,
309,1986-28,1,0,disk tillage in fall with spring disking,,2,,,,,,,,,,,,,,,,,,,,
309,1986-28,2,0,moldboard plow (25 cm) in fall with spring disking,25,2,,,,,,,,,,,,,,,,,,,,
309,1986-28,3,0,no-tillage,0,0,,,,,,,,,,,,,,,,,,,,
309,1986-28,4,0,ridge-tillage,,1,,,,,,,,,,,,,,,,,,,,
309,1986-28,5,0,subsoil tillage (36 cm) in fall with spring disking,36,2,,,,,,,,,,,,,,,,,,,,
309,1986-28,6,0,,,,,,continuous maize,,,,,,,,,,,,,,,,,
309,1986-28,7,0,,,,,,maize-soybean rotation (maize data only),,,,,,,,,,,,,,,,,
310,2011-3,0,0,chisel plow (20 cm) in spring,20,1,,,,,,,,,,,,,,,,,,,,
310,2011-3,1,0,ridge-tillage when crops at V6 stage,,1,,,,,,,,,,,,,,,,,,,,
310,2011-3,2,0,,,,,,rye cover crop,,,,,,,,,,,,,,,,,
310,2011-3,3,0,,,,,,no cover crop,,,,,,,,,,,,,,,,,
310,2011-3,4,0,,,,,,depression topographical position,,,,,,,,,,,,,,,,,
310,2011-3,5,0,,,,,,slope topographical position,,,,,,,,,,,,,,,,,
310,2011-3,6,0,,,,,,summit topographical position,,,,,,,,,,,,,,,,,
311,1989-5,0,0,deep tillage (90 cm) in fall at beginning of experiment (once),,,,,,,,,,,,,,,,,,,,,,
311,1989-5,1,0,deep tillage (60 cm) in fall at beginning of experiment (once),,,,,,,,,,,,,,,,,,,,,,
311,1989-5,2,0,deep tillage (40 cm) in fall at beginning of experiment (once),,,,,,,,,,,,,,,,,,,,,,
311,1989-5,3,0,no-tillage,,,,,,,,,,,,,,,,,,,,,,
311,1989-5,4,0,reduced tillage with disking and field cultivation each year,,,,,,,,,,,,,,,,,,,,,,
312,1981-34,0,0,moldboard plow (20 cm) in fall and disked twice (15 cm) in spring,20,3,,,,,,,,,,,,,,,,,,,,
312,1981-34,1,0,chisel plow in fall (30 cm) and disked once in spring (15 cm),30,2,,,,,,,,,,,,,,,,,,,,
312,1981-34,2,0,disked twice in spring (15 cm),15,2,,,,,,,,,,,,,,,,,,,,
312,1981-34,3,0,no-tillage,0,0,,,,,,,,,,,,,,,,,,,,
313,1987-26,0,0,chisel plow in fall with two passes of field cultivation in spring,,3,,,,,,,,,,,,,,,,,,,,
313,1987-26,1,0,no-tillage,,0,,,,,,,,,,,,,,,,,,,,
314,1994-18,0,0,chisel-tillage (20 cm) with spring disking,20,2,,,,,,,,,,,,,,,,,,,,
314,1994-18,1,0,no-tillage,0,0,,,,,,,,,,,,,,,,,,,,
314,1994-18,2,0,,,,,,tile drainage,,,,,,,,,,,,,,,,,
314,1994-18,3,0,,,,,,no tile drainage,,,,,,,,,,,,,,,,,
315,2011-3,0,0,moldboard plow in spring,,1,,,,,,,,,,,,,,,,,,,,
315,2011-3,1,0,no-tillage,,0,,,,,,,,,,,,,,,,,,,,
315,2011-3,2,0,,,,,,winter rye cover crop,,,,,,,,,,,,,,,,,
315,2011-3,3,0,,,,,,no cover crop,,,,,,,,,,,,,,,,,
316,1962-50,0,0,moldboard plow (20-30 cm) in fall ith spring cultivation (10 cm),30,2,,,,,,,,,,,,,,,,,,,,
316,1962-50,1,0,no-tillage,0,0,,,,,,,,,,,,,,,,,,,,
317,2003-11,0,0,moldboard plow (25 cm) with spring cultivation (10 cm),25,2,,,,,,,,,,,,,,,,,,,,
317,2003-11,1,0,deep tillage (46 cm) with spring cultivation (10 cm),46,2,,,,,,,,,,,,,,,,,,,,
317,2003-11,2,0,chisel plow (22-25 cm) with spring cultivation (10 cm),25,2,,,,,,,,,,,,,,,,,,,,
317,2003-11,3,0,strip tillage (20 cm),20,1,,,,,,,,,,,,,,,,,,,,
317,2003-11,4,0,no-tillage (15 cm of residue cleared),0,0,,,,,,,,,,,,,,,,,,,,
318,2009-1,0,0,chisel plow (25 cm) in spring with secondary tillage,25,2,,,,,,,,,,,,,,,,,,,,
318,2009-1,1,0,no-tillage,0,0,,,,,,,,,,,,,,,,,,,,
319,2014-2,0,0,moldboard plow in fall with spring field cultivator,,2,,deep tillage,,,,,,,,,,,,,,,,,,
319,2014-2,1,0,chisel plow in fall with spring field cultivator,,2,,conventional tillage,,,,,,,,,,,,,,,,,,
319,2014-2,2,0,vertical tillage tool in spring,,1,,minimum tillage,,,,,,,,,,,,,,,,,,
319,2014-2,3,0,no-tillage with paraquat (0.84 kg/ha) burndown,,0,,no-tillage,,,,,,,,,,,,,,,,,,
320,2000-11,0,0,chisel plow and disk in fall (15-20 cm) with spring disk/field cultivation (10-15 cm),20,2,,,,,,,,,,,,,,,,,,,,
320,2000-11,1,0,no-tillage,0,0,,,,,,,,,,,,,,,,,,,,
320,2000-11,2,0,,,,,,crop residue removed,,,,,,,,,,,,,,,,,
320,2000-11,3,0,,,,,,crop residue left in field,,,,,,,,,,,,,,,,,
321,2011-4,0,0,chisel plow (20 cm) and rototilled (20 cm) in spring,,,,,,,,,,,,,,,,,,,,,,
321,2011-4,1,0,strip tillage and rototiller in rows (20 cm) in spring,,,,,,,,,,,,,,,,,,,,,,
321,2011-4,2,0,,,,,,rye-vetch cover crop mixture,,,,,,,,,,,,,,,,,
321,2011-4,3,0,,,,,,segregated strips of rye and vetch cover crops,,,,,,,,,,,,,,,,,
322,1987-28,0,0,conventional tillage,,,,,,,,,,,,,,,,,,,,,,
322,1987-28,1,0,no-tillage,,,,,,,,,,,,,,,,,,,,,,
322,1987-28,2,0,,,,,,Bacillus firmus nematicide,,,,,,,,,,,,,,,,,
322,1987-28,3,0,,,,,,abamectin (2013) or Pasteuria nishizawae (2014 and 2015) nematicide,,,,,,,,,,,,,,,,,
322,1987-28,4,0,,,,,,no nematicide,,,,,,,,,,,,,,,,,
323,2002-14,0,0,disk tillage,,,,,,,,,,,,,,,,,,,,,,
323,2002-14,1,0,no-tillage,,,,,,,,,,,,,,,,,,,,,,
323,2002-14,2,0,,,,,,>70% stover residue removal,,,,,,,,,,,,,,,,,
323,2002-14,3,0,,,,,,~35% stover residue removal,,,,,,,,,,,,,,,,,
323,2002-14,4,0,,,,,,0% stover residue removal,,,,,,,,,,,,,,,,,
324,1991-23,0,0,conventional tillage,,,,,,,,,,,,,,,,,,,,,,
324,1991-23,1,0,no-tillage,,,,,,,,,,,,,,,,,,,,,,
325,1980-35,0,0,moldboard plow (25 cm) in fall with spring disking (<10 cm),25,2,,,,,,,,,,,,,,,,,,,,
325,1980-35,1,0,chisel plow (25 cm) in fall with spring disking (<10 cm),25,2,,,,,,,,,,,,,,,,,,,,
325,1980-35,2,0,tandem disk (10 cm) in fall with spring disking (<10 cm),10,2,,,,,,,,,,,,,,,,,,,,
325,1980-35,3,0,no-tillage,0,0,,,,,,,,,,,,,,,,,,,,
326,1985-11,0,0,moldboard plow after maize and chisel plow after soybean in the fall,,,,,,,,,,,,,,,,,,,,,,
326,1985-11,1,0,no-tillage,,,,,,,,,,,,,,,,,,,,,,
,,,,,,,,,,,,,,,,,,,,,,,,,,
,,,,,,,,,,,,,,,,,,,,,,,,,,
,,,,,,,,,,,,,,,,,,,,,,,,,,
,,,,,,,,,,,,,,,,,,,,,,,,,,
,,,,,,,,,,,,,,,,,,,,,,,,,,
,,,,,,,,,,,,,,,,,,,,,,,,,,
,,,,,,,,,,,,,,,,,,,,,,,,,,
,,,,,,,,,,,,,,,,,,,,,,,,,,
,,,,,,,,,,,,,,,,,,,,,,,,,,
,,,,,,,,,,,,,,,,,,,,,,,,,,
,,,,,,,,,,,,,,,,,,,,,,,,,,
,,,,,,,,,,,,,,,,,,,,,,,,,,
,,,,,,,,,,,,,,,,,,,,,,,,,,
,,,,,,,,,,,,,,,,,,,,,,,,,,
,,,,,,,,,,,,,,,,,,,,,,,,,,
,,,,,,,,,,,,,,,,,,,,,,,,,,
,,,,,,,,,,,,,,,,,,,,,,,,,,
,,,,,,,,,,,,,,,,,,,,,,,,,,
,,,,,,,,,,,,,,,,,,,,,,,,,,
,,,,,,,,,,,,,,,,,,,,,,,,,,
,,,,,,,,,,,,,,,,,,,,,,,,,,
,,,,,,,,,,,,,,,,,,,,,,,,,,
,,,,,,,,,,,,,,,,,,,,,,,,,,
,,,,,,,,,,,,,,,,,,,,,,,,,,
,,,,,,,,,,,,,,,,,,,,,,,,,,
,,,,,,,,,,,,,,,,,,,,,,,,,,
,,,,,,,,,,,,,,,,,,,,,,,,,,
,,,,,,,,,,,,,,,,,,,,,,,,,,
,,,,,,,,,,,,,,,,,,,,,,,,,,
,,,,,,,,,,,,,,,,,,,,,,,,,,
,,,,,,,,,,,,,,,,,,,,,,,,,,
,,,,,,,,,,,,,,,,,,,,,,,,,,
,,,,,,,,,,,,,,,,,,,,,,,,,,
,,,,,,,,,,,,,,,,,,,,,,,,,,
,,,,,,,,,,,,,,,,,,,,,,,,,,
,,,,,,,,,,,,,,,,,,,,,,,,,,
,,,,,,,,,,,,,,,,,,,,,,,,,,
,,,,,,,,,,,,,,,,,,,,,,,,,,
,,,,,,,,,,,,,,,,,,,,,,,,,,
,,,,,,,,,,,,,,,,,,,,,,,,,,
,,,,,,,,,,,,,,,,,,,,,,,,,,
,,,,,,,,,,,,,,,,,,,,,,,,,,
,,,,,,,,,,,,,,,,,,,,,,,,,,
,,,,,,,,,,,,,,,,,,,,,,,,,,
,,,,,,,,,,,,,,,,,,,,,,,,,,
,,,,,,,,,,,,,,,,,,,,,,,,,,
,,,,,,,,,,,,,,,,,,,,,,,,,,
,,,,,,,,,,,,,,,,,,,,,,,,,,
,,,,,,,,,,,,,,,,,,,,,,,,,,
,,,,,,,,,,,,,,,,,,,,,,,,,,
,,,,,,,,,,,,,,,,,,,,,,,,,,
,,,,,,,,,,,,,,,,,,,,,,,,,,
,,,,,,,,,,,,,,,,,,,,,,,,,,
,,,,,,,,,,,,,,,,,,,,,,,,,,
,,,,,,,,,,,,,,,,,,,,,,,,,,
,,,,,,,,,,,,,,,,,,,,,,,,,,
,,,,,,,,,,,,,,,,,,,,,,,,,,
,,,,,,,,,,,,,,,,,,,,,,,,,,
,,,,,,,,,,,,,,,,,,,,,,,,,,
,,,,,,,,,,,,,,,,,,,,,,,,,,
,,,,,,,,,,,,,,,,,,,,,,,,,,
,,,,,,,,,,,,,,,,,,,,,,,,,,
,,,,,,,,,,,,,,,,,,,,,,,,,,
,,,,,,,,,,,,,,,,,,,,,,,,,,
,,,,,,,,,,,,,,,,,,,,,,,,,,
,,,,,,,,,,,,,,,,,,,,,,,,,,
,,,,,,,,,,,,,,,,,,,,,,,,,,
,,,,,,,,,,,,,,,,,,,,,,,,,,
,,,,,,,,,,,,,,,,,,,,,,,,,,
,,,,,,,,,,,,,,,,,,,,,,,,,,
,,,,,,,,,,,,,,,,,,,,,,,,,,
,,,,,,,,,,,,,,,,,,,,,,,,,,
,,,,,,,,,,,,,,,,,,,,,,,,,,
,,,,,,,,,,,,,,,,,,,,,,,,,,
,,,,,,,,,,,,,,,,,,,,,,,,,,
,,,,,,,,,,,,,,,,,,,,,,,,,,
,,,,,,,,,,,,,,,,,,,,,,,,,,
,,,,,,,,,,,,,,,,,,,,,,,,,,
,,,,,,,,,,,,,,,,,,,,,,,,,,
,,,,,,,,,,,,,,,,,,,,,,,,,,
,,,,,,,,,,,,,,,,,,,,,,,,,,
,,,,,,,,,,,,,,,,,,,,,,,,,,
,,,,,,,,,,,,,,,,,,,,,,,,,,
,,,,,,,,,,,,,,,,,,,,,,,,,,
,,,,,,,,,,,,,,,,,,,,,,,,,,
,,,,,,,,,,,,,,,,,,,,,,,,,,
,,,,,,,,,,,,,,,,,,,,,,,,,,
,,,,,,,,,,,,,,,,,,,,,,,,,,
,,,,,,,,,,,,,,,,,,,,,,,,,,
,,,,,,,,,,,,,,,,,,,,,,,,,,
,,,,,,,,,,,,,,,,,,,,,,,,,,
,,,,,,,,,,,,,,,,,,,,,,,,,,
,,,,,,,,,,,,,,,,,,,,,,,,,,
,,,,,,,,,,,,,,,,,,,,,,,,,,
,,,,,,,,,,,,,,,,,,,,,,,,,,
,,,,,,,,,,,,,,,,,,,,,,,,,,
,,,,,,,,,,,,,,,,,,,,,,,,,,
,,,,,,,,,,,,,,,,,,,,,,,,,,
,,,,,,,,,,,,,,,,,,,,,,,,,,
,,,,,,,,,,,,,,,,,,,,,,,,,,
