DOI,Paper_id,Loc_multi,Soil_type,City,State,Latitude,Longitude,Year_start,Years_num,Annual_precip,Field_history,Years_tillage_implemented,Exp_design,Exp_arrangement,Reps,Plot_width,Plot_length,Trtmt_levels,Trtmt_main,Trtmt_main_levels,Trtmt_splitA,Trtmt_splitA_levels,Trtmt_splitB,Trtmt_splitB_levels,Trtmt_splitC,Trtmt_splitC_levels
10.1080/00103629309368895,150,0,"Grantsburg (fine-silty, mixed, mesic Typic Gragiudalf)",University of Illinois Dixon Springs Agricultural Research Center,IL,37.435063,-88.669049,1989,3,,tall fescue hayland for at least 10 years,,Incomplete Latin Square,,8,9,12,1,tillage type,3,,,,,,
10.1080/00103629409369033,151,0,"Grantsburg (fine-silty, mixed, mesic Typic Gragiudalf)",University of Illinois Dixon Springs Agricultural Research Center,IL,37.435063,-88.669049,1989,4,,tall fescue hayland for at least 10 years,,Incomplete Latin Square,,8,9,12,1,tillage type,3,,,,,,
10.1097/00010694-199812000-00007,152,0,"Grantsburg (fine-silty, mixed, mesic Typic Gragiudalf)",University of Illinois Dixon Springs Agricultural Research Center,IL,37.435063,-88.669049,1989,8,,tall fescue hayland for at least 10 years prior to tillage implementation,6,Incomplete Latin Square,,6,9,12,1,tillage type,3,,,,,,
10.1016/S0167-1987(98)00170-6,153,0,"Thorp silt loam (fne-silty, mixed, mesic Argiaquic Argialboll)","Agricultural Engineering Research Farm of the University of Illinois, at Urbana",IL,40.099469,-88.224219,1995,2,,"longterm tillage research site, began in 1986",10,completely randomized block,,8,6.1,85.3,1,tillage type,3,,,,,,
10.1016/S0167-1987(99)00054-9,154,0,"Grantsburg (fine-silty, mixed, mesic Typic Gragiudalf)",University of Illinois Dixon Springs Agricultural Research Center,IL,37.435063,-88.669049,1989,8,,tall fescue hayland for at least 10 years prior to tillage implementation,6,Incomplete Latin Square,,6,9,12,1,tillage type,3,,,,,,
10.2136/sssaj1999.6351335x,155,0,"Grantsburg (fine-silty, mixed, mesic Typic Gragiudalf)",University of Illinois Dixon Springs Agricultural Research Center,IL,37.435063,-88.669049,1989,8,,tall fescue hayland for at least 10 years prior to tillage implementation,6,Incomplete Latin Square,,6,9,12,1,tillage type,3,,,,,,
10.1016/j.still.2004.09.009,156,0,"Grantsburg (fine-silty, mixed, mesic Typic Gragiudalf)",University of Illinois Dixon Springs Agricultural Research Center,IL,37.435063,-88.669049,1989,12,,tall fescue hayland for at least 10 years prior to tillage implementation,6,Incomplete Latin Square,,6,9,12,1,tillage type,3,,,,,,
10.1016/S0167-1987(99)00051-3,157,0,"Thorp silt loam (fne-silty, mixed, mesic Argiaquic Argialboll)","Agricultural Engineering Research Farm of the University of Illinois, at Urbana",IL,40.099469,-88.224219,1994,4,,"longterm tillage research site, began in 1986",10,completely randomized block,,8,6.1,85.3,1,tillage type,3,,,,,,
10.1016/S0038-0717(00)00031-6,158,0,"Thorp silt loam (fne-silty, mixed, mesic Argiaquic Argialboll)","Agricultural Engineering Research Farm of the University of Illinois, at Urbana",IL,40.099469,-88.224219,1995,3,,"longterm tillage research site, began in 1986",10,completely randomized block,,8,6.1,85.3,1,tillage type,3,,,,,,
10.2134/agronj14.0465,159,1,"Sable silty clay loam (fine-silty, mixed, mesic Typic Endoaquoll), Muscatune silt loam (fine-silty, mixed, mesic Aquic Argiudoll), and Osco silt loam (fine-silty, mixed, mesic Typic Argiudoll)",Northwestern Illinois Agriucltural Research and Demonstration center near Monmouth,IL,40.93055556,-90.72722222,1998,16,978,longterm tillage and crop rotation experiment,15,randomized complete block,split-plot,4,22,6,2,tillage type,2,crop rotation,4,,,,
10.2134/agronj14.0465,159,2,"Downsouth silt loam (fine-silty, mixed, mesic Mollic Oxyaquic Hapludalf) and Caseyville silt loam (fine-silty, mixed, mesic Aeric Endoaqualf)",Orr Agricultural Research and Demonstration Center near Perry,IL,39.80111111,-90.82111111,1998,16,996,longterm tillage and crop rotation experiment,15,randomized complete block,split-plot,4,22,6,2,tillage type,2,crop rotation,4,,,,
10.2134/agronj14.0549,160,0,"Flanagan silt loam (fine, smectitic, mesic, Aquic Argiudoll) and Drummer silty clay loam (fine silty, mixed, superactive, mesic Typic Endoaquoll)",Crop Sciences Research and Education Center (South Farms) in Urbana,IL,40.05927778,-88.22666667,2007,6,1051,,6,randomized complete block,,3,6,23,1,tillgae type,,,,,,,
10.2134/agronj2015.0397,161,0,"Bethalto silt loam (finesilty, mixed, superactive, mesic Udollic Endoaqualf)","Southern Illinois University Belleville Research Center (BRC) near Belleville, IL",IL,38.519179,-89.843248,1970,45,,longterm tillage and fertility study,45,randomized complete block,split-plot,4,6,8,2,tillage type,4,fertilizer,5,,,,
10.2489/jswc.72.4.405,162,0,"Bethalto silt loam (finesilty, mixed, superactive, mesic Udollic Endoaqualf)","Southern Illinois University Belleville Research Center (BRC) near Belleville, IL",IL,38.519179,-89.843248,1970,45,,longterm tillage and fertility study,45,randomized complete block,split-plot,4,6,8,2,tillage type,4,fertilizer,5,,,,
10.1016/0167-1987(86)90340-5,163,3,Blount silt loam (Aeric Ochraqualf),Purdue University Regional Farms (eastern),IN,40.423368,-86.914437,1967,7,,research farms,7,randomized complete block,,4,6.08,100,1,tillage type,5,,,,,,
10.1016/0167-1987(86)90340-5,163,4,Pewamo silty clay loam (Typic argiaquoll),Purdue University Regional Farms (eastern),IN,40.423368,-86.914437,1967,7,,research farms,7,randomized complete block,,4,6.08,100,1,tillage type,5,,,,,,
10.1016/0167-1987(86)90340-5,163,6,Chalmers silty clay loam (Typic Haplaquoll),Purdue University Regional Farms (north-central),IN,40.423368,-86.914437,1975,,,research farms,7,randomized complete block,split-plot,4,9.12,46,2,crop rotation,3,tillage type,5,,,,
10.1016/0167-1987(86)90340-5,163,1,Tracy sandy loam (Typic Hapludalf),Purdue University Regional Farms (northern),IN,40.423368,-86.914437,1967,7,,research farms,7,randomized complete block,,4,6.08,100,1,tillage type,5,,,,,,
10.1016/0167-1987(86)90340-5,163,2,Sebewa loam (Typic Argiaquoll),Purdue University Regional Farms (northern),IN,40.423368,-86.914437,1967,7,,research farms,7,randomized complete block,,4,6.08,100,1,tillage type,5,,,,,,
10.1016/0167-1987(86)90340-5,163,7,Clermont silt loam (Typic Ochraqualf),Purdue University Regional Farms (southeastern),IN,40.423368,-86.914437,1980,,,research farms,7,randomized complete block,split-plot,4,9.12,46,2,crop rotation,3,tillage type,5,,,,
10.1016/0167-1987(86)90340-5,163,5,Bedford silt loam soil (Typic Fragiudult),Purdue University Regional Farms (southern),IN,40.423368,-86.914437,1967,7,,research farms,7,randomized complete block,,4,6.08,100,1,tillage type,5,,,,,,
10.1093/jee/83.6.2455,164,0,,Donald Nord farm in Goodhue County,MN,44.426459,-92.696272,1985,3,,continuous ridge tillage system,,randomized complete block,split-split plot,4,,,3,tillage type,3,corn rootworm management,2,European corn borer management,3,,
10.1080/00103629109368552,165,0,"Floyd (fine loamy, mixed, mesic Aquic Hapludolls) loam, Kenyon (fine-loamy, mixed, mesic Typic Hapludolls) loam, and Readlyn (fine-loamy, mixed, mesic Aquic Hapludolls) loam",Nashua,IA,42.754275,-92.5632,1977,13,,,13,randomized complete block,split-plot,3,40,100,2,crop rotation,2,tillage type,4,,,,
10.1017/S0043174500071459,166,1,Wooster silt loam (Typic Fragiudal),Wooster,OH,40.814391,-81.932647,1962,25,,continuous maize,25,,,,,,,,,,,,,,
10.1094/PD-75-0828,167,0,"Hoytville silty clay loam (21 :39:40:4, sand/ silt/ clay I organic matter, pH 7.0)","Ohio Agricultural Research and Development Center, Northwest Branch in Custar",OH,40.781744,-81.930397,1985,2,,research farm,2,randomized complete block,split-plot,4,21,30,2,tillage type,2,crop rotation,2,,,,
10.2134/agronj1991.00021962008300050016x,168,0,"predominantly Nicollet loam (fine-loamy, mixed, mesic Aquic Hapludolls) with some associated Webster silty clay loam (fine-loamy, mixed, mesic, Typic Haplaquolls)",Agronomy and Agricultural Engineering Research Center near Ames,IA,42.030287,-93.642008,1975,11,,,11,randomized complete block,split-plot,4,3,10,2,tillage type,3,nitrogen treatments,3,,,,
10.1093/ee/20.5.1251,169,0,,Ohio Agricultural Research and Development Center in Wooster,OH,40.781744,-81.930397,1988,3,,no-tillage maize 2 years before study began,5,randomized complete block,,4,15.8,18.3,2,tillage type,2,crop rotation,3,,,,
10.1093/ee/21.2.388,170,,,Donald Nord farm in Goodhue County,MN,44.426459,-92.696272,1985,3,,continuous ridge tillage system,,randomized complete block,split-split plot,4,,,3,tillage type,3,corn rootworm management,2,European corn borer management,3,,
10.1016/0167-1987(92)90069-N,171,0,"Chalmers silty clay loam soil (fine-silty, mixed, mesic Typic Haplaquoll)",Purdue University Regional Farms (north-central),IN,40.423368,-86.914437,1975,13,,"longterm tillage experiment including plow/disk, chisel, ridge tillage, and no-tillage",13,randomized complete block,,3,9,45,1,tillage type,2,,,,,,
10.1093/jee/85.3.853,172,1,,Licking County,OH,40.092325,-82.471684,1978,10,,50 fields throughout county,,field census across county,,50,,,,tillage type,3,crop rotation,5,,,,
10.1093/jee/85.3.853,172,2,,Medina County,OH,41.127824,-81.896217,1978,10,,50 fields throughout county,,field census across county,,50,,,,tillage type,3,crop rotation,5,,,,
10.13031/2013.28739,173,4,Webster silty clay loam,Agricultural Engineering Research Center near Ames,IA,42.027666,-93.640315,1982,4,,,,,,,6.1,27.4,,tillage type,4,,,,,,
10.13031/2013.28739,173,5,Webster silty clay loam,Agricultural Engineering Research Center near Ames,IA,42.027666,-93.640315,1983,3,,,,randomized complete block,,3,6.1,76.2,1,tillage type,3,,,,,,
10.13031/2013.28739,173,2,Haig silt loam,McNay Research Center near Chariton,IA,40.973243,-93.421985,1982,4,,,,,,,9.1,30.5,,tillage type,4,,,,,,
10.13031/2013.28739,173,1,Readlyn loam,Northeast Iowa Research Center at Charles City,IA,42.940167,-92.589052,1982,4,,,,,,,6.1,30.5,,tillage type,4,,,,,,
10.13031/2013.28739,173,3,Webster silty clay loam,Walker farm near Ames,IA,42.471,-93.718893,1981,4,,,,,,,6.1,30.5,,tillage type,4,,,,,,
10.2136/sssaj1993.03615995005700010023x,174,0,Nora silty clay loam,University of Nebraska Northeast Research and Extension Center near Concord,NE,41.166582,-96.200514,1985,4,,,3,randomized complete block,split-split-split plot,3,9,15,3,tillage type,2,fertility rate,3,cover crop,2,,
10.1080/00103629309368812,175,1,Estelline silt loam (Pachic Udic Haploboroll),Aurora,SD,44.282559,-96.687194,1987,2,,,,randomized complete block,split-plot,4,6.08,15,2,tillage type,3,fertility rate,5,,,,
10.1080/00103629309368812,175,2,Egan silty clay loam (Udic Haplustoll),Beresford,SD,43.079094,-96.77931,1987,3,,,,randomized complete block,split-plot,4,6.08,15,2,tillage type,3,fertility rate,5,,,,
10.2136/sssaj1993.03615995005700020034x,176,2,Crosby silt loam (Aeric Ochraqualt),South Charleston,OH,39.821986,-83.652406,1962,30,,continuous maize,30,,,4,,,,tillage type,3,,,,,,
10.2136/sssaj1993.03615995005700020034x,176,1,Wooster silt loam (Typic Fragiudal),Wooster,OH,40.814391,-81.932647,1962,30,,continuous maize,30,,,4,,,,tillage type,3,,,,,,
10.2136/sssaj1993.03615995005700040029x,177,0,Coshocton silt loam and Rayne silt loam,North Appalachian Experimental Watershed near Coshocton,OH,40.364689,-81.79006,1984,7,,,6,watershed comparison,,2,,,1,tillage type,3,,,,,,
10.1111/j.1570-7458.1993.tb01714.x,178,0,,"Ohio Agricultural Research and Development Center, Wooster",OH,40.781744,-81.930397,1988,3,,,3,randomized complete block,,4,15.8,18.2,1,tillage type x cropping system,5,,,,,,
10.1016/0167-8809(94)90075-2,179,0,,"Ohio Agricultural Research and Development Center, Wooster",OH,40.781744,-81.930397,1988,3,,,3,randomized complete block,,4,15.8,18.2,1,tillage type x cropping system,5,,,,,,
10.2136/sssaj1994.03615995005800020038x,180,0,Wooster silt loam (Typic Fragiudal),Wooster,OH,40.814391,-81.932647,1962,30,,continuous maize,30,randomized complete block,split-plot,3,,,,tillage type,3,crop rotation,3,,,,
10.1016/0167-1987(94)90082-5,181,0,"Seaton silt loam (fine-silty, mixed, mesic Typic Hapludalf)", Haycreek Township in Goodhue County,MN,44.495406,-92.490903,1982,9,,continuous maize,9,randomized complete block,split-plot,2,3.9,12.2,2,tillage type,2,fertility type & frequency,4,,,,
10.1016/0167-1987(94)90081-7,182,0,"Seaton silt loam (fine-silty, mixed, mesic Typic Hapludalf)", Haycreek Township in Goodhue County,MN,44.495406,-92.490903,1982,9,,continuous maize,9,randomized complete block,split-plot,3,3.9,12.2,2,tillage type,2,fertility type & frequency,4,,,,
10.2134/agronj1995.00021962008700030004x,183,1,"Mexico silt loam (fine, montmorillonitic, mesic Mollic Endoaqualf)",Bradford Agronomy Research Farm near Columbia,MO,38.896683,-92.208102,1987,4,,,,randomized complete block,split-split-plot,4,3,12,3,tillage type,2,crop rotation,2,nitrogen rate,5,,
10.2134/agronj1995.00021962008700030004x,183,2,"Putnam silt loam (fine, montmorillonitic, mesic Vertic Albaqualf)",Greenley Memorial Farm near Novelty,MO,40.011961,-92.207631,1987,4,,,,randomized complete block,split-split-plot,4,3,12,3,tillage type,2,crop rotation,2,nitrogen rate,5,,
10.1016/0167-1987(95)00470-D,184,0,Webster silty clay loam,Waseca,MN,44.4,-93.31,1982,12,,conventional tillage up to start of this experiment,12,randomized complete block,,4,13.5,15,1,tillage type,2,,,,,,
10.2134/jpa1996.0241,185,0,Chalmers silty clay loam,Purdue University Agronomy Research Center near Lafayette,IN,40.471009,-86.992263,1975,20,,,,,split-plot,3,9.14,45.72,2,rotation,3,tillage,4,,,,
10.1016/0167-1987(95)01004-1,186,0,"Hoytville series (fine, illitic, mesic Mollic Ochraqualf)",Northwestern Branch of the Ohio Agricultural Research and Development Center at Hoytville,OH,41.19127,-83.790533,1987,8,,axle load experiment conducted during early years of the study,8,,split-plot,3,6.1,15.25,2,tillage type,3,axle load,3,,,,
10.13031/2013.27631,187,0,"Mexico silt loam (fine, montmorillonitic, mesic Mollic Endoaqualf)",Claypan Experimental Farm near Kingdom City,MO,38.947068,-91.934288,1982,12,,,,randomized complete block,,4,3.2,27.4,1,tillage x cropping system,7,,,,,,
10.2134/jeq1996.00472425002500040010x,188,0,"Floyd loam (fine-loamy, mixed, mesic Aquic Hapludolls), Kenyon loam (fine-loamy, mixed mesic Typic Hapludolls) and Readlyn loam (fine-loamy, mixed, mesic Aquic Hapludolls)",Iowa State University's Northeast Research Farm near Nashua,IA,42.936471,-92.569974,1977,16,,,16,randomized complete block,,3,58,67,1,tillage x cropping system,7,,,,,,
10.2134/agronj1999.914643x,189,0,"Sharpsburg silty clay loam (fine, montmorillonitic, mesic, Typic Argiudolls)",Agricultural Research and Development Center at Mead,NE,41.230068,-96.487949,1989,5,,maize-soybean rotation established in 1989,4,randomized complete block,split-split-plot,3,6.1,12.2,3,tillage type,2,crop rotation,3,nitrogen rate,5,,
10.1016/S0038-0717(96)00038-7,190,0,"Mexico silt loam (fine, montmorillonitic, mesic Mollic Endoaqualf)",Bradford Agronomy Research Farm near Columbia,MO,38.896683,-92.208102,1991,3,,,3,randomized complete block,split-split-plot,4,6.08,12.16,2,tillage type,2,crop rotation x nitrogen rate,5,,,,
1abc,191,0,Clearfield and Nitra silty clay loams,16 km east of Bedford,IA,40.673176,-94.762982,1994,1,,"Prior to 1986, the area had been planted primarily to maize and soybeans. The site had been ideled in the CRP since October 1986 and is part of a no-till research and demonstration project.",,,,2,3,10.7,1,tillage type x cropping system,5,,,,,,
10.1016/S0261-2194(96)00104-4,192,0,"Westmoreland, Gilpin and Rigley series with predominate silt loam surface textures",North Appalachian Experimental Watershed near Coshocton,OH,40.364689,-81.79006,1984,12,,,12,completely randomized,,4 to 6,,,1,tillage or tillage x cropping system,6-Feb,,,,,,
10.1016/S0933-3630(96)00127-4,193,2,Crosby silt loam (Aeric Ochraqualt),South Charleston,OH,39.821986,-83.652406,1962,30,,continuous corn longterm tillage experiment,30,randomized complete block,split-plot,4,5,61,1,tillage type,3,,,,,,
10.1016/S0933-3630(96)00127-4,193,1,Wooster silt loam (Typic Fragiudal),Wooster,OH,40.814391,-81.932647,1962,30,,continuous corn longterm tillage experiment,30,randomized complete block,split-plot,4,8.4,37,1,tillage type,3,,,,,,
10.1016/S0167-1987(98)00095-6,194,0,"Hoytville series (fine, illitic, mesic Mollic Ochraqualf)",Northwestern Branch of the Ohio Agricultural Research and Development Center at Hoytville,OH,41.19127,-83.790533,1987,10,,,10,randomized complete block,split-plot,3,3.05,15.25,2,axle loads (compaction),3,tillage type,3,,,,
10.2134/agronj1998.00021962009000050011x,195,2,"Hastings silt loam (fine, smectitic, mesic Udic Argiustoll)",South Central Research and Education Center at Clay Center,NE,40.524789,-98.061015,1990,5,,"start year not stated in manuscript, irrigated site",5,randomized complete block,split-split-plot,4,9.1,24.4,3,tillage type x residue management,4,nitrogen rate,4,fertilizer application,2,,
10.2134/agronj1998.00021962009000050011x,195,1,"Sharpsburg silty clay loam (fine, montmorillonitic, mesic, Typic Argiudolls)",University of Nebraska Field Laboratory at Mead,NE,41.168066,-96.466338,1990,5,,"start year not stated in manuscript, irrigated site",5,randomized complete block,split-split-plot,4,9.1,24.4,3,tillage type x residue management,4,nitrogen rate,4,fertilizer application,2,,
10.1016/S0038-0717(98)00041-8,196,0,"Plano silt loam (fine-silty, mixed, mesic Typic Argiudolls)",Arlington Agricultural Research Station in Columbia County,WI,43.18,-89.21,1995,1,,,1,paired,,4,9.1,12.2,1,tillage type,2,,,,,,
10.1093/ee/27.5.1069,197,1,,Crawfordsville,IA,41.214559,-91.537111,1993,2,,,2,randomized complete block,split-plot,3,3,21,2,tillage type,2,row spacing,2,,,,
10.1093/ee/27.5.1069,197,2,,Nashua,IA,42.754275,-92.5632,1994,2,,,2,randomized complete block,split-plot,3,3,21,2,tillage type,2,row spacing,2,,,,
10.2134/jpa1991.0571,198,2,"Normania loam, Ves loam",Lamberton,MN,44.233777,-95.266521,1986,3,,,3,randomized complete block,split-split-plot,4,1.5,4.3,3,tillage type,5,soybean cultivar,8,insecticides,3,,
10.2134/jpa1991.0571,198,1,"Hamerly clay loam, Forman clay loam",Morris,MN,45.585733,-95.903245,1986,3,,,3,randomized complete block,split-split-plot,4,1.5,4.3,3,tillage type,5,soybean cultivar,8,insecticides,3,,
10.2134/jpa1991.0571,198,3,Webster clay loam,Waseca,MN,44.086155,-93.503646,1986,3,,,3,randomized complete block,split-split-plot,4,1.5,4.3,3,tillage type,5,soybean cultivar,8,insecticides,3,,
10.1016/S0167-1987(98)00148-2,199,0,Sparta sand,north of Arena,WI,43.11,-89.55,1989,6,,7 years prior to 1989 site was in typica prairie vegetation and uncultivated,6,completely randomized (blocks of irrigation),,3,,,1,tillage type,3,,,,,,
10.2136/sssaj1999.03615995006300010028x,200,2,Muscatine silt loam,Marshalltown,IA,42.035415,-92.910422,1992,4,,,4,randomized complete block,,6,,,1,tillage type,2,,,,,,
10.2136/sssaj1999.03615995006300010028x,200,3,Tama silt loam,Marshalltown,IA,42.035415,-92.910422,1992,4,,,4,randomized complete block,,4,,,1,tillage type,2,,,,,,
10.2136/sssaj1999.03615995006300010028x,200,1,Downs silt loam,Postville,IA,43.083384,-91.572964,1992,4,,,4,randomized complete block,,6,,,1,tillage type,2,,,,,,
10.1094/PHYTO.1999.89.3.204,201,4,,120 fields in Minnesota,MN,45.970464,-94.483954,1995,2,,on-farm,,completely randomized within segments,,,,,1,tillage systems,3,,,,,,
10.1094/PHYTO.1999.89.3.204,201,6,,160 fields in Ohio,OH,40.492246,-83.34812,1995,2,,on-farm,,completely randomized within segments,,,,,1,tillage systems,3,,,,,,
10.1094/PHYTO.1999.89.3.204,201,5,,170 fields in Missouri,MO,38.589083,-92.588032,1995,2,,on-farm,,completely randomized within segments,,,,,1,tillage systems,3,,,,,,
10.1094/PHYTO.1999.89.3.204,201,3,,180 fields in Indiana,IN,40.310618,-86.199682,1995,2,,on-farm,,completely randomized within segments,,,,,1,tillage systems,3,,,,,,
10.1094/PHYTO.1999.89.3.204,201,2,,240 field in Iowa,IA,42.155437,-93.785864,1995,2,,on-farm,,completely randomized within segments,,,,,1,tillage systems,3,,,,,,
10.1094/PHYTO.1999.89.3.204,201,1,,240 fields in Illinois,IL,40.304296,-89.213214,1995,2,,on-farm,,completely randomized within segments,,,,,1,tillage systems,3,,,,,,
10.1300/J064v14n04_07,202,1,"Crosby silt loam (fine, mixed, mesic Aeric Ochraqualf)",Ohio Agricultural Research and Development Center at South Charleston,OH,39.863141,-83.672179,1962,26,,,26,randomized complete block,,4,8.4,37,1,tillage type,3,,,,,,
10.1300/J064v14n04_07,202,2,"Wooster silt loam (fine-loamy, mixed, mesic Typic Fragiudalf)",Ohio Agricultural Research and Development Center at Wooster,OH,40.781744,-81.930397,1962,26,,,26,randomized complete block,,4,5,61,1,tillage type,3,,,,,,
10.1300/J064v14n04_06,203,0,"Hoytville series (fine, illitic, mesic Mollic Ochraqualfs)",Northwestern Branch of the Ohio Agricultural Research and Development Center at Hoytville,OH,41.19127,-83.790533,1987,7,,,7,three-way factorial,spilt-plot,3,,,2,tillage type,3,soil compaction,3,,,,
10.2134/jpa1999.0293,204,0,"Hastings silt loam (fine montmorillonitic, mesic, udic Argiustolls)",University of Nebraska South Central Research and Extension Center in Clay Center,NE,40.524689,-98.061073,1986,9,,,9,,,,,,4,nitrogen rate,,tillage type,,nitrogen application timing,,nitrogen type,
10.2134/jpa1999.0269,205,0,"Hastings silt loam (fine montmorillonitic, mesic, udic Argiustolls)",University of Nebraska South Central Research and Extension Center in Clay Center,NE,40.524689,-98.061073,1976,17,,furrow irrigated site,17,,,3,365.8,391.7,1,tillage type,6,,,,,,
10.1017/S0043174500092195,206,0,"Shelby-Adair complex (fine, montmorillonitic, mesic Typic Argiaquoll)",Iowa State University (ISU) McNay Memorial Research Center near Charito,IA,42.026563,-93.646455,1994,4,,previously CRP land for 8 years,,randomized complete block,split-plot,4,4.6,30.5,2,tillage type,2,crop rotation x herbicide application method,5,,,,
10.1094/PHYTO.1999.89.10.844,207,4,,120 fields in Minnesota,MN,45.970464,-94.483954,1995,2,,on-farm,,completely randomized within segments,,,,,1,tillage systems,3,,,,,,
10.1094/PHYTO.1999.89.10.844,207,6,,160 fields in Ohio,OH,40.492246,-83.34812,1995,2,,on-farm,,completely randomized within segments,,,,,1,tillage systems,3,,,,,,
10.1094/PHYTO.1999.89.10.844,207,5,,170 fields in Missouri,MO,38.589083,-92.588032,1995,2,,on-farm,,completely randomized within segments,,,,,1,tillage systems,3,,,,,,
10.1094/PHYTO.1999.89.10.844,207,3,,180 fields in Indiana,IN,40.310618,-86.199682,1995,2,,on-farm,,completely randomized within segments,,,,,1,tillage systems,3,,,,,,
10.1094/PHYTO.1999.89.10.844,207,2,,240 field in Iowa,IA,42.155437,-93.785864,1995,2,,on-farm,,completely randomized within segments,,,,,1,tillage systems,3,,,,,,
10.1094/PHYTO.1999.89.10.844,207,1,,240 fields in Illinois,IL,40.304296,-89.213214,1995,2,,on-farm,,completely randomized within segments,,,,,1,tillage systems,3,,,,,,
10.1093/ee/28.6.1052,208,0,,Miami University's Ecology Research Center in Butler County,OH,39.531244,-84.722773,1994,4,,grass borders separating plots,4,completely randomized design,,5,60,70,1,tillage type,2,,,,,,
2abc,209,0,,Experiment Station (site unspecified),KS,38.304984,-98.190149,1994,3,,,,,,,,,,tillage type,3,,,,,,
10.1016/S0167-1987(00)00087-8,210,1,Crosby silt loam,Ohio Agricultural Research and Development Center at South Charleston,OH,39.863141,-83.672179,1988,7,,,,completely randomized block design,strip-plot,3,4.5,9,1,compaction x tillage type,5,,,,,,
10.1016/S0167-1987(00)00087-8,210,2,Wooster silt loam,Ohio Agricultural Research and Development Center at Wooster,OH,40.781744,-81.930397,1988,12,,,,completely randomized block design,,3,6.1,10.7,1,compaction x tillage type,6,,,,,,
10.1016/S0167-1987(00)00110-0,211,0,"Waukegan silt loam (fine-silty over sandy or sandy skeletal, mixed, mesic Typic Hapludoll)",University of Minnesota Research and Outreach Center in Rosemount,MN,44.714434,-93.097139,1980,13,,,13,completely randomized block design,split-plot,1,18,50,2,tillage type x residue management,8,nitrogen rate,4,,,,
10.1016/S0167-1987(00)00139-2,212,0,"Waukegan silt loam (fine-silty over sandy or sandy skeletal, mixed, mesic Typic Hapludoll)",University of Minnesota Research and Outreach Center in Rosemount,MN,44.714434,-93.097139,1980,13,,,13,completely randomized block design,split-plot,1,18,50,2,tillage type x residue management,8,nitrogen rate,4,,,,
10.13031/2013.3059,213,0,"Floyd loam (fine-loamy, mixed, mesic Aquic Hapludolls), Kenyon silty-clay loam (fine-loamy, mixed, mesic Typic Hapludolls) and Readlyn loam (fine-loamy, mixed mesic Aquic Hapludolls)",Iowa State University’s Northeastern Research Center near Nashua,IA,42.936471,-92.569974,1993,6,,,6,randomized complete block,,3,58.5,67,1,tillage type x nitrogen management,8,,,,,,
10.13031/2013.2306,214,0,"Hastings silt loam soil (fine, montmorillonitic, mesic Udic Argiustolls)","University of Nebraska South Central Research and Extension Center, Clay Center",NE,40.524689,-98.061073,1997,1,,irrigated site,1,,,3,,,1,tillage type,3,,,,,,
10.1094/PDIS.2001.85.3.311,215,0,Webster clay loam,"near New Richland, Waseca County",MN,43.893368,-93.490493,1993,4,,history of growing maize/soybean,4,randomized complete block,split-plot,4,3,6,2,tillage type,5,cropping sequence,4,,,,
10.1016/S0167-1987(01)00174-X,216,0,Barnes clay loam,Eastern South Dakota Soil and Water Research Farm near Brookings,SD,44.19,-96.46,1990,11,580,previously in soybean and spring wheat,11,randomized complete block,split-plot,3,30,30,2,tillage type,2,nitrogen rate,3,,,,
10.1094/PHYTO.2001.91.6.534,217,1,"Canisteo silty clay loam (fine loamy, mixed [calcareous] mesic Typic Haplaquols)",Iowa State University Bruner Research Farm in Boone County,IA,42.056387,-93.937012,1994,4,,,4,randomized,,1,15,30,1,tillage type,4,,,,,,
10.1094/PHYTO.2001.91.6.534,217,2,"Canisteo silty clay loam (fine loamy, mixed [calcareous] mesic Typic Haplaquols)",Iowa State University Northern Research and Demonstration Farm in Hancock County,IA,43.090048,-93.730357,1994,4,,,4,randomized,,1,15,30,1,tillage type,4,,,,,,
10.2134/agronj2001.934850x,218,0,"Moody and Nora silty clay loam (Fine-silty, mixed, mesic Udic Haplustoll), Crofton silt loam [Fine-silty, mixed (calcareous), mesic Typic Ustorthent], and Alcester silt loam (Fine-silty, mixed, mesic Cumulic Haplustoll)","farmer-owned CRP field, 2.4 km east of Concord",NE,42.384283,-97.005512,1994,4,,placed in CRP in 1986 and planted to smooth brome,4,split-split plot design,,4,12.2,12.2,3,residue management,3,tillage type,3,crop rotation,4,,
3abc,219,0,"Patton silty clay loam soil (fine-silty, mixed, mesic Typic Hapludalf)",southwestern,OH,39.184825,-84.014452,1989,1,,single field divided into two test plots,1,"single field, unreplicated",,0,,,1,tillage type,2,,,,,,
10.1016/S0167-1987(01)00267-7,220,0,"Aquic Hapludolls, Typic Haplaquolls and Typic Hapludolls",Kelly experimental farm operated by Iowa State University in Boone County,IA,42.056387,-93.937012,1999,2,,one tillage event for this experiment,1,randomized complete block,,4,7.6,53.3,1,tillage type,3,,,,,,
10.2134/jeq2002.7690,221,0,Plano silt loam,University of Wisconsin Agricultural Research Station at Arlington,WI,43.17,-89.22,1995,6,,,6,randomized complete block,,4,,,2,tillage type,2,nitrogen rate,2,,,,
10.1614/0043-1745(2002)050[0448:CRATSE]2.0CO;2,222,2,poorly drained silty clay loam lake-bed soil,Hoytville,OH,41.189003,-83.785124,1963,36,,,36,randomized complete block,,3,,,1,crop rotation x tillage type,6,,,,,,
10.1614/0043-1745(2002)050[0448:CRATSE]2.0CO;2,222,1,Wooster silt loam,Wooster,OH,40.814391,-81.932647,1963,36,,,36,randomized complete block,,3,,,1,crop rotation x tillage type,6,,,,,,
10.13031/2013.11430,223,0,"Kenyon loam (fine–loamy, mixed, mesic Aquic Hapludoll)","Iowa State University’s Northeastern Research Center, Nashua",IA,42.94631,-92.541279,1993,6,,,6,randomized complete block,,3,58.5,67,1,tillage type x crop rotation x nitrogen type,8,,,,,,
10.1081/CSS-120024062,224,0,"Mexico silt loam (fine, smectectic, mesic, Aeric Vertic Epiaqualf)",Sanborn Field at University of Missouri at Columbia,MO,38.942573,-92.318487,1971,18,,,18,,,,10,31,1,tillage type,2,,,,,,
10.1081/CSS-120018974,225,2,"Capac loam (fine-loamy, mixed, mesic Aeric Enoaqualfs)",East Lansing,MI,42.740113,-84.484433,1980,18,,,18,completely randomized block,,3,,,,,,,,,,,
10.1081/CSS-120018974,225,1,"Kalamazoo sandy loam (fine-loamy, mixed, mesic Typic Hapludalfs)",Kellogg Biological Station in Hickory Corners,MI,42.4,-85.4,1988,10,,,10,completely randomized block,,3,,,,,,,,,,,
10.1081/CSS-120018974,225,3,"Zilwaukee silty clay (fine, mixed, calcareous, mesic Typic Endoaquolls)",Michigan State University Bean and Beet Research Farm in Saginaw Valley,MI,43.399549,-83.697696,1990,8,,,8,completely randomized block,,3,,,,,,,,,,,
10.1023/A:1023304130514,226,0,"Plano silt loam (fine-silty, mixed, superactive, mesic Typic Argiudoll)","University of Wisconsin-Madison’s Arlington Agricultural Research Station, Arlington",WI,43.28333333,-89.36666667,1995,4,,,4,randomized complete block,,4,9.1,12.2,2,tillage type,2,nitrogen rate,2,,,,
10.1016/S0167-8809(03)00067-7,227,0,"Plano silt loam (fine-silty, mixed, superactive, mesic Typic Argiudoll)","University of Wisconsin-Madison’s Arlington Agricultural Research Station, Arlington",WI,43.28333333,-89.36666667,1995,5,,,5,randomized complete block,,4,9.1,12.2,2,tillage type,2,nitrogen rate,2,,,,
10.2134/jeq2003.1782,228,1,"Rozetta silt loam (fine-silty, mixed, superactive, mesic Typic Hapludalf)",Lancaster,WI,42.848785,-90.705922,1993,8,,,8,,,4,,,2,tillage type,2,manure rate,2,,,,
10.2134/agronj2003.1146,229,1,"Plano silt loam (fine-silty, mixed, superactive, mesic Typic Argiudoll)",Arlington Agricultural Research Station in Columbia County,WI,43.18,-89.21,1997,4,,,4,randomized complete block,split-plot,4,3,7.6,3,tillage type x irrigation,4,planting date,2,cultivar,3,,
10.1097/01.ss.0000100470.96182.4a,230,0,"Kokomo silty clay loam (fine, mixed, superactive, mesic Typic Argiaquoll)","Don Scott experimental farm located on the southeast corner of the Ohio State University Airport, Columbus",OH,40.06666667,-83.08333333,1993,8,,,8,randomized complete block,,4,15,27,1,tillage type,3,,,,,,
10.2134/agronj2004.0502,231,0,"Nicollet-Webster clay loam (Aquic Hapludoll an dTypic Endoquoll, respectively)",University of Minnesota Southern Research and Outreach Center in Waseca,MN,44.1,-93.86666667,1996,4,,,4,randomized complete block,split-plot,4,13.7,15.2,2,tillage type,4,nitrogen placement and timing,4,,,,
10.2134/agronj2004.4250,232,0,Sharpsburg silty clay loam,Rogers Memorial Farm near Lincoln,NE,40.812477,-96.807462,1986,16,,,16,randomized complete block,split-plot,6,4.56,22.9,2,tillage type,6,crop rotation,4,,,,
10.2134/agronj2004.0723,233,4,"Galva silty clay loam (fine-silty, mixed, mesic Typic Hapludolls)", Iowa Northwest Research Farm in Sutherland,IA,42.924699,-95.538976,1994,7,,,7,randomized complete block,,3 to 6,,,1,tillage type,3,,,,,,
10.2134/agronj2004.0723,233,1,"Taintor silty clay loam(fine, montmorillonitic, mesic Typic Argiaquolls)",Burlington,IA,40.805596,-91.120666,1980,12,,,12,randomized complete block,,3 to 6,,,1,tillage type,3,,,,,,
10.2134/agronj2004.0723,233,5,"Nira silty clay loam (fine-silty, mixed, mesic Typic Hapludolls) and Kalona (fine-silty, montmorillonitic, mesic Typic Haplaquolls)",Crawfordsville,IA,41.214559,-91.537111,1990,11,,,11,randomized complete block,,3 to 6,,,2,tillage type,3,lime rate,6,,,,
10.2134/agronj2004.0723,233,2,"Kenyon loam (fine–loamy, mixed, mesic Aquic Hapludoll)",Iowa Experiment Station Research Farm in Nashua,IA,42.936846,-92.570089,1978,14,,,14,randomized complete block,,3 to 6,,,1,tillage type,4,,,,,,
10.2134/agronj2004.0723,233,3,"Clarion loam soil (fine-loamy, mixed, mesic Typic Hapludolls)",Newell,IA,42.60895,-95.005599,1980,6,,,6,randomized complete block,,3 to 6,,,1,tillage type,5,,,,,,
10.1016/j.still.2003.12.007,234,0,"Galva silty clay loam (fine-silty, mixed, mesic Typic Hapludolls)", Iowa Northwest Research Farm in Sutherland,IA,42.924699,-95.538976,1994,8,,,10,randomized complete block,split-plot,3,,,2,tillage type,3,lime rate,6,,,,
10.1016/j.still.2004.02.011,235,4,"Galva silty clay loam (fine-silty, mixed, mesic Typic Hapludolls)", Iowa Northwest Research Farm in Sutherland,IA,42.924699,-95.538976,1994,7,,,7,randomized complete block,,3 to 6,,,1,tillage type,3,,,,,,
10.1016/j.still.2004.02.011,235,1,"Taintor silty clay loam(fine, montmorillonitic, mesic Typic Argiaquolls)",Burlington,IA,40.805596,-91.120666,1980,12,,,12,randomized complete block,,3 to 6,,,1,tillage type,3,,,,,,
10.1016/j.still.2004.02.011,235,5,"Nira silty clay loam (fine-silty, mixed, mesic Typic Hapludolls) and Kalona (fine-silty, montmorillonitic, mesic Typic Haplaquolls)",Crawfordsville,IA,41.214559,-91.537111,1990,11,,,11,randomized complete block,,3 to 6,,,2,tillage type,3,lime rate,6,,,,
10.1016/j.still.2004.02.011,235,2,"Kenyon loam (fine–loamy, mixed, mesic Aquic Hapludoll)",Iowa Experiment Station Research Farm in Nashua,IA,42.936846,-92.570089,1978,14,,,14,randomized complete block,,3 to 6,,,1,tillage type,4,,,,,,
10.1016/j.still.2004.02.011,235,3,"Clarion loam soil (fine-loamy, mixed, mesic Typic Hapludolls)",Newell,IA,42.60895,-95.005599,1980,6,,,6,randomized complete block,,3 to 6,,,1,tillage type,5,,,,,,
10.2134/agronj2004.1164,236,1,"Nicollet-Webster clay loam (Aquic Hapludoll an dTypic Endoquoll, respectively)",Marsden research farm near Ames,IA,42.033459,-93.645941,2001,2,,,2,randomized complete block,,4,27.4,36.5,1,tillage type & nitrogen application timing,5,,,,,,
10.2134/agronj2004.1164,236,2,"Kenyon loam (fine–loamy, mixed, mesic Aquic Hapludoll)",Northeast Research and Demonstration Farm near Nashua,IA,42.93687,-92.570078,2001,2,,,2,randomized complete block,,4,27.4,36.5,1,tillage type & nitrogen application timing,5,,,,,,
10.1002/aheh.200300534,237,0,"Plano silt loam (fine-silty, mixed, superactive, mesic Typic Argiudoll)",University of Wisconsin Agricultural Research Station at Arlington,WI,43.28333333,-89.36666667,1995,7,,,7,randomized complete block,,4,3,12,2,tillage type & fertilizer rate,4,,,,,,
10.1016/j.still.2004.03.017,238,1,"Nicollet-Webster clay loam (Aquic Hapludoll an dTypic Endoquoll, respectively)",Marsden research farm near Ames,IA,42.033459,-93.645941,2001,2,,,2,randomized complete block,,4,27.4,36.5,1,tillage type & nitrogen application timing,5,,,,,,
10.1016/j.still.2004.03.017,238,2,"Kenyon loam (fine–loamy, mixed, mesic Aquic Hapludoll) and Floyd loam (fine-loamy, mixed, mesic Aquic Hapludolls)",Northeast Research and Demonstration Farm near Nashua,IA,42.93687,-92.570078,2001,2,,,2,randomized complete block,,4,27.4,36.5,1,tillage type & nitrogen application timing,5,,,,,,
10.1016/j.still.2004.03.018,239,0,"Kokomo silty clay loam (fine, mixed, superactive, mesic Typic Argiaquoll)","Don Scott experimental farm located on the southeast corner of the Ohio State University Airport, Columbus",OH,40.06666667,-83.08333333,1993,9,,,9,randomized complete block,,4,15,27,1,tillage type,3,,,,,,
10.1080/00103620500257259,240,0,"Palsgrove silt loam (fine-silty, mixed, mesic Typic Hapludalf)",Lancaster Experiment Station of the University of Wisconsi,WI,42.848785,-90.705922,1981,11,,,11,,,,,,1,tillage type,3,,,,,,
10.2134/jeq2005.0437,241,0,Clarion-Nicolet-Webster,"Iowa State University Agronomy Research Farm, west of Ames",IA,42.65,-95.78333333,1998,4,,,4,randomized complete block,,3,152,272,1,tillage type,5,,,,,,
10.1016/j.agee.2004.08.002,242,6,Clarion-Nicolet-Webster,Ames,IA,42.025037,-93.633931,1998,3,,,3,randomized complete block,,3,64,230,1,tillage type,5,,,,,,
10.1016/j.agee.2004.08.002,242,4,Marshall,Armstrong,IA,43.3101,-95.1741,1994,7,,,7,randomized complete block,,3,38,127,1,tillage type,2,,,,,,
10.1016/j.agee.2004.08.002,242,5,Otley-Mahaska-Taintor,Crawfordsville,IA,41.214559,-91.537111,1994,7,,,7,randomized complete block,,3,38,127,1,tillage type,2,,,,,,
10.1016/j.agee.2004.08.002,242,1,Clarion-Nicolet-Webster,Kanawha,IA,42.9311,-93.5889,1994,7,,,7,randomized complete block,,3,38,127,1,tillage type,2,,,,,,
10.1016/j.agee.2004.08.002,242,3,Kenyon-Floyd-Clyde,Nashua,IA,42.754275,-92.5632,1994,7,,,7,randomized complete block,,3,38,127,1,tillage type,2,,,,,,
10.1016/j.agee.2004.08.002,242,2,Galva-Primghar-Sac,Sutherland,IA,42.9246,-95.539,1994,7,,,7,randomized complete block,,3,38,127,1,tillage type,2,,,,,,
10.1614/WS-04-129R1,243,1,"Smolan silty clay loam (fine, smectitic, mesic Pachic Argiustolls)",Ashland Bottoms near Manhattan,KS,39.135658,-96.621988,2001,3,,,4,randomized complete block,split-plot,3,10,50,2,tillage type,2,herbicides,2,,,,
10.1614/WS-04-129R1,243,2,"Crete silty clay loam (fine, smectitic, mesic Pachic Argiustolls)",Hays,KS,38.887642,-99.324263,2001,3,,,3,randomized complete block,split-plot,3,10,25,2,herbicides,2,tillage type,2,,,,
10.1016/j.apsoil.2005.02.014,244,6,Clarion-Nicolet-Webster,Ames,IA,42.025037,-93.633931,1998,3,,,3,randomized complete block,,3,64,230,1,tillage type,5,,,,,,
10.1016/j.apsoil.2005.02.014,244,4,Marshall,Armstrong,IA,43.3101,-95.1741,1994,7,,,7,randomized complete block,,3,38,127,1,tillage type,2,,,,,,
10.1016/j.apsoil.2005.02.014,244,5,Otley-Mahaska-Taintor,Crawfordsville,IA,41.214559,-91.537111,1994,7,,,7,randomized complete block,,3,38,127,1,tillage type,2,,,,,,
10.1016/j.apsoil.2005.02.014,244,1,Clarion-Nicolet-Webster,Kanawha,IA,42.9311,-93.5889,1994,7,,,7,randomized complete block,,3,38,127,1,tillage type,2,,,,,,
10.1016/j.apsoil.2005.02.014,244,3,Kenyon-Floyd-Clyde,Nashua,IA,42.754275,-92.5632,1994,7,,,7,randomized complete block,,3,38,127,1,tillage type,2,,,,,,
10.1016/j.apsoil.2005.02.014,244,2,Galva-Primghar-Sac,Sutherland,IA,42.9246,-95.539,1994,7,,,7,randomized complete block,,3,38,127,1,tillage type,2,,,,,,
10.2136/sssaj2005.0129,245,5,"Marshall (fine-silty, mixed, superactive, mesic, Typic Hapludoll)",Atlantic,IA,41.393819,-95.00912,1996,4,,,4,randomized complete block,split-plot,3,6,16,2,tillage type,2,fertilization placement,2,,,,
10.2136/sssaj2005.0129,245,4,"Mahaska (fine, smectitic, mesic, Aquertic Arguidoll)",Crawfordsville,IA,41.214559,-91.537111,1996,4,,,4,randomized complete block,split-plot,3,6,16,2,tillage type,2,fertilization placement,2,,,,
10.2136/sssaj2005.0129,245,2,"Webster (fine-loamy, mixed, superactive Endoaquoll)",Kanawha,IA,42.9311,-93.5889,1996,4,,,4,randomized complete block,split-plot,3,4.5,16,2,tillage type,2,fertilization placement,2,,,,
10.2136/sssaj2005.0129,245,1,"Kenyon (fine-loamy, mixed, superactive, mesic, Typic Hapludoll)",Nashua,IA,42.754275,-92.5632,1996,4,,,4,randomized complete block,split-plot,3,4.5,16,2,tillage type,2,fertilization placement,2,,,,
10.2136/sssaj2005.0129,245,3,"Glava (fine-silty, mixed, superactive, mesic, Typic Hapludoll)",Sutherland,IA,42.9246,-95.539,1996,4,,,4,randomized complete block,split-plot,3,6,16,2,tillage type,2,fertilization placement,2,,,,
10.2136/sssaj2005.0249,246,0,"Kennebec silt loam: fine-silty, mixed, superactive, mesic cumulic Hapludol",Manhattan,KS,39.192921,-96.593088,1990,13,,,13,randomized complete block,split-plot,4,,,2,tillage type,2,nitrogen source,2,,,,
10.2136/sssaj2005.0083,247,0,"Chalmers silty clay loam (finesilty, mixed, superactive, mesic Typic Endoaquoll)",Purdue University Agronomy Research Center near Lafayette,IN,40.471009,-86.992263,1980,24,,,24,randomized complete block,split-plot,3,,,2,crop rotation,2,tillage type,4,,,,
10.2134/agronj2005.0177,248,0,,Iowa State University Northern Research and Demonstration Farm near Nashua,IA,43,-92.5,2002,3,,,3,randomized complete block,split-plot,3,5.3,56.1,2,tillage type,3,fertilizer source and rate,8,,,,
10.1201/9781420032291.ch8,249,0,"Barnes loam (Udic Haploboroll, fine-loamy, mixed)",Barnes–Aastad Swan Lake Research Farm,MN,45.68722222,-95.79916667,1998,1,,,1,,,4,3.7,20,1,tillage type,2,,,,,,
10.1016/j.still.2005.04.013,250,2,"Crosby silt loam (fine, mixed, mesic Aeric Orchraqualf)",South Charleston,OH,39.821986,-83.652406,1962,35,,,35,randomized complete block,,4,5,61,1,tillage type,3,,,,,,
10.1016/j.still.2005.04.013,250,1,"Wooster silt loam, (fine-loamy, mixed, mesic Typic Fragiudalf)",Wooster,OH,40.08333333,-82,1962,35,,,35,randomized complete block,,4,8.4,37,1,tillage type,3,,,,,,
10.2134/jeq2005.0183,251,0,"Webster (fine-loamy, mixed, superactive, mesic Typic Endoaquolls), Clarion (fine-loamy, mixed, mesic Typic Hapludolls), and Nicollet (fine-loamy, mixed, mesic Aquic Hapludolls)",Iowa State University Agronomy and Agricultural Engineering Research Center west of Ames,IA,42.02008,-93.77008,1995,10,,,10,randomized complete block,,10,3.8,55.8,1,tillage type,2,,,,,,
10.1890/1051-0761(2006)016[1619:PETCOS]2.0.CO;2,252,0,,Kellogg Biological Station Long Term Ecological Research in Row Crops Agriculture site,MI,42.4,-85.4,2003,1,,,1,randomized complete block,,6,,,1,tillage type & nutrient rate,3,,,,,,
10.1016/j.still.2005.07.015,253,0,"Waukegan silt loam (fine-silty over skeletal, mixed, superactive, mesic Typic Hapludoll)","University of Minnesota Outreach, Research and Education Park in Rosemount",MN,44.75,-93.06666667,1980,23,,,23,randomized complete block,split-plot,,18,50,2,tillage type,3,residue management,2,,,,
10.1016/j.still.2006.07.004,254,0,"Barnes loam (Udic Haploboroll, fine-loamy, mixed)","USDA-Agricultural Research Service, Swan Lake Research Farm",MN,45.68722222,-95.79916667,1998,1,,,1,,,4,3.7,20,1,tillage type,2,,,,,,
10.13031/2013.23633,255,0,"Floyd loam (fine?loamy, mixed, mesic Aquic Hapludolls), Kenyon loam (fine?loamy, mixed, mesic Typic Hapludolls), and Readlyn loam (fine?loamy, mixed, mesic Aquic Hapludolls)",Iowa State University's Northeastern Research Center near Nashua,IA,42.936471,-92.569974,1990,16,,,16,randomized complete block,split-plot,3,,,2,tillage type,2,cropping system,3,,,,
4abc,256,3,"Nicollet clay loam (fine loamy, mixed, mesic, Aquic Hapludoll)",University of Minnesota Southern Research and Outreach Center research farm in Waseca,MN,44.05,-93.51666667,2003,2,,,2,randomized complete block,split-plot,,3.1,7.3,2,tillage type,2,sampling date,3,,,,
4abc,256,1,"Webster clay loam (fine-loamy, mixed, mesic, Typic Endoaquoll)",Waseca County,MN,44.086155,-93.503646,1997,8,,,8,randomized complete block,split-plot,4,4.6,9.1,2,tillage type,2,sampling date,3,,,,
4abc,256,2,"Webster clay loam (fine-loamy, mixed, mesic, Typic Endoaquoll)",Waseca County,MN,44.086155,-93.503646,1997,8,,,8,randomized complete block,split-plot,4,4.6,9.1,2,tillage type,2,sampling date,3,,,,
10.2134/agronj2006.0261,257,0,Yutan silty clay loam,Agricultural Research and Development Center at Mead,NE,41.18,-96.47777778,1996,8,,,8,randomized complete block,split-plot,4,1,112,2,tillage type,5,compost amendment,2,,,,
10.1094/ PDIS-91-8-0973,258,0,"Nicollet fine loamy, mixed, mesic Aquic Hapludolls",Iowa State University (ISU) Crossley Farm in Story County,IA,42.027177,-93.646498,1995,4,,,4,randomized complete block,,5,6.1,12.2,1,tillagy type x soybean cyst nematode infestation,5,,,,,,
10.1016/j.still.2006.12.004,259,0,"Chalmers silty clay loam (fine, silty, mixed, superactive, mesic Typic Endoaquoll)",Purdue University Agronomy Center for Research and Education near West Lafayette,IN,40.471009,-86.992263,1975,30,,,30,randomized complete block,split-plot,3,9,45,2,crop rotation,2,tillage type,3,,,,
10.1016/j.still.2007.02.007,260,0,"Chalmers silty clay loam (fine-silty, mixed, mesic Typic Haplaquoll according to the U.S. taxonomy)",Purdue University Agronomy Center for Research and Education near West Lafayette,IN,40.471009,-86.992263,1975,29,,,29,randomized complete block,split-plot,3,9,45,2,crop rotation,2,tillage type,3,,,,
10.2134/agronj2007.0012,261,0,"Kenyon loam (fine loamy, mixed, mesic Typic Hapludolls)",Iowa State University Northeast Research and Demonstration farm near Nashua,IA,43,-92.5,2002,3,,,3,randomized complete block,split-plot,3,5,56,2,tillage type,3,fertilizer type & rate,10,,,,
10.2134/agronj2006.0364,262,0,"Barnes loam (Udic Haploboroll, fine-loamy, mixed)",Swan Lake research Farm located near Morris,MN,45.68722222,-95.79916667,2002,4,,,3,randomized complete block,split-plot,4,6,12,2,system treatment,2,tillage type x crop rotation x fertilizer rate,6,,,,
10.1080/01904160802403102,263,0,"Hoytville silty clay loam (fine, illitic, mesic Mollic epiaqualfs)",Northwest Agricultural Experiment Station of the Ohio Agricultural Research and Development Center (OARDC) near Hoytville,OH,41.21666667,-83.76666667,2001,5,,,5,randomized complete block,split-plot,4,3,21,2,tillage type,7,nitrogen rate & placement,3,,,,
10.2136/sssaj2007.0233,264,2,Chili loam,Canal Fulton,OH,42.88888889,-82.80388889,1977,30,,,30,paired comparisons,,1,,,1,tillage type,2,,,,,,
10.2136/sssaj2007.0233,264,1,Lenawee silty clay loam,Fremont,OH,42.90388889,-83.66694444,1992,15,,,15,paired comparisons,,1,,,1,tillage type,2,,,,,,
10.2134/jeq2007.0392,265,0,"Rozetta silt loam (fi ne-silty, mixed, superactive, mesic Typic Hapludalfs)",University of Wisconsin Agricultural Research Station near Lancaster,WI,42.849099,-90.703776,1993,14,,,14,randomized complete block,split-plot,2,4.9,18.3,2,tillage type,2,manure type,3,,,,
10.1016/j.still.2008.04.012,266,0,"Crosby silt loam soil (fine, mixed, mesic, Aeric Ochraqualf)","Waterman Farm of The Ohio State University, Columbus",OH,40.03333333,-83.04166667,1994,14,,,14,randomized complete block,,3,27.4,27.4,1,tillage type x tile drainage,4,,,,,,
10.13031/2013.25954,267,0,"Keith silt loam soil (Aridic Ar? giustoll; fine silty, mixed, mesic)",KSU Northwest Research?Extension Center at Colby,KS,39.39,-101.07,2004,4,,,4,latin square,,3,18,27,3,tillage type,3,planting density,3,irrigation,3,,
10.2136/sssaj2007.0336,268,1,Maumee loamy sand,,IN,40.089892,-86.163565,1976,30,,,30,paired comparisons,,,,,,tillage type,2,,,,,,
10.2136/sssaj2007.0336,268,2,Martinsville silt loam,,IN,40.089892,-86.163565,1996,10,,,10,paired comparisons,,,,,,tillage type,2,,,,,,
10.2136/sssaj2007.0336,268,3,Iva silt loam,,IN,40.089892,-86.163565,1983,23,,,23,paired comparisons,,,,,,tillage type,2,,,,,,
10.2136/sssaj2007.0336,268,4,Kokomo silty clay loam/Celina silt loam,,OH,40.192915,-82.948681,1988,18,,,18,paired comparisons,,,,,,tillage type,2,,,,,,
10.2136/sssaj2007.0336,268,5,Xenia/Fincastle,,OH,40.192915,-82.948681,2001,5,,,5,paired comparisons,,,,,,tillage type,2,,,,,,
10.2136/sssaj2007.0336,268,6,Otwell silt loam/Melvin silt loam,,OH,40.192915,-82.948681,1991,15,,,15,paired comparisons,,,,,,tillage type,2,,,,,,
10.2136/sssaj2007.0336,268,7, Edomsilty clay loam ,,PA,40.705744,-77.908516,1997,9,,,9,paired comparisons,,,,,,tillage type,2,,,,,,
10.2136/sssaj2007.0184,269,1,Vienna–Brookings silty clay loam,,SD,44.23472222,-96.68388889,2001,1,,,1,"paired comparisons, psuedoreplicated",,1,30,30,1,tillage type,2,,,,,,
10.2136/sssaj2007.0184,269,2,Vienna–Brookings silty clay loam,,SD,44.23472222,-96.68388889,1993,10,,,10,"paired comparisons, psuedoreplicated",,1,30,30,1,tillage type,2,,,,,,
10.1016/j.still.2008.11.008,270,0,"Crosby silt-loam (fine, mixed, mesic Aeric Ochraqualf)",Ohio Agricultural Research and Development Center (OARDC) Western Agricultural Research Station Farm near South Charleston,OH,39.75,-83.68388889,1962,43,,,2,randomized complete block,,4,4.6,27.4,1,tillage type,3,,,,,,
10.1016/j.still.2009.03.006,271,1,Chili Silt loam,Canal Fulton,OH,41.01777778,-81.6775,2002,6,,,6,paired comparisons,,1,,,1,tillage type,2,,,,,,
10.1016/j.still.2009.03.001,272,0,"Crosby silt-loam (fine, mixed, mesic Aeric Ochraqualf)",Ohio Agricultural Research and Development Center (OARDC) Western Agricultural Research Station Farm near South Charleston,OH,39.75,-83.68388889,1962,43,,,2,randomized complete block,,4,4.6,27.4,1,tillage type,3,,,,,,
10.1016/j.geoderma.2008.11.036,273,2,Chili loam,Canal Fulton,OH,42.88888889,-82.80388889,1976,30,,,30,paired comparisons,,1,,,1,tillage type,2,,,,,,
10.1016/j.geoderma.2008.11.036,273,1,Lenawee silty clay loam,Fremont,OH,42.90388889,-83.66694444,1991,15,,,15,paired comparisons,,1,,,1,tillage type,2,,,,,,
10.1016/j.still.2008.11.004,274,0,"Crosby silt loam (fine, mixed, mesic, Aeric Ochraqualf)","Waterman Farm of The Ohio State University, Columbu",OH,40.03333333,-83.04166667,1994,14,,,14,randomized complete block,,3,27.4,27.4,1,tillage type x tile drainage,4,,,,,,
10.1016/j.still.2010.02.005,275,2,"Westmoreland silt loam (fine, mixed, mesic, Ultic Hapludult)",USDA-ARS North Appalachian Experimental Watersheds (NAEW) near Coshocton,OH,40.58333333,-81.11833333,1964,43,,,43,paired comparisons,,1,,,1,tillage type,2,,,,,,
10.1016/j.still.2010.02.005,275,1,"Crosby silt loam (fine, mixed, mesic, Aeric Ochraqualf)",Western Agricultural Research Station (WARS) near South Charleston,OH,39.75,-83.6,1962,45,,,45,randomized complete block,,4,,,1,tillage type,3,,,,,,
10.2136/sssaj2009.0362,276,1,"silty clay loam soil (deep, moderately well-drained, upland Sharpsburg soil formed in loess; a fi ne, smectitic, mesic Typic Argiudoll)",Rogers Memorial Farm east of Lincoln,NE,40.812477,-96.807462,1986,19,,,,randomized complete block,split-plot,6,4.6,22.9,2,tillage type,6,crop rotation,,,,,
10.5433/1679-0359.2011v32n3p983,277,0,"Gley soil Melanic silty loam (fine-silty, mesic, mixed Typic Haplaquoll)","Experimental Station of the Department of Agronomy, Purdue University, located in West Lafayette",IN,86.91666667,-40.43333333,1980,15,,,15,randomized complete block,split-plot,3,10.2,50,2,crop rotation,2,tillage type,3,,,,
10.2136/sssaj2009.0147,278,0,"Chalmers silty clay loam (a fine-silty, mixed, superactive, mesic Typic Endoaquoll)","Experimental Station of the Department of Agronomy, Purdue University, located in West Lafayette",IN,86.91666667,-40.43333333,1975,30,,,30,randomized complete block,split-plot,3,9,45,2,crop rotation,2,tillage type,3,,,,
10.1016/j.still.2010.11.003,280,0,"Mexico silt loam (fine, smectitic, mesic, Vertic Epiaqualf)",Bradford Research and Extension Center,MO,38.53,-92.12,1991,18,,,18,randomized complete block,split-plot,4,6.08,6.1,2,crop rotation,2,tillage type,2,,,,
10.1016/j.still.2011.03.005,281,0,"silty clay loam soil (deep, moderately well-drained upland Sharpsburg soil formed in loess; fine, smectitic, mesic Typic Argiudolls)",Rogers Memorial Farm approximately 19 km east of Lincoln,NE,40.843,-96.465,1986,14,,,14,randomized complete block,split-plot,,4.6,22.9,2,tillage type,6,crop rotation,3,,,,
10.2134/jeq2011.0039,282,0,"Waukegan silt loam (fi ne-silty over skeletal mixed, superactive mesic Typic Hapludoll)","University of Minnesota’s Outreach, Research, and Education Park in Rosemount",MN,44.75,-93.06666667,1990,20,,,20,randomized complete block,,3,,,1,tillage type,2,,,,,,
10.1039/c1em10120j,283,0,,Iowa State University’s Northeast Research Center near Nashua,IA,42.936471,-92.569974,2000,5,,,5,randomized complete block,,3,,,1,tillage type x fertilization rate,4,,,,,,
10.2136/sssaj2010.0334,284,0,"Hoytville clay loam (fine, illitic, active, mollic Epiaqualfs)",Northwest Branch of the Ohio State University’s Agricultural Research and Development Center at Hoytville,OH,41.21666667,-83.76666667,1963,44,,,44,randomized complete block,,3,,,1,tillage type,2,,,,,,
10.2134/agronj2011.0043,285,2,,Ames,IA,42.025037,-93.633931,2004,5,,,5,randomized complete block,split-split plot,4,,,3,tillage type,2,crop rotation,10,soybean cultivar,3,,
10.2134/agronj2011.0043,285,1,,Arlington,WI,43.334759,-89.37113,1987,22,,,22,randomized complete block,split-split plot,4,,,3,tillage type,2,crop rotation,10,soybean cultivar,3,,
10.2136/sssaj2012.0098,286,2,,"Northwestern Agricultural Research Station, Hoytville",OH,41.48333333,-84.15,1964,47,,,47,randomized complete block,,,6.1,27.4,1,tillage type x crop rotation,6,,,,,,
10.2136/sssaj2012.0098,286,1,,"Ohio Agricultural Research and Development Center, Wooster",OH,40.41666667,-83.25,1962,49,,,49,randomized complete block,,,4.3,22.3,1,tillage type x crop rotation,6,,,,,,
10.1016/j.still.2013.01.004,287,0,"Nicollet loam (fine-loamy, mixed, mesic, Aquic Hapludolls)",Iowa State University Field Extension Education Laboratory Research Farm near Ames,IA,43.65,-95.78333333,2004,4,,conventional tillage maize-soybean,4,complete factorial,,3,,,2,tillage type x (residue removal time),3,,,,,,
10.1016/j.agee.2013.03.014,288,0,,"Waterman farm of the Ohio State University, Columbus",OH,40.03333333,-83.04166667,1994,17,,,17,,,,24.7,24.7,2,tillage type,2,drainage ,2,,,,
10.1016/j.agee.2013.02.003,289,0,"Canisteo (Typic Endoaquoll), Clarion (Typic Hapludolls), and Webster (Typic Haplaquolls)",Iowa State University (ISU) Agronomy/Ag Engineering Research and Education Center (AAEREC) in Boone County,IA,42.01666667,-93.75,1979,27,,,27,,,4,27.4,91.4,2,tillage type,5,crop rotation,2,,,,
10.1016/j.still.2013.05.013,290,0,"Canisteo (Typic Endoaquoll), Clarion (Typic Hapludolls), and Webster (Typic Haplaquolls)",Iowa State University (ISU) Agronomy/Ag Engineering Research and Education Center (AAEREC) in Boone County,IA,42.01666667,-93.75,1979,27,,,27,,,4,27.4,91.4,2,tillage type,5,crop rotation,2,,,,
10.2134/agronj2013.0181,291,2,"Nicollet-Webster clay loam soil complex (fine-loamy, mixed, superactive, mesic Aquic Hapludolls and fine-loamy, mixed, superactive, mesic Typic Endoaquolls, respectively)",University of Minnesota Southern Research and Outreach Center near Waseca,MN,44.05,-93.51666667,2008,4,,,4,randomized complete block,split-plot,4,6.1,7,2,tillage type x stover management,5,nitrogen rate,6,,,,
10.2134/agronj2013.0181,291,1,"Knoke loam soil (fine, smectitic, calcareous, mesic Mumulic Vertic Endoaquolls)",University of Minnesota Southwest Research and Outreach Center near Lamberton,MN,44.23333333,-95.3,2008,4,,,4,randomized complete block,split-plot,4,6.1,9.2,2,tillage type x stover management,5,nitrogen rate,6,,,,
10.1080/0038768.2013.878643,292,0,"Crosby silt loam (fine, mixed, mesic, Aeric Ochraqualf)","Waterman Farm of the Ohio State University, Columbus",OH,40.03333333,-83.04166667,1994,9,,,,randomized complete block,,12,4.6,4.6,2,tillage type x drainage,4,,,,,,
10.1007/s00374-013-0866-7,293,2,"Canfield (Aquic Fragiudalfs), Cardington (Aquic Hapludalfs), Centerburg (Aquic Hapludalfs), and Wooster (Oxyaquic Fragiudalfs) in the upslope position, and as Bennington (Aeric Epiaqualfs) and Condit (Typic Epiaqualfs) in the downslope position",Bucyrus,OH,40.80575,-82.974545,1997,13,,,13,within site comparisons,,1,,,1,tillage type,2,,,,,,
10.1007/s00374-013-0866-7,293,3,"Canfield (Aquic Fragiudalfs), Cardington (Aquic Hapludalfs), Centerburg (Aquic Hapludalfs), and Wooster (Oxyaquic Fragiudalfs) in the upslope position, and as Bennington (Aeric Epiaqualfs) and Condit (Typic Epiaqualfs) in the downslope position",Centerburg,OH,40.301878,-82.698026,1974,36,,,36,within site comparisons,,1,,,1,tillage type,2,,,,,,
10.1007/s00374-013-0866-7,293,1,"Canfield (Aquic Fragiudalfs), Cardington (Aquic Hapludalfs), Centerburg (Aquic Hapludalfs), and Wooster (Oxyaquic Fragiudalfs) in the upslope position, and as Bennington (Aeric Epiaqualfs) and Condit (Typic Epiaqualfs) in the downslope position",Mount Gilead,OH,40.546167,-82.81893,2001,9,,,9,within site comparisons,,1,,,1,tillage type,2,,,,,,
10.1007/s00374-013-0866-7,293,4,"Canfield (Aquic Fragiudalfs), Cardington (Aquic Hapludalfs), Centerburg (Aquic Hapludalfs), and Wooster (Oxyaquic Fragiudalfs) in the upslope position, and as Bennington (Aeric Epiaqualfs) and Condit (Typic Epiaqualfs) in the downslope position",Wooster,OH,40.814391,-81.932647,1962,48,,,48,within site comparisons,,1,,,1,tillage type,2,,,,,,
10.2134/jeq2013.10.0431,294,2,"Coleridge silty clay loam (fine-silty, mixed, superactive, mesic Cumulic Haplustolls) and Baltic silty clay (fine, smectitic, calcareous, mesic Cumulic Vertic Endoaquolls) and Maskell loam (fine-loamy, mixed superactive, mesic Cumulic Haplustolls)",Haskell Agricultural Laboratory (HAL) near Concord,NE,42.383827,-96.989108,1985,28,,,28,randomized complete block,split-split-plot,4,6.1,10.7,3,tillage type,3,crop rotation,2,nitrogen rate,5,,
10.2134/jeq2013.10.0431,294,1,"Crete silt loam (fine, smectitic, mesic Pachic Udertic Argiustolls) and Butler silt loam (fine, smectitic, mesic Vertic Argiaquolls)",South Central Agricultural Laboratory (SCAL) near Clay Center,NE,40.524789,-98.061015,1986,27,,,27,randomized complete block,split-plot,4,3,15.2,2,nitrogen rate,4,tillage type,2,,,,
10.2489/jswc.69.9.574,295,0,"Clarion-Nicollet-Webster, (Clarion [fine-loamy, mixed, mesic, Typic Hapluduolls], Nicollet [fine-loamy, mixed, mesic, Aquic Hapluduolls] and Webster [fine-loam, mixed, mesic, Typic Endoaquolls])",Iowa State University Agronomy Research Farm located 16 km west of Ames,IA,42.01666667,-93.75,2002,10,,,10,randomized complete block,split-plot,4,9.1,27.4,2,tillage type,5,crop rotation,3,,,,
10.2489/jswc.69.9.574,296,0,"Crosby silt loam (fine, mixed, mesic, Aeric Ochraqualf)","Waterman Farm of the Ohio State University, Columbus",OH,40.03333333,-83.04166667,1994,9,,,,randomized complete block,,12,4.6,4.6,2,tillage type x drainage,4,,,,,,
10.2489/jswc.69.9.543,297,2,"Hoytville series (fine, illitic, mesic Mollic Ochraqualf)",Northwestern Branch of the Ohio Agricultural Research and Development Center at Hoytville,OH,41.19127,-83.790533,1987,10,,,10,randomized complete block,split-plot,3,3.05,15.25,2,axle loads (compaction),3,tillage type,3,,,,
10.2489/jswc.69.9.543,297,1,Wooster silt loam (Typic Fragiudal),Wooster,OH,40.814391,-81.932647,1962,30,,continuous corn longterm tillage experiment,30,randomized complete block,split-plot,4,8.4,37,2,tillage type,3,crop rotation,3,,,,
10.1111/ejss.12205,298,0,"Rayne silt loam, a well-drained, fine loamy, mixed, active, mesic Typic Hapludult","North Appalachian Experimental Watershed (NAEW), a USDA Agricultural Research Service (ARS) station near Coshocton",OH,40.4,-81.8,1970,42,,,42,randomized complete block,,3,3,3,1,tillage type x residue removal,5,,,,,,
10.2136/sssaj2014.08.0337,299,0,"Nicollet–Webster clay loam soil complex (fine-loamy, mixed superactive, mesic Aquic Hapludolls and Typic Endoaquolls)",University of Minnesota Southern Research and Outreach Center near Waseca,MN,44.05,-93.51666667,2008,4,,,4,randomized complete block,split-plot,4,6.1,7,2,residue management x tillage type,5,nitrogen rate,2,,,,
10.2136/sssaj2014.07.0273,300,2,"Marlette sandy loam soils (fine-loamy, mixed, semiactive, mesic Oxyaquic Glossudalfs)",Champaign-Urbana,IL,40.048766,-88.236268,2011,2,,,2,randomized complete block,,4,,,2,tillage type,2,cover crop,2,,,,
10.2136/sssaj2014.07.0273,300,1,"Drummer silty clay loam (fine-silty, mixed, super-active, mesic Typic Endoaquoll)",Mason,MI,42.628551,-84.434808,2011,2,,,2,randomized complete block,,4,,,2,tillage type,2,cover crop,2,,,,
Unavailable,301,0,,The Ohio State University South Centers at Piketon,OH,39.04166667,-83.03333333,2000,7,,,7,randomized complete block,,3,40,100,1,tillage type x crop rotation,5,,,,,,
10.1016/j.apsoil.2015.01.007,302,0,"Canisteo silty clay loam (fine-loamy, mixed, superactive, calcareous, mesic Typic Endoaquolls) and Harps loam (loam, mixed, superactive, mesic Typic Calciaquolls)","Iowa State University, Agronomy Research Farm located in Central",IA,42,-93.133333,2010,3,,,3,randomized complete block,split-split plot,3,6.1,7.6,3,tillage type,2,residue management,4,nitrogen rate,3,,
10.2134/agronj14.0535,303,2,"Nicollet–Webster clay loam soil complex (fine-loamy, mixed superactive, mesic Aquic Hapludoll and fine-loamy, mixed, superactive, mesic Typic Endoaquoll, respectively",University of Minnesota Southern Research and Outreach Center near Waseca,MN,44.05,-93.51666667,2008,4,,,4,randomized complete block,split-plot,4,6.1,7,2,residue management x tillage type,5,nitrogen rate,2,,,,
10.2134/agronj14.0535,303,1,"Knoke loam soil (fine, smectitic, calcareous, mesic Mumulic Vertic Endoaquoll)",University of Minnesota Southwest Research and Outreach Center near Lamberton,MN,44.23333333,-95.3,2008,4,,,4,randomized complete block,split-plot,4,6.1,9.2,2,residue management x tillage type,5,nitrogen rate,2,,,,
10.2134/agronj14.0470,304,1,Clarion–Nicollet– Webster,Ames,IA,42.0204,-93.7738,2003,11,,,11,randomized complete block,split-plot,4,9.1,27.4,2,tillage type,5,cop rotation,3,,,,
10.2134/agronj14.0470,304,4,Marshall,Armstrong,IA,43.3101,-95.1741,2003,11,,,11,randomized complete block,split-plot,4,9.1,27.4,2,tillage type,5,cop rotation,3,,,,
10.2134/agronj14.0470,304,2,Ottle–Mahaska–Taintor,Crawfordsville,IA,41.2033,-91.486,2003,11,,,11,randomized complete block,split-plot,4,9.1,27.4,2,tillage type,5,cop rotation,3,,,,
10.2134/agronj14.0470,304,3,Clarion–Nicollet– Webster,Kanawha,IA,42.9311,-93.5889,2003,11,,,11,randomized complete block,split-plot,4,9.1,27.4,2,tillage type,5,cop rotation,3,,,,
10.2134/agronj14.0470,304,5,Grundy–Haig,McNay,IA,40.9733,-93.4228,2003,11,,,11,randomized complete block,split-plot,4,9.1,27.4,2,tillage type,5,cop rotation,3,,,,
10.2134/agronj14.0470,304,6,Kenyon–Floyd–Clyde,Nashua,IA,42.9327,-92.5632,2003,11,,,11,randomized complete block,split-plot,4,9.1,27.4,2,tillage type,5,cop rotation,3,,,,
10.2134/agronj14.0470,304,7,Galva–Primghar–Sac,Sutherland,IA,42.9246,-95.539,2003,11,,,11,randomized complete block,split-plot,4,9.1,27.4,2,tillage type,5,cop rotation,3,,,,
10.2136/sssaj2015.01.0039,305,1,"Canisteo silty clay loam (fine-loamy, mixed, superactive, calcareous, mesic Typic Endoaquolls) and Harps loam (loam, mixed, superactive, mesic Typic Calciaquolls)",Iowa State University Agricultural Engineering and Agronomy Research Farm in central Iowa near Ames,IA,42.01055556,-93.73361111,2008,3,,,3,randomized complete block,split-split plot,3,6.08,15,3,tillage type,2,residue management,3,nitrogen rate,4,,
10.2136/sssaj2015.01.0039,305,2,"Marshall (fine-silty, mixed, superactive, mesic Typic Hapludoll)",Southwest Armstrong Memorial Research and Demonstration Farm near Lewis,IA,41.33138889,-95.18333333,2008,3,,,3,randomized complete block,split-split plot,3,6.08,15,3,tillage type,2,residue management,3,nitrogen rate,4,,
10.1016/j.still.2015.03.005,306,1,"Flanagan silt loam (fine, smectitic, mesic Aquic Argiudolls)",DeKalb,IL,41.91666667,-88.75,2005,8,,,8,randomized complete block,split-split plot,4,6.1,9.1,3,residue management,3,tillage type,2,nitrogen rate,2,,
10.1016/j.still.2015.03.005,306,2,"Muscatune silt loam (fine-silty, mixed, superactive, mesic Aquic Argiudolls)",Monmouth,IL,40.9,-90.633333,2005,8,,,8,randomized complete block,split-split plot,4,6.1,9.1,3,residue management,3,tillage type,2,nitrogen rate,2,,
10.1016/j.still.2015.03.005,306,3,"Clarksdale silt loam (fine, smectitic, mesic Udollic Endoaqualfs)",Perry,IL,39.76666667,-90.73333333,2005,8,,,8,randomized complete block,split-split plot,4,6.1,9.1,3,residue management,3,tillage type,2,nitrogen rate,2,,
10.1016/j.still.2015.03.005,306,4,"Flanagan silt loam (fine, smectitic, mesic Aquic Argiudolls)",Urbana,IL,40.1,-88.2,2005,8,,,8,randomized complete block,split-split plot,4,6.1,9.1,3,residue management,3,tillage type,2,nitrogen rate,2,,
10.1016/j.geoderma.2015.04.002,307,1,"Flanagan silt loam (fine, smectitic, mesic Aquic Argiudolls)",DeKalb,IL,41.91666667,-88.75,2005,8,,,8,randomized complete block,split-split plot,4,6.1,9.1,3,residue management,3,tillage type,2,nitrogen rate,2,,
10.1016/j.geoderma.2015.04.002,307,2,"Muscatune silt loam (fine-silty, mixed, superactive, mesic Aquic Argiudolls)",Monmouth,IL,40.9,-90.633333,2005,8,,,8,randomized complete block,split-split plot,4,6.1,9.1,3,residue management,3,tillage type,2,nitrogen rate,2,,
10.1016/j.geoderma.2015.04.002,307,3,"Clarksdale silt loam (fine, smectitic, mesic Udollic Endoaqualfs)",Perry,IL,39.76666667,-90.73333333,2005,8,,,8,randomized complete block,split-split plot,4,6.1,9.1,3,residue management,3,tillage type,2,nitrogen rate,2,,
10.1016/j.geoderma.2015.04.002,307,4,"Flanagan silt loam (fine, smectitic, mesic Aquic Argiudolls)",Urbana,IL,40.1,-88.2,2005,8,,,8,randomized complete block,split-split plot,4,6.1,9.1,3,residue management,3,tillage type,2,nitrogen rate,2,,
10.1007/s12155-015-9586-1,308,1,"Knoke loam (fine, smectitic, calcareous, mesic Mumulic Vertic Endoaquolls)",University of Minnesota Research and Outreach Centers near Lamberton,MN,44.23333333,-95.3,2008,3,,,3,randomized complete block,split-plot,4,6.1,9.2,2,tillage type,3,nitrogen rate,6,,,,
10.1007/s12155-015-9586-1,308,2,"Nicollet-Webster clay loam complex (fine-loamy, mixed superactive, mesic Aquic Hapludolls and fine-loamy, mixed, superactive, mesic Typic Endoaquolls, respectively)",University of Minnesota Research and Outreach Centers near Waseca,MN,44.05,-93.51666667,2008,3,,,3,randomized complete block,split-plot,4,6.1,7,2,tillage type,3,nitrogen rate,6,,,,
10.2134/agronj15.0085,309,1,"Aksarben (fine, smectitic, mesic Typic Argiudoll) and Wymore (fine, smectitic, mesic Aquertic Argiudoll) silty clay loam soils",10 km east of Lincoln,NE,40.5,-96.3,1986,28,,,28,randomized complete block,split-plot,6,4.6,22.9,2,tillage type,6,crop rotation,2,,,,
10.1016/j.still.2015.06.015,310,1,"Typic Hapludalfs of the Kalamazoo (fine-loamy, mixed, mesic) and Oshtemo (coarse-loamy, mixed, mesic)",Kellogg Biological Station,MI,42.4,-85.4,2011,3,,,3,randomized complete block,split-strip-plot,6,,,4,topographical position,3,crop phase,2,tillage type,2,cover crop,2
10.1016/j.still.2015.06.015,310,2,"Capac (fine-loamy, mixed, active, mesic Aquic Glossudalfs) and Marlette (fine-loamy, mixed, semiactive, mesic Oxyaquic Glossudalfs) series",Mason Research Farm,MI,42.62933333,-92.18138889,2011,3,,,3,randomized complete block,split-strip-plot,5,,,4,topographical position,3,crop phase,2,tillage type,2,cover crop,2
10.1016/S0167-1987(97)00041-X,311,0,"Stoy silt loam (fine-silty, mixed, mesic Aquic Hapludalfs)","Agronomy Research Center, Southern Illinois University, Carbondale",IL,37.701145,-89.242604,1989,5,,,5,randomized complete block,split-plot,4,9,21,2,deep tillage type,4,annual tillage type,2,,,,
10.1016/j.still.2015.05.006,312,0,"Sharpsburg silty clay loam (fine, montmorillonitic, mesic Typic Argiudolls)",University of Nebraska’s Rogers Memorial Farm near Lincoln,NE,40.84555556,-96.47166667,1981,34,,,34,randomized complete block,,3,9,23,1,tillage type,6,,,,,,
10.2134/agronj2015.0331,313,0,,Arlington,WI,43.334759,-89.37113,1987,26,,,26,randomized complete block,split-split plot,4,3,9,3,tillage type,2,crop rotation,10,seed rhizobia,3,,
10.1016/j.still.2013.09.003,314,0,"Crosby silt loam (Fine, mixed, mesic, Aeric Ochraqualf)","Waterman Farm of The Ohio State University, Columbus",OH,40.03333333,-83.04166667,1994,18,,,18,randomized complete block,,3,27.4,27.4,1,tillage type x drainage,4,,,,,,
10.1515/intag-2015-0030,315,0,"Waldron silt loam (Fine, smectitic, calcareous, mesic Aeric Fluvaquents)",Lincoln University of Missouri Freeman farm in Jefferson City,MI,38.97111111,-92.18138889,2011,3,,,3,completely randomized design,,3,12.2,21.3,1,tillage type x cover crop x crop rotation,12,,,,,,
10.1080/00103624.2016.1194993,316,0,"Crosby silt-loam (fine, mixed, mesic, Aeric Ochraqualf",Ohio Agricultural Research and Development Center (OARDC) Western Agricultural Research Station Farm near South Charleston,OH,39.75,-83.6,1962,50,,,50,,,,,,1,tillage type,2,,,,,,
10.2134/agronj2015.0363,317,4,Clarion–Nicollet– Webster,Ames,IA,42.03472222,-93.61972222,2003,11,,,11,completely randomized design,split-plot,,9.1,18.3,2,tillage type,5,crop rotation,3,,,,
10.2134/agronj2015.0363,317,5,Marshall,Armstrong,IA,43.3101,-95.1741,2003,11,,,11,completely randomized design,split-plot,,9.1,18.3,2,tillage type,5,crop rotation,3,,,,
10.2134/agronj2015.0363,317,7,Ottle–Mahaska–Taintor,Crawfordsville,IA,41.24416667,-91.56222222,2003,11,,,11,completely randomized design,split-plot,,9.1,18.3,2,tillage type,5,crop rotation,3,,,,
10.2134/agronj2015.0363,317,2,Clarion–Nicollet– Webster,Kanawha,IA,42.9311,-93.5889,2003,11,,,11,completely randomized design,split-plot,,9.1,18.3,2,tillage type,5,crop rotation,3,,,,
10.2134/agronj2015.0363,317,6,Grundy–Haig,McNay,IA,41.01388889,-93.69,2003,11,,,11,completely randomized design,split-plot,,9.1,18.3,2,tillage type,5,crop rotation,3,,,,
10.2134/agronj2015.0363,317,3,Kenyon–Floyd–Clyde,Nashua,IA,42.95277778,-92.53638889,2003,11,,,11,completely randomized design,split-plot,,9.1,18.3,2,tillage type,5,crop rotation,3,,,,
10.2134/agronj2015.0363,317,1,Galva–Primghar–Sac,Sutherland,IA,42.9246,-95.539,2003,11,,,11,completely randomized design,split-plot,,9.1,18.3,2,tillage type,5,crop rotation,3,,,,
10.1111/gcb.12216,318,0,"Boyer (loamy sand), Kalamazoo (fine-loamy), and Oshtemo (coarse-loamy)",Great Lakes Bioenergy Research Center at the Marshall Farm of the Kellogg Biological Station Long-term Ecological Research site,MI,42.1,-85.31666667,2009,1,,,1,randomized complete block,,4,9,36,1,tillage type,2,,,,,,
10.1614/WT-D-16-00061.1,319,2,silt loam,Boone County,MO,39.010489,-92.345304,2014,2,,,2,randomized complete block,split-plot,4,,,2,tillage type,4,herbicide program,2,,,,
10.1614/WT-D-16-00061.1,319,6,silty clay loam,Clark County,OH,39.897489,-83.809074,2014,2,,,2,randomized complete block,split-plot,4,,,2,tillage type,4,herbicide program,2,,,,
10.1614/WT-D-16-00061.1,319,8,silt loam,Columbia County,WI,43.465075,-89.326398,2014,2,,,2,randomized complete block,split-plot,4,,,2,tillage type,4,herbicide program,2,,,,
10.1614/WT-D-16-00061.1,319,7,silt loam,Madison County,TN,35.605025,-88.827518,2014,2,,,2,randomized complete block,split-plot,4,,,2,tillage type,4,herbicide program,2,,,,
10.1614/WT-D-16-00061.1,319,1,silt loam,Randolph County,MO,39.453221,-92.512262,2014,2,,,2,randomized complete block,split-plot,4,,,2,tillage type,4,herbicide program,2,,,,
10.1614/WT-D-16-00061.1,319,4,silt loam,St. Claire County,IL,38.488805,-89.965375,2014,2,,,2,randomized complete block,split-plot,4,,,2,tillage type,4,herbicide program,2,,,,
10.1614/WT-D-16-00061.1,319,5,silt loam,Tippecanoe County,IN,40.429847,-86.907109,2014,2,,,2,randomized complete block,split-plot,4,,,2,tillage type,4,herbicide program,2,,,,
10.1614/WT-D-16-00061.1,319,3,silt loam,Washington County,AR,35.999599,-94.222684,2014,2,,,2,randomized complete block,split-plot,4,,,2,tillage type,4,herbicide program,2,,,,
10.1080/01904167.2016.1264594,320,0,"Divide loam (fine-loamy over sandy or sandyskeletal, mixed, superactive, frigid, Aeric Calciaquoll)",Brookings County,SD,44.33472222,-96.78972222,2000,11,,,11,randomized strip-split-split,,4,9,9,3,tillage type,2,crop rotation,3,residue management,2,,
10.2134/agronj2016.09.0507,321,0,"Kalamazoo (fine-loamy, 122 mixed, mesic Typic Hapludalfs) and Oshtemo (coarse-loamy, mixed, mesic Typic 123 Hapludalfs) loam",Kellogg Biological Station in Hickory Corners,MI,42.4,-85.4,2011,4,,,4,randomized complete block,split-split-plot,4,5.2,5.2,3,tillage type,2,vetch spatial arrangement,2,crop,2,,
10.2135/cropsci2016.09.0792,322,0,"Plano silt loam (fine-silty, mixed, mesic Typic Argiudolls)",Arlington Agricultural Research Station at Arlington,WI,43.18,-89.2,1987,28,,,28,randomized complete block,split-split-plot,4,,,3,tillage type,2,crop rotation,14,nematicide seed treatment,3,,
10.1111/gcb.13637,323,0,"Tomek (fine, smectitic, mesic Pachic Argiudoll) and Filbert (fine, smectitic, mesic Vertic Argialboll)","University of Nebraska-Lincoln’s Agricultural Research and Development Center, Ithaca",NE,41.16202778,-96.41166667,2002,14,,,14,randomized complete block,split-plot,6,9,15.2,2,tillage type,2,stover removal,3,,,,
10.2136/sssaj2016.14.0121,324,0,"Egan soil series (Fine-silty, mixed, superactive, mesic Udic Haplustolls)",Southeast Research Farm of the South Dakota State University near Beresford,SD,43.04944444,-96.89166667,1991,23,,,23,randomized complete block,,,20,100,2,tillage type,2,crop rotation,3,,,,
10.1016/j.still.2017.03.001,325,0,"Aksarben silty clay loam (fine, smectitic, mesic Typic Argiudolls) and Wymore silty clay loam (fine, smectitic, mesic Aquertic Argiudolls)",University of Nebraska’s Rogers Memorial Farm about 19 km east of Lincoln,NE,40.843,-96.465,1980,35,,,35,randomized complete block,,6,4.6,22.9,1,tillage type,4,,,,,,
10.2136/sssaj1998.03615995006200060031x,326,1,"Drummer silty clay loam (poorly drained, fine-silty, mixed, mesic Typic Haplaquoll)",University of Illinois Agronomy Research Center in DeKalb,IL,41.918689,-88.755928,1985,11,,,11,randomized complete block,,3,,,1,tillage type,2,,,,,,
10.2136/sssaj1998.03615995006200060031x,326,2,"Muscatine silt loam (somehwat poorly drained, fine-silty, mixed, mesic Aquic Hapludoll)",University of Illinois Agronomy Research Center in Monmouth,IL,40.923421,-90.648975,1985,11,,,11,randomized complete block,,3,,,1,tillage type,2,,,,,,
10.2136/sssaj1998.03615995006200060031x,326,3,"Herrick silt loam (somewhat poorly drained, fine, montmorillonitic, mesic Aquic Argiudoll)",University of Illinois Agronomy Research Center in Perry,IL,39.782266,-90.746721,1985,11,,,11,randomized complete block,,3,,,1,tillage type,2,,,,,,
