"Review_id","main_group","group_metric","Legend_1","mean_per_change1","sem_per_change1","num_papers1","num_comparisons1","Group_RV","Review","Legend_2","mean_per_change2","sem_per_change2","num_papers2","num_comparisons2","mean_per_change3","sem_per_change3","num_papers3","num_comparisons3","Legend_3"
"Cover crop","Biological","Microbial Biomass","Single species",21.1411148462315,24.7964944199072,3,9,"Early Season Pest Management","Cover Crops","Non-Legume",21.1411148462315,24.7964944199072,3,9,21.1411148462315,24.7964944199072,3,9,NA
"Cover crop","Biological","Microbial Biomass","Two species",114.320728291317,95.2030812324932,1,2,"Early Season Pest Management","Cover Crops","Multiple Non-Legumes",114.320728291317,95.2030812324932,1,2,114.320728291317,95.2030812324932,1,2,NA
"Cover crop","Chemical","Ammonium (Preplant)","Single species",15.0208767291568,10.1365642547373,6,23,"Early Season Pest Management","Cover Crops","Non-Legume",15.8391915196887,11.1087427187918,6,21,15.0208767291568,10.1365642547373,6,23,NA
"Cover crop","Chemical","Ammonium (Preplant)","Single species",15.0208767291568,10.1365642547373,6,23,"Early Season Pest Management","Cover Crops","Non-legume/Legume Rotation",6.42857142857144,0,1,2,15.0208767291568,10.1365642547373,6,23,NA
"Cover crop","Chemical","Ammonium (Preplant)","Three or more species",0.976800976801001,9.90261348025911,1,6,"Early Season Pest Management","Cover Crops","Non-Legume & Legume",0.976800976801001,9.90261348025911,1,6,0.976800976801001,9.90261348025911,1,6,NA
"Cover crop","Chemical","Ammonium (Preplant)","Two species",35.032835032835,8.09218059231923,1,6,"Early Season Pest Management","Cover Crops","Multiple Non-Legumes",35.032835032835,8.09218059231923,1,6,35.032835032835,8.09218059231923,1,6,NA
"Cover crop","Chemical","Nitrate (Maize)","Single species",-15.4575912130205,5.0242696788273,4,15,"Early Season Pest Management","Cover Crops","Non-Legume",-15.4575912130205,5.0242696788273,4,15,-15.4575912130205,5.0242696788273,4,15,NA
"Cover crop","Chemical","Nitrate (Maize)","Two species",-60.4819986726793,5.31771777751454,1,8,"Early Season Pest Management","Cover Crops","Multiple Non-Legumes",-60.4819986726793,5.31771777751454,1,8,-60.4819986726793,5.31771777751454,1,8,NA
"Cover crop","Chemical","Nitrate (Post Harvest)","Single species",19.4252313780661,12.0395369206255,2,9,"Early Season Pest Management","Cover Crops","Legume",53.8393463582244,12.1101034684104,1,4,19.4252313780661,12.0395369206255,2,9,NA
"Cover crop","Chemical","Nitrate (Post Harvest)","Single species",19.4252313780661,12.0395369206255,2,9,"Early Season Pest Management","Cover Crops","Non-Legume",-8.10606060606061,2.73305363750719,1,5,19.4252313780661,12.0395369206255,2,9,NA
"Cover crop","Chemical","Nitrate (Preplant)","Single species",-15.0443332405342,4.2457552032375,12,52,"Early Season Pest Management","Cover Crops","Non-Legume",-14.1537275111761,4.36941968038605,12,50,-15.0443332405342,4.2457552032375,12,52,NA
"Cover crop","Chemical","Nitrate (Preplant)","Single species",-15.0443332405342,4.2457552032375,12,52,"Early Season Pest Management","Cover Crops","Non-legume/Legume Rotation",-37.3094764744864,0,1,2,-15.0443332405342,4.2457552032375,12,52,NA
"Cover crop","Chemical","Nitrate (Preplant)","Three or more species",0.20703933747412,0.130943174334095,1,6,"Early Season Pest Management","Cover Crops","Non-Legume & Legume",0.20703933747412,0.130943174334095,1,6,0.20703933747412,0.130943174334095,1,6,NA
"Cover crop","Chemical","Nitrate (Preplant)","Two species",-29.4971769468414,7.5302229111726,2,14,"Early Season Pest Management","Cover Crops","Multiple Non-Legumes",-25.7444693015163,8.31993697089099,2,12,-29.4971769468414,7.5302229111726,2,14,NA
"Cover crop","Chemical","Nitrate (Preplant)","Two species",-29.4971769468414,7.5302229111726,2,14,"Early Season Pest Management","Cover Crops","Non-Legume & Legume",-52.0134228187919,0,1,2,-29.4971769468414,7.5302229111726,2,14,NA
"Cover crop","Chemical","Nitrate (Soybean)","Single species",-5.32049868128098,13.1227810226824,1,3,"Early Season Pest Management","Cover Crops","Non-Legume",-5.32049868128098,13.1227810226824,1,3,-5.32049868128098,13.1227810226824,1,3,NA
"Cover crop","Chemical","pH","Single species",-0.856999682464081,0.278183864757003,3,17,"Early Season Pest Management","Cover Crops","Non-Legume",-0.994658119658122,0.297873080599022,3,15,-0.856999682464081,0.278183864757003,3,17,NA
"Cover crop","Chemical","pH","Single species",-0.856999682464081,0.278183864757003,3,17,"Early Season Pest Management","Cover Crops","Non-legume/Legume Rotation",0.175438596491224,0,1,2,-0.856999682464081,0.278183864757003,3,17,NA
"Cover crop","Chemical","pH","Three or more species",-1.05652109328579,0.85147826004653,1,6,"Early Season Pest Management","Cover Crops","Non-Legume & Legume",-1.05652109328579,0.85147826004653,1,6,-1.05652109328579,0.85147826004653,1,6,NA
"Cover crop","Chemical","pH","Two species",0.505050505050507,0.319421985875595,1,6,"Early Season Pest Management","Cover Crops","Multiple Non-Legumes",0.505050505050507,0.319421985875595,1,6,0.505050505050507,0.319421985875595,1,6,NA
"Cover crop","Chemical","Phosphorous","Single species",0.410040080291256,1.48630877761122,5,34,"Early Season Pest Management","Cover Crops","Non-Legume",-0.116326716684843,1.53188686004405,5,32,0.410040080291256,1.48630877761122,5,34,NA
"Cover crop","Chemical","Phosphorous","Single species",0.410040080291256,1.48630877761122,5,34,"Early Season Pest Management","Cover Crops","Non-legume/Legume Rotation",8.83190883190883,0,1,2,0.410040080291256,1.48630877761122,5,34,NA
"Cover crop","Chemical","Phosphorous","Three or more species",-11.4312100236572,1.90813241575579,1,6,"Early Season Pest Management","Cover Crops","Non-Legume & Legume",-11.4312100236572,1.90813241575579,1,6,-11.4312100236572,1.90813241575579,1,6,NA
"Cover crop","Chemical","Phosphorous","Two species",10.1245628058282,2.47472127729119,2,14,"Early Season Pest Management","Cover Crops","Multiple Non-Legumes",12.5013442158746,2.20208082323976,2,12,10.1245628058282,2.47472127729119,2,14,NA
"Cover crop","Chemical","Phosphorous","Two species",10.1245628058282,2.47472127729119,2,14,"Early Season Pest Management","Cover Crops","Non-Legume & Legume",-4.13612565445028,0,1,2,10.1245628058282,2.47472127729119,2,14,NA
"Cover crop","Chemical","Postassium","Single species",0.162057608866117,0.302006061068163,2,22,"Early Season Pest Management","Cover Crops","Non-Legume",-0.00287521564117459,0.308448218352907,2,20,0.162057608866117,0.302006061068163,2,22,NA
"Cover crop","Chemical","Postassium","Single species",0.162057608866117,0.302006061068163,2,22,"Early Season Pest Management","Cover Crops","Non-legume/Legume Rotation",1.81138585393903,0,1,2,0.162057608866117,0.302006061068163,2,22,NA
"Cover crop","Chemical","Soil Carbon, 0-20 cm depth","Single species",-15.5393609645231,2.59421415472709,7,90,"Early Season Pest Management","Cover Crops","Non-Legume",1.14848498319317,0.714177929099636,6,50,-15.5393609645231,2.59421415472709,7,90,NA
"Cover crop","Chemical","Soil Carbon, 0-20 cm depth","Single species",-15.5393609645231,2.59421415472709,7,90,"Early Season Pest Management","Cover Crops","Non-legume/Legume Rotation",-36.3991683991684,3.69752000809673,1,40,-15.5393609645231,2.59421415472709,7,90,NA
"Cover crop","Chemical","Soil Carbon, 0-20 cm depth","Two species",1.54241645244217,0,1,7,"Early Season Pest Management","Cover Crops","Multiple Non-Legumes",1.54241645244217,0,1,7,1.54241645244217,0,1,7,NA
"Cover crop","Chemical","Soil Carbon, 0-75 cm depth","Single species",17.2912838243556,11.5608653700523,6,60,"Early Season Pest Management","Cover Crops","Non-Legume",-1.38336881852658,1.3614805320651,5,18,17.2912838243556,11.5608653700523,6,60,NA
"Cover crop","Chemical","Soil Carbon, 0-75 cm depth","Single species",17.2912838243556,11.5608653700523,6,60,"Early Season Pest Management","Cover Crops","Non-legume/Legume Rotation",25.2947063855909,16.4079612621145,2,42,17.2912838243556,11.5608653700523,6,60,NA
"Cover crop","Chemical","Soil Carbon, 0-75 cm depth","Three or more species",-2.63720055352541,0.0962279273603423,1,6,"Early Season Pest Management","Cover Crops","Non-Legume & Legume",-2.63720055352541,0.0962279273603423,1,6,-2.63720055352541,0.0962279273603423,1,6,NA
"Cover crop","Chemical","Soil Carbon, 0-75 cm depth","Two species",-3.8081183901497,3.97369638718539,2,14,"Early Season Pest Management","Cover Crops","Multiple Non-Legumes",-4.881029272534,4.5868159963534,2,12,-3.8081183901497,3.97369638718539,2,14,NA
"Cover crop","Chemical","Soil Carbon, 0-75 cm depth","Two species",-3.8081183901497,3.97369638718539,2,14,"Early Season Pest Management","Cover Crops","Non-Legume & Legume",2.62934690415607,0,1,2,-3.8081183901497,3.97369638718539,2,14,NA
"Cover crop","Chemical","Soil Organic Matter","Single species",7.57362922377773,1.1786681989103,5,44,"Early Season Pest Management","Cover Crops","Non-Legume",7.79490541213416,1.22480071434303,5,42,7.57362922377773,1.1786681989103,5,44,NA
"Cover crop","Chemical","Soil Organic Matter","Single species",7.57362922377773,1.1786681989103,5,44,"Early Season Pest Management","Cover Crops","Non-legume/Legume Rotation",2.92682926829269,0,1,2,7.57362922377773,1.1786681989103,5,44,NA
"Cover crop","Chemical","Soil Organic Matter","Two species",23.6933797909408,0,1,2,"Early Season Pest Management","Cover Crops","Multiple Non-Legumes",23.6933797909408,0,1,2,23.6933797909408,0,1,2,NA
"Cover crop","Chemical","Total Nitrogen","Single species",21.3419399897381,8.78713480323424,10,64,"Early Season Pest Management","Cover Crops","Legume",10.2230772833215,5.00490546011669,1,18,21.3419399897381,8.78713480323424,10,64,NA
"Cover crop","Chemical","Total Nitrogen","Single species",21.3419399897381,8.78713480323424,10,64,"Early Season Pest Management","Cover Crops","Non-Legume",27.8358756552903,12.5061672171665,9,44,21.3419399897381,8.78713480323424,10,64,NA
"Cover crop","Chemical","Total Nitrogen","Single species",21.3419399897381,8.78713480323424,10,64,"Early Season Pest Management","Cover Crops","Non-legume/Legume Rotation",-21.4548802946593,0,1,2,21.3419399897381,8.78713480323424,10,64,NA
"Cover crop","Chemical","Total Nitrogen","Two species",-24.2440354991544,7.19461230960572,2,16,"Early Season Pest Management","Cover Crops","Multiple Non-Legumes",-27.9416611793614,7.73591393173746,2,14,-24.2440354991544,7.19461230960572,2,16,NA
"Cover crop","Chemical","Total Nitrogen","Two species",-24.2440354991544,7.19461230960572,2,16,"Early Season Pest Management","Cover Crops","Non-Legume & Legume",1.63934426229508,0,1,2,-24.2440354991544,7.19461230960572,2,16,NA
"Cover crop","Environmental","Carbon Dioxide Emissions","Single species",11.0168986712044,2.55420894106314,1,6,"Early Season Pest Management","Cover Crops","Non-Legume",11.0168986712044,2.55420894106314,1,6,11.0168986712044,2.55420894106314,1,6,NA
"Cover crop","Environmental","Nitrous Oxide Emissions","Single species",1.34385442404664,7.45670171176743,3,19,"Early Season Pest Management","Cover Crops","Non-Legume",1.34385442404664,7.45670171176743,3,19,1.34385442404664,7.45670171176743,3,19,NA
"Cover crop","Environmental","Nitrous Oxide Emissions","Two species",6.88769768281724,8.68802697408653,1,8,"Early Season Pest Management","Cover Crops","Multiple Non-Legumes",6.88769768281724,8.68802697408653,1,8,6.88769768281724,8.68802697408653,1,8,NA
"Cover crop","Environmental","Soil Temperature","Single species",0.298236486285729,0.464255777680263,1,12,"Early Season Pest Management","Cover Crops","Non-Legume",0.298236486285729,0.464255777680263,1,12,0.298236486285729,0.464255777680263,1,12,NA
"Cover crop","Physical","Compaction","Single species",3.73491267771135,0.486507373247762,3,19,"Early Season Pest Management","Cover Crops","Non-Legume",3.48391905795056,0.510095286813985,3,17,3.73491267771135,0.486507373247762,3,19,NA
"Cover crop","Physical","Compaction","Single species",3.73491267771135,0.486507373247762,3,19,"Early Season Pest Management","Cover Crops","Non-legume/Legume Rotation",5.86835844567803,0,1,2,3.73491267771135,0.486507373247762,3,19,NA
"Cover crop","Physical","Compaction","Three or more species",9.59605761546301,4.26215772688799,1,6,"Early Season Pest Management","Cover Crops","Non-Legume & Legume",9.59605761546301,4.26215772688799,1,6,9.59605761546301,4.26215772688799,1,6,NA
"Cover crop","Physical","Compaction","Two species",9.54032068225159,1.47814313642104,2,9,"Early Season Pest Management","Cover Crops","Multiple Non-Legumes",9.54032068225159,1.47814313642104,2,9,9.54032068225159,1.47814313642104,2,9,NA
"Cover crop","Physical","Erosion","Single species",-38.3425552466393,3.46442365982139,3,51,"Early Season Pest Management","Cover Crops","Non-Legume",-48.8259181437255,8.29584074482015,2,11,-38.3425552466393,3.46442365982139,3,51,NA
"Cover crop","Physical","Erosion","Single species",-38.3425552466393,3.46442365982139,3,51,"Early Season Pest Management","Cover Crops","Non-legume/Legume Rotation",-35.4596304499405,3.7119024261616,1,40,-38.3425552466393,3.46442365982139,3,51,NA
"Cover crop","Physical","Soil Aggregates","Single species",6.18478236074886,2.23990693959379,7,50,"Early Season Pest Management","Cover Crops","Non-Legume",6.38836907166751,2.32950181220557,7,48,6.18478236074886,2.23990693959379,7,50,NA
"Cover crop","Physical","Soil Aggregates","Single species",6.18478236074886,2.23990693959379,7,50,"Early Season Pest Management","Cover Crops","Non-legume/Legume Rotation",1.2987012987013,0,1,2,6.18478236074886,2.23990693959379,7,50,NA
"Cover crop","Physical","Soil Aggregates","Three or more species",-0.92010147593617,1.19911583542333,1,6,"Early Season Pest Management","Cover Crops","Non-Legume & Legume",-0.92010147593617,1.19911583542333,1,6,-0.92010147593617,1.19911583542333,1,6,NA
"Cover crop","Physical","Soil Aggregates","Two species",1.90730712417474,0.416958879472998,2,14,"Early Season Pest Management","Cover Crops","Multiple Non-Legumes",1.74093014365987,0.471267854215194,2,12,1.90730712417474,0.416958879472998,2,14,NA
"Cover crop","Physical","Soil Aggregates","Two species",1.90730712417474,0.416958879472998,2,14,"Early Season Pest Management","Cover Crops","Non-Legume & Legume",2.90556900726393,0,1,2,1.90730712417474,0.416958879472998,2,14,NA
"Cover crop","Physical","Soil Bulk Density","Single species",0.313006129737155,0.408460424717136,7,53,"Early Season Pest Management","Cover Crops","Non-Legume",0.382951006797205,0.421574495664428,7,51,0.313006129737155,0.408460424717136,7,53,NA
"Cover crop","Physical","Soil Bulk Density","Single species",0.313006129737155,0.408460424717136,7,53,"Early Season Pest Management","Cover Crops","Non-legume/Legume Rotation",-1.47058823529412,0,1,2,0.313006129737155,0.408460424717136,7,53,NA
"Cover crop","Physical","Soil Bulk Density","Three or more species",0.5249343832021,0.331997654610854,1,6,"Early Season Pest Management","Cover Crops","Non-Legume & Legume",0.5249343832021,0.331997654610854,1,6,0.5249343832021,0.331997654610854,1,6,NA
"Cover crop","Physical","Soil Bulk Density","Two species",-0.671500817071563,0.403498607781384,2,13,"Early Season Pest Management","Cover Crops","Multiple Non-Legumes",-0.671500817071563,0.403498607781384,2,13,-0.671500817071563,0.403498607781384,2,13,NA
"Cover crop","Physical","Soil Pores","Single species",3.13851542261393,2.20128147241686,1,12,"Early Season Pest Management","Cover Crops","Non-Legume",3.13851542261393,2.20128147241686,1,12,3.13851542261393,2.20128147241686,1,12,NA
"Cover crop","Physical","Soil Texture","Single species",0.585416974759362,1.06324757223744,1,42,"Early Season Pest Management","Cover Crops","Non-Legume",0.585416974759362,1.06324757223744,1,42,0.585416974759362,1.06324757223744,1,42,NA
"Cover crop","Physical","Soil Water Content","Single species",4.1358456859004,0.83118167463998,6,132,"Early Season Pest Management","Cover Crops","Legume",-1.20481266839653,1.61492095726017,1,36,4.1358456859004,0.83118167463998,6,132,NA
"Cover crop","Physical","Soil Water Content","Single species",4.1358456859004,0.83118167463998,6,132,"Early Season Pest Management","Cover Crops","Non-Legume",6.13859256876175,0.891510305523537,5,96,4.1358456859004,0.83118167463998,6,132,NA
"Cover crop","Crop Nitrogen Uptake","Grain (Maize)","Single species",-16.6749032226574,2.35869908796009,4,34,"Crop Production","Cover Crops","Legume",-35.8600583090379,0.589132927744512,1,9,-16.6749032226574,2.35869908796009,4,34,NA
"Cover crop","Crop Nitrogen Uptake","Grain (Maize)","Single species",-16.6749032226574,2.35869908796009,4,34,"Crop Production","Cover Crops","Non-Legume",-9.76824739156041,1.6891985963396,3,25,-16.6749032226574,2.35869908796009,4,34,NA
"Cover crop","Crop Nitrogen Uptake","Grain (Soybean)","Single species",-18.1286549707602,0,1,4,"Crop Production","Cover Crops","Non-Legume",-18.1286549707602,0,1,4,-18.1286549707602,0,1,4,NA
"Cover crop","Crop Nitrogen Uptake","Stalk/Stover (Maize)","Single species",-8.17767035084231,2.29338048725218,6,45,"Crop Production","Cover Crops","Legume",-29.6296296296296,4.83347523560673,1,9,-8.17767035084231,2.29338048725218,6,45,NA
"Cover crop","Crop Nitrogen Uptake","Stalk/Stover (Maize)","Single species",-8.17767035084231,2.29338048725218,6,45,"Crop Production","Cover Crops","Non-Legume",-2.81468053114548,1.67966330405566,5,36,-8.17767035084231,2.29338048725218,6,45,NA
"Cover crop","Stand Count","Seedling Density","Single species",1.48349397971994,2.28795142610608,5,184,"Crop Production","Cover Crops","Non-Legume",3.33403770120981,4.01694488517281,4,104,1.48349397971994,2.28795142610608,5,184,NA
"Cover crop","Stand Count","Seedling Density","Single species",1.48349397971994,2.28795142610608,5,184,"Crop Production","Cover Crops","Non-legume/Legume Rotation",-0.922212858216893,0.641056058541878,1,80,1.48349397971994,2.28795142610608,5,184,NA
"Cover crop","Stand Count","Seedling Density","Two species",-8.96428208667182,2.9834017649428,1,8,"Crop Production","Cover Crops","Multiple Non-Legumes",-10.2452494617617,3.91176585493262,1,6,-8.96428208667182,2.9834017649428,1,8,NA
"Cover crop","Stand Count","Seedling Density","Two species",-8.96428208667182,2.9834017649428,1,8,"Crop Production","Cover Crops","Non-Legume & Legume",-5.12137996140219,0,1,2,-8.96428208667182,2.9834017649428,1,8,NA
"Cover crop","Yields","Grain (Maize)","Single species",-2.31799093807313,0.613905710184379,25,309,"Crop Production","Cover Crops","Legume",-5.87401220616705,3.2363905729961,5,35,-2.31799093807313,0.613905710184379,25,309,NA
"Cover crop","Yields","Grain (Maize)","Single species",-2.31799093807313,0.613905710184379,25,309,"Crop Production","Cover Crops","Non-Legume",-1.60135688437217,0.643651891545796,22,232,-2.31799093807313,0.613905710184379,25,309,NA
"Cover crop","Yields","Grain (Maize)","Single species",-2.31799093807313,0.613905710184379,25,309,"Crop Production","Cover Crops","Non-legume/Legume Rotation",-3.3131898922478,0.589434036349584,2,42,-2.31799093807313,0.613905710184379,25,309,NA
"Cover crop","Yields","Grain (Maize)","Three or more species",-2.92815275784806,1.68515464879742,1,6,"Crop Production","Cover Crops","Non-Legume & Legume",-2.92815275784806,1.68515464879742,1,6,-2.92815275784806,1.68515464879742,1,6,NA
"Cover crop","Yields","Grain (Maize)","Two species",-5.06148059951265,1.03938450735759,4,22,"Crop Production","Cover Crops","Multiple Non-Legumes",-5.74862918636964,1.03843716616667,3,14,-5.06148059951265,1.03938450735759,4,22,NA
"Cover crop","Yields","Grain (Maize)","Two species",-5.06148059951265,1.03938450735759,4,22,"Crop Production","Cover Crops","Non-Legume & Legume",-3.85897057251292,2.25463501011301,1,8,-5.06148059951265,1.03938450735759,4,22,NA
"Cover crop","Yields","Grain (Soybean)","Single species",-3.38258355560497,1.6041302487676,19,173,"Crop Production","Cover Crops","Legume",-12.0021954881345,6.43075147978322,2,13,-3.38258355560497,1.6041302487676,19,173,NA
"Cover crop","Yields","Grain (Soybean)","Single species",-3.38258355560497,1.6041302487676,19,173,"Crop Production","Cover Crops","Non-Legume",-3.00901231730322,2.42671483306079,18,108,-3.38258355560497,1.6041302487676,19,173,NA
"Cover crop","Yields","Grain (Soybean)","Single species",-3.38258355560497,1.6041302487676,19,173,"Crop Production","Cover Crops","Non-legume/Legume Rotation",-2.00355929817621,0.609550819386255,3,52,-3.38258355560497,1.6041302487676,19,173,NA
"Cover crop","Yields","Grain (Soybean)","Three or more species",-9.69007211575583,5.8014086532991,1,4,"Crop Production","Cover Crops","Non-Legume & Legume",-9.69007211575583,5.8014086532991,1,4,-9.69007211575583,5.8014086532991,1,4,NA
"Cover crop","Yields","Grain (Soybean)","Two species",-2.42564550242586,0.874651282614842,5,22,"Crop Production","Cover Crops","Multiple Non-Legumes",-3.50983445065512,0.834299267312225,4,18,-2.42564550242586,0.874651282614842,5,22,NA
"Cover crop","Yields","Grain (Soybean)","Two species",-2.42564550242586,0.874651282614842,5,22,"Crop Production","Cover Crops","Non-Legume & Legume",2.45320476460578,1.41635843122242,2,4,-2.42564550242586,0.874651282614842,5,22,NA
"Cover crop","Yields","Root biomass","Single species",4.03691735213472,24.2742840296697,1,4,"Crop Production","Cover Crops","Non-Legume",4.03691735213472,24.2742840296697,1,4,4.03691735213472,24.2742840296697,1,4,NA
"Cover crop","Yields","Stover Biomass","Single species",-11.5679590291017,3.30689887604922,6,27,"Crop Production","Cover Crops","Legume",-17.2337478666534,5.92724824902524,2,13,-11.5679590291017,3.30689887604922,6,27,NA
"Cover crop","Yields","Stover Biomass","Single species",-11.5679590291017,3.30689887604922,6,27,"Crop Production","Cover Crops","Non-Legume",-6.30686939423232,2.76489061758899,5,14,-11.5679590291017,3.30689887604922,6,27,NA
"Cover crop","Yields","Stover Biomass","Two species",-6.28594744864792,2.54586258776764,2,6,"Crop Production","Cover Crops","Multiple Non-Legumes",-11.6638174517713,6.87436500995778,1,2,-6.28594744864792,2.54586258776764,2,6,NA
"Cover crop","Yields","Stover Biomass","Two species",-6.28594744864792,2.54586258776764,2,6,"Crop Production","Cover Crops","Non-Legume & Legume",-3.59701244708622,1.04738736793436,1,4,-6.28594744864792,2.54586258776764,2,6,NA
"Cover crop","Invertebrates","Corn Rootworm (#)","Single species",-18.2656421264158,12.8077684590195,1,8,"Pest Regulation","Cover Crops","Non-Legume",-18.2656421264158,12.8077684590195,1,8,-18.2656421264158,12.8077684590195,1,8,"Winter Wheat"
"Cover crop","Invertebrates","Corn Rootworm (Damage to Crop)","Single species",-27.6515151515151,10.9848484848484,1,2,"Pest Regulation","Cover Crops","Non-Legume",-27.6515151515151,10.9848484848484,1,2,-27.6515151515151,10.9848484848484,1,2,"Winter Wheat"
"Cover crop","Invertebrates","Non-predators & Non-pests","Single species",3.27621009703358,6.71707024329611,1,36,"Pest Regulation","Cover Crops","Non-Legume",3.27621009703358,6.71707024329611,1,36,3.27621009703358,6.71707024329611,1,36,"Cereal Rye"
"Cover crop","Invertebrates","Predator Activity","Two species",0,0,1,2,"Pest Regulation","Cover Crops","Non-Legume & Legume",0,0,1,2,0,0,1,2,"Cereal Rye/Austrian Winter Pea"
"Cover crop","Invertebrates","Predator community inhabiting foliage (#)","Single species",-42.2988424203493,24.0121487353326,1,5,"Pest Regulation","Cover Crops","Non-Legume",-42.2988424203493,24.0121487353326,1,5,-42.2988424203493,24.0121487353326,1,5,"Cereal Rye"
"Cover crop","Invertebrates","Predator community inhabiting foliage (#)","Two species",40.2777777777778,8.8206291126193,1,4,"Pest Regulation","Cover Crops","Non-Legume & Legume",40.2777777777778,8.8206291126193,1,4,40.2777777777778,8.8206291126193,1,4,"Cereal Rye/Austrian Winter Pea"
"Cover crop","Invertebrates","Predator community inhabiting soils (#)","Single species",2.16326625060393,2.69389312517945,2,10,"Pest Regulation","Cover Crops","Non-Legume",2.16326625060393,2.69389312517945,2,10,-2.56128125191027,2.49044309249014,1,6,"Cereal Rye"
"Cover crop","Invertebrates","Predator community inhabiting soils (#)","Single species",2.16326625060393,2.69389312517945,2,10,"Pest Regulation","Cover Crops","Non-Legume",2.16326625060393,2.69389312517945,2,10,9.25008750437522,3.31971352716576,1,4,"Winter Wheat"
"Cover crop","Invertebrates","Predator community inhabiting soils (Diversity)","Single species",3.68493598472536,1.06937212213719,1,8,"Pest Regulation","Cover Crops","Non-Legume",3.68493598472536,1.06937212213719,1,8,3.68493598472536,1.06937212213719,1,8,"Winter Wheat"
"Cover crop","Invertebrates","Predators (#)","Single species",21.5870614714123,6.21850441223584,1,24,"Pest Regulation","Cover Crops","Non-Legume",21.5870614714123,6.21850441223584,1,24,21.5870614714123,6.21850441223584,1,24,"Cereal Rye"
"Cover crop","Invertebrates","Seedcorn Maggot (#)","Single species",127.147950089127,78.9126559714795,1,2,"Pest Regulation","Cover Crops","Non-Legume",127.147950089127,78.9126559714795,1,2,127.147950089127,78.9126559714795,1,2,"Cereal Rye"
"Cover crop","Invertebrates","Seedcorn Maggot (Damage to Crop)","Single species",259.74025974026,113.268193523598,1,5,"Pest Regulation","Cover Crops","Non-Legume",259.74025974026,113.268193523598,1,5,109.090909090909,NA,1,1,"Cereal Rye"
"Cover crop","Invertebrates","Seedcorn Maggot (Damage to Crop)","Single species",259.74025974026,113.268193523598,1,5,"Pest Regulation","Cover Crops","Non-Legume",259.74025974026,113.268193523598,1,5,297.402597402597,137.90837529502,1,4,"Winter Wheat"
"Cover crop","Invertebrates","Soybean Aphid (#)","Single species",9.7443897083974,53.2013416177209,2,13,"Pest Regulation","Cover Crops","Non-Legume",9.7443897083974,53.2013416177209,2,13,9.7443897083974,53.2013416177209,2,13,"Cereal Rye"
"Cover crop","Invertebrates","Soybean Cyst Nematode (#)","Single species",-22.4063378564352,4.08167131297852,3,83,"Pest Regulation","Cover Crops","Legume",-22.139561880627,3.78249688625661,1,24,-19.3160303318713,4.91932026247847,1,12,"Alfalfa"
"Cover crop","Invertebrates","Soybean Cyst Nematode (#)","Single species",-22.4063378564352,4.08167131297852,3,83,"Pest Regulation","Cover Crops","Legume",-22.139561880627,3.78249688625661,1,24,-24.9630934293826,5.84647145209752,1,12,"Clover"
"Cover crop","Invertebrates","Soybean Cyst Nematode (#)","Single species",-22.4063378564352,4.08167131297852,3,83,"Pest Regulation","Cover Crops","Non-Legume",-22.5148568974419,5.55215992882477,3,59,-55.5363070903086,15.4504352978692,1,6,"Canola"
"Cover crop","Invertebrates","Soybean Cyst Nematode (#)","Single species",-22.4063378564352,4.08167131297852,3,83,"Pest Regulation","Cover Crops","Non-Legume",-22.5148568974419,5.55215992882477,3,59,-10.8678096157847,7.95467398406099,3,30,"Cereal Rye"
"Cover crop","Invertebrates","Soybean Cyst Nematode (#)","Single species",-22.4063378564352,4.08167131297852,3,83,"Pest Regulation","Cover Crops","Non-Legume",-22.5148568974419,5.55215992882477,3,59,-30.3863957892,14.2037834561307,1,6,"Mustard"
"Cover crop","Invertebrates","Soybean Cyst Nematode (#)","Single species",-22.4063378564352,4.08167131297852,3,83,"Pest Regulation","Cover Crops","Non-Legume",-22.5148568974419,5.55215992882477,3,59,-53.6126112608283,13.321319972988,1,9,"Rapeseed"
"Cover crop","Invertebrates","Soybean Cyst Nematode (#)","Single species",-22.4063378564352,4.08167131297852,3,83,"Pest Regulation","Cover Crops","Non-Legume",-22.5148568974419,5.55215992882477,3,59,-0.536568731377917,3.99698204459554,1,8,"Winter Wheat"
"Cover crop","Pathogens","Pathogens","Single species",-12.6052188552189,8.86329834513874,1,12,"Pest Regulation","Cover Crops","Non-Legume",-12.6052188552189,8.86329834513874,1,12,-8.75420875420877,22.679210934746,1,3,"Canola"
"Cover crop","Pathogens","Pathogens","Single species",-12.6052188552189,8.86329834513874,1,12,"Pest Regulation","Cover Crops","Non-Legume",-12.6052188552189,8.86329834513874,1,12,-27.3569023569024,18.2135509963989,1,3,"Cereal Rye"
"Cover crop","Pathogens","Pathogens","Single species",-12.6052188552189,8.86329834513874,1,12,"Pest Regulation","Cover Crops","Non-Legume",-12.6052188552189,8.86329834513874,1,12,-0.673400673400666,25.3572463871128,1,3,"Mustard"
"Cover crop","Pathogens","Pathogens","Single species",-12.6052188552189,8.86329834513874,1,12,"Pest Regulation","Cover Crops","Non-Legume",-12.6052188552189,8.86329834513874,1,12,-13.6363636363636,7.16032670644334,1,3,"Rapeseed"
"Cover crop","Weeds","Aboveground growth of weed community","Single species",-75.9009421950599,8.98198904772815,2,11,"Pest Regulation","Cover Crops","Legume",-84.4989106753813,5.88163676750614,1,3,-95.5882352941177,NA,1,1,"Austrian Winter Peas"
"Cover crop","Weeds","Aboveground growth of weed community","Single species",-75.9009421950599,8.98198904772815,2,11,"Pest Regulation","Cover Crops","Legume",-84.4989106753813,5.88163676750614,1,3,-78.9542483660131,3.3986928104575,1,2,"Vetch"
"Cover crop","Weeds","Aboveground growth of weed community","Single species",-75.9009421950599,8.98198904772815,2,11,"Pest Regulation","Cover Crops","Non-Legume",-72.6767040149393,12.2196206473103,2,8,-91.7581699346405,6.4640522875817,1,2,"Barley"
"Cover crop","Weeds","Aboveground growth of weed community","Single species",-75.9009421950599,8.98198904772815,2,11,"Pest Regulation","Cover Crops","Non-Legume",-72.6767040149393,12.2196206473103,2,8,-97.3496732026144,1.7614379084967,1,2,"Cereal Rye"
"Cover crop","Weeds","Aboveground growth of weed community","Single species",-75.9009421950599,8.98198904772815,2,11,"Pest Regulation","Cover Crops","Non-Legume",-72.6767040149393,12.2196206473103,2,8,-17.8571428571429,0,1,2,"Tillage Radish"
"Cover crop","Weeds","Aboveground growth of weed community","Single species",-75.9009421950599,8.98198904772815,2,11,"Pest Regulation","Cover Crops","Non-Legume",-72.6767040149393,12.2196206473103,2,8,-83.7418300653595,5.9640522875817,1,2,"Winter Triticale"
"Cover crop","Weeds","Aboveground growth of weed community","Three or more species",-69.8412698412698,0,1,2,"Pest Regulation","Cover Crops","Non-Legume & Legume",-69.8412698412698,0,1,2,-69.8412698412698,0,1,2,"Rye/Vetch/Tillage Radish"
"Cover crop","Weeds","Aboveground growth of weed community","Two species",-20.2380952380952,0,1,2,"Pest Regulation","Cover Crops","Multiple Non-Legumes",-20.2380952380952,0,1,2,-20.2380952380952,0,1,2,"Tillage Radish/Buckwheat"
"Cover crop","Weeds","Cocklebur","Single species",30.634734058184,32.9567282279419,1,4,"Pest Regulation","Cover Crops","Legume",14.8545401116662,50.9991184249192,1,2,14.8545401116662,50.9991184249192,1,2,"Vetch"
"Cover crop","Weeds","Cocklebur","Single species",30.634734058184,32.9567282279419,1,4,"Pest Regulation","Cover Crops","Non-Legume",46.4149280047018,58.4631207757861,1,2,46.4149280047018,58.4631207757861,1,2,"Cereal Rye"
"Cover crop","Weeds","Deadnettle","Single species",5.85303559844843,7.40732418869399,1,20,"Pest Regulation","Cover Crops","Non-Legume",5.85303559844843,7.40732418869399,1,20,9.7708518121362,8.94882664305222,1,10,"Cereal Rye"
"Cover crop","Weeds","Deadnettle","Single species",5.85303559844843,7.40732418869399,1,20,"Pest Regulation","Cover Crops","Non-Legume",5.85303559844843,7.40732418869399,1,20,1.93521938476066,12.1726885089739,1,10,"Winter Wheat"
"Cover crop","Weeds","Giant Foxtail","Single species",36.6643073811931,22.3303275561705,1,4,"Pest Regulation","Cover Crops","Legume",35.9565217391305,37.9565217391304,1,2,35.9565217391305,37.9565217391304,1,2,"Vetch"
"Cover crop","Weeds","Giant Foxtail","Single species",36.6643073811931,22.3303275561705,1,4,"Pest Regulation","Cover Crops","Non-Legume",37.3720930232558,39.3720930232558,1,2,37.3720930232558,39.3720930232558,1,2,"Cereal Rye"
"Cover crop","Weeds","Pigweed","Single species",130.198012989922,56.7220861619525,1,16,"Pest Regulation","Cover Crops","Non-Legume",130.198012989922,56.7220861619525,1,16,130.198012989922,56.7220861619525,1,16,"Cereal Rye"
"Cover crop","Weeds","Waterhemp","Single species",33.5715418476794,18.8925810285363,2,56,"Pest Regulation","Cover Crops","Legume",2.71321569670803,6.95322140928569,1,18,2.58827553462275,15.0152693840689,1,6,"Austrian Winter Peas"
"Cover crop","Weeds","Waterhemp","Single species",33.5715418476794,18.8925810285363,2,56,"Pest Regulation","Cover Crops","Legume",2.71321569670803,6.95322140928569,1,18,2.60881100972465,10.8887304364205,1,6,"Clover"
"Cover crop","Weeds","Waterhemp","Single species",33.5715418476794,18.8925810285363,2,56,"Pest Regulation","Cover Crops","Legume",2.71321569670803,6.95322140928569,1,18,2.9425605457767,12.2108046490434,1,6,"Vetch"
"Cover crop","Weeds","Waterhemp","Single species",33.5715418476794,18.8925810285363,2,56,"Pest Regulation","Cover Crops","Non-Legume",48.1886437086658,27.4482525213529,2,38,95.4864465266705,50.0955806412423,2,20,"Cereal Rye"
"Cover crop","Weeds","Waterhemp","Single species",33.5715418476794,18.8925810285363,2,56,"Pest Regulation","Cover Crops","Non-Legume",48.1886437086658,27.4482525213529,2,38,-3.8825414769905,11.2881147837875,1,6,"Oat"
"Cover crop","Weeds","Waterhemp","Single species",33.5715418476794,18.8925810285363,2,56,"Pest Regulation","Cover Crops","Non-Legume",48.1886437086658,27.4482525213529,2,38,1.0426033745563,11.8857992081624,1,6,"Tillage Radish"
"Cover crop","Weeds","Waterhemp","Single species",33.5715418476794,18.8925810285363,2,56,"Pest Regulation","Cover Crops","Non-Legume",48.1886437086658,27.4482525213529,2,38,-10.2534734982507,9.58090064830854,1,6,"Winter Wheat"
"Cover crop","Weeds","Waterhemp","Two species",-18.272059247638,1.55052137145722,1,6,"Pest Regulation","Cover Crops","Non-Legume & Legume",-18.272059247638,1.55052137145722,1,6,-18.272059247638,1.55052137145722,1,6,"Cereal Rye/Vetch"
"Cover crop","Weeds","Weed community (abundance of weeds)","Single species",-21.8388009736218,4.03961663035907,4,75,"Pest Regulation","Cover Crops","Legume",-29.3109199269884,3.85947085279102,2,21,-34.7735138926601,3.78770319058827,2,7,"Austrian Winter Peas"
"Cover crop","Weeds","Weed community (abundance of weeds)","Single species",-21.8388009736218,4.03961663035907,4,75,"Pest Regulation","Cover Crops","Legume",-29.3109199269884,3.85947085279102,2,21,-23.386230584014,0.0552392507070868,1,6,"Clover"
"Cover crop","Weeds","Weed community (abundance of weeds)","Single species",-21.8388009736218,4.03961663035907,4,75,"Pest Regulation","Cover Crops","Legume",-29.3109199269884,3.85947085279102,2,21,-28.9746672142564,9.66683204527615,2,8,"Vetch"
"Cover crop","Weeds","Weed community (abundance of weeds)","Single species",-21.8388009736218,4.03961663035907,4,75,"Pest Regulation","Cover Crops","Non-Legume",-18.9329769362015,5.3749400029786,4,54,-16.1922715171611,19.042627811698,1,2,"Barley"
"Cover crop","Weeds","Weed community (abundance of weeds)","Single species",-21.8388009736218,4.03961663035907,4,75,"Pest Regulation","Cover Crops","Non-Legume",-18.9329769362015,5.3749400029786,4,54,-16.5513419069999,12.6506385969054,3,22,"Cereal Rye"
"Cover crop","Weeds","Weed community (abundance of weeds)","Single species",-21.8388009736218,4.03961663035907,4,75,"Pest Regulation","Cover Crops","Non-Legume",-18.9329769362015,5.3749400029786,4,54,-28.6369859779992,3.41411823768205,1,6,"Oat"
"Cover crop","Weeds","Weed community (abundance of weeds)","Single species",-21.8388009736218,4.03961663035907,4,75,"Pest Regulation","Cover Crops","Non-Legume",-18.9329769362015,5.3749400029786,4,54,-17.4722661891819,3.36746381157768,2,8,"Tillage Radish"
"Cover crop","Weeds","Weed community (abundance of weeds)","Single species",-21.8388009736218,4.03961663035907,4,75,"Pest Regulation","Cover Crops","Non-Legume",-18.9329769362015,5.3749400029786,4,54,-28.3058872291923,14.2119274976487,1,2,"Winter Triticale"
"Cover crop","Weeds","Weed community (abundance of weeds)","Single species",-21.8388009736218,4.03961663035907,4,75,"Pest Regulation","Cover Crops","Non-Legume",-18.9329769362015,5.3749400029786,4,54,-18.4039192661947,5.61093808316266,2,14,"Winter Wheat"
"Cover crop","Weeds","Weed community (abundance of weeds)","Three or more species",-10.2040816326531,0,1,2,"Pest Regulation","Cover Crops","Non-Legume & Legume",-10.2040816326531,0,1,2,-10.2040816326531,0,1,2,"Rye/Vetch/Tillage Radish"
"Cover crop","Weeds","Weed community (abundance of weeds)","Two species",-35.7172506236336,9.92381087584352,2,8,"Pest Regulation","Cover Crops","Multiple Non-Legumes",-6.12244897959184,0,1,2,-6.12244897959184,0,1,2,"Tillage Radish/Buckwheat"
"Cover crop","Weeds","Weed community (abundance of weeds)","Two species",-35.7172506236336,9.92381087584352,2,8,"Pest Regulation","Cover Crops","Non-Legume & Legume",-45.5821845049809,10.2946380172271,1,6,-45.5821845049809,10.2946380172271,1,6,"Cereal Rye/Vetch"
"Cover crop","Drainage","Drainage","Single species",-4.71652813763662,3.08267323540913,4,40,"Water","Cover Crops","Non-Legume",-4.71652813763662,3.08267323540913,4,40,-2.50322624587956,3.93250265958962,4,29,"Cereal Rye"
"Cover crop","Drainage","Drainage","Single species",-4.71652813763662,3.08267323540913,4,40,"Water","Cover Crops","Non-Legume",-4.71652813763662,3.08267323540913,4,40,-10.5515967613598,3.9893682274353,2,11,"Oat"
"Cover crop","Physical","Erosion","Single species",-68.1818181818181,25.7575757575757,1,2,"Water","Cover Crops","Non-Legume",-68.1818181818181,25.7575757575757,1,2,-68.1818181818181,25.7575757575757,1,2,"Cereal Rye"
"Cover crop","Runoff","Nitrate","Single species",-29.0519319383121,6.36416985483275,7,71,"Water","Cover Crops","Non-Legume",-29.0519319383121,6.36416985483275,7,71,-28.4826568783762,7.40532475409677,7,61,"Cereal Rye"
"Cover crop","Runoff","Nitrate","Single species",-29.0519319383121,6.36416985483275,7,71,"Water","Cover Crops","Non-Legume",-29.0519319383121,6.36416985483275,7,71,-32.5245098039215,2.23039215686275,1,10,"Oat"
"Cover crop","Runoff","Phosphorous","Single species",-50.509549070693,5.26295319762122,2,12,"Water","Cover Crops","Non-Legume",-50.509549070693,5.26295319762122,2,12,-50.509549070693,5.26295319762122,2,12,"Cereal Rye"
