"","X","Review_id","main_group","group_metric","Legend_1","mean_per_change1","sem_per_change1","num_papers1","num_comparisons1","Legend_2","mean_per_change2","sem_per_change2","num_papers2","num_comparisons2","Legend_3","mean_per_change3","sem_per_change3","num_papers3","num_comparisons3","Group_RV","Review","num_comparison3s","group_metric_facet"
"1",1,"Cover crop","Biological","Microbial Biomass","Monoculture",-5.11307167903502,6.9113762038916,3,9,"Non-Legume",-5.11307167903502,6.9113762038916,3,9,"Cereal Rye",-19.6078431372549,19.6078431372549,2,3,"Soil","Cover Crop",NA,"Microbial Biomass_Biological"
"2",2,"Cover crop","Biological","Microbial Biomass","Monoculture",-5.11307167903502,6.9113762038916,3,9,"Non-Legume",-5.11307167903502,6.9113762038916,3,9,"Winter Wheat",2.13431405007492,2.49656324437879,1,6,"Soil","Cover Crop",NA,"Microbial Biomass_Biological"
"3",4,"Cover crop","Chemical","Ammonium (Preplant)","Monoculture",15.3743961352657,10.3973563727159,6,23,"Non-Legume",16.8386243386243,11.3581701793787,6,21,"Cereal Rye",16.0978835978836,32.3230978691817,5,7,"Soil","Cover Crop",NA,"Ammonium (Preplant)_Chemical"
"4",5,"Cover crop","Chemical","Ammonium (Preplant)","Monoculture",15.3743961352657,10.3973563727159,6,23,"Non-Legume",16.8386243386243,11.3581701793787,6,21,"Oat",0,0,1,2,"Soil","Cover Crop",NA,"Ammonium (Preplant)_Chemical"
"5",6,"Cover crop","Chemical","Ammonium (Preplant)","Monoculture",15.3743961352657,10.3973563727159,6,23,"Non-Legume",16.8386243386243,11.3581701793787,6,21,"Rapeseed",0,0,1,2,"Soil","Cover Crop",NA,"Ammonium (Preplant)_Chemical"
"6",7,"Cover crop","Chemical","Ammonium (Preplant)","Monoculture",15.3743961352657,10.3973563727159,6,23,"Non-Legume",16.8386243386243,11.3581701793787,6,21,"Tillage Radish",24.0925925925926,9.7969964043044,3,10,"Soil","Cover Crop",NA,"Ammonium (Preplant)_Chemical"
"7",8,"Cover crop","Chemical","Ammonium (Preplant)","Monoculture",15.3743961352657,10.3973563727159,6,23,"Non-legume/Legume Rotation",0,0,1,2,"Cereal Rye/Vetch Rotation",0,0,1,2,"Soil","Cover Crop",NA,"Ammonium (Preplant)_Chemical"
"8",11,"Cover crop","Chemical","Nitrate (Maize)","Monoculture",-15.1560528610816,5.00128126666219,4,15,"Non-Legume",-15.1560528610816,5.00128126666219,4,15,"Cereal Rye",-15.1560528610816,5.00128126666219,4,15,"Soil","Cover Crop",NA,"Nitrate (Maize)_Chemical"
"9",13,"Cover crop","Chemical","Nitrate (Post Harvest)","Monoculture",19.6387898593781,12.1917677883251,2,9,"Legume",54.3198529411765,12.5586713188123,1,4,"Clover",37.5,4.1666666666667,1,2,"Soil","Cover Crop",NA,"Nitrate (Post Harvest)_Chemical"
"10",14,"Cover crop","Chemical","Nitrate (Post Harvest)","Monoculture",19.6387898593781,12.1917677883251,2,9,"Legume",54.3198529411765,12.5586713188123,1,4,"Vetch",71.139705882353,19.0563725490196,1,2,"Soil","Cover Crop",NA,"Nitrate (Post Harvest)_Chemical"
"11",15,"Cover crop","Chemical","Nitrate (Post Harvest)","Monoculture",19.6387898593781,12.1917677883251,2,9,"Non-Legume",-8.10606060606061,2.73305363750719,1,5,"Cereal Rye",-8.10606060606061,2.73305363750719,1,5,"Soil","Cover Crop",NA,"Nitrate (Post Harvest)_Chemical"
"12",16,"Cover crop","Chemical","Nitrate (Preplant)","Monoculture",-15.9186568767751,4.31966256687633,12,52,"Non-Legume",-14.9554031518461,4.4390998509373,12,50,"Cereal Rye",-17.2692485620292,6.79413628862702,10,28,"Soil","Cover Crop",NA,"Nitrate (Preplant)_Chemical"
"13",17,"Cover crop","Chemical","Nitrate (Preplant)","Monoculture",-15.9186568767751,4.31966256687633,12,52,"Non-Legume",-14.9554031518461,4.4390998509373,12,50,"Oat",10.3781512605042,9.96507211420806,2,5,"Soil","Cover Crop",NA,"Nitrate (Preplant)_Chemical"
"14",18,"Cover crop","Chemical","Nitrate (Preplant)","Monoculture",-15.9186568767751,4.31966256687633,12,52,"Non-Legume",-14.9554031518461,4.4390998509373,12,50,"Rapeseed",-13.3333333333333,0,1,2,"Soil","Cover Crop",NA,"Nitrate (Preplant)_Chemical"
"15",19,"Cover crop","Chemical","Nitrate (Preplant)","Monoculture",-15.9186568767751,4.31966256687633,12,52,"Non-Legume",-14.9554031518461,4.4390998509373,12,50,"Tillage Radish",-12.4441030892644,4.47129934395593,4,12,"Soil","Cover Crop",NA,"Nitrate (Preplant)_Chemical"
"16",20,"Cover crop","Chemical","Nitrate (Preplant)","Monoculture",-15.9186568767751,4.31966256687633,12,52,"Non-Legume",-14.9554031518461,4.4390998509373,12,50,"Winter Triticale",-46.7086834733894,19.5443399443955,1,3,"Soil","Cover Crop",NA,"Nitrate (Preplant)_Chemical"
"17",21,"Cover crop","Chemical","Nitrate (Preplant)","Monoculture",-15.9186568767751,4.31966256687633,12,52,"Non-legume/Legume Rotation",-40,0,1,2,"Cereal Rye/Vetch Rotation",-40,0,1,2,"Soil","Cover Crop",NA,"Nitrate (Preplant)_Chemical"
"18",27,"Cover crop","Chemical","Nitrate (Soybean)","Monoculture",-5.32049868128098,13.1227810226824,1,3,"Non-Legume",-5.32049868128098,13.1227810226824,1,3,"Cereal Rye",-5.32049868128098,13.1227810226824,1,3,"Soil","Cover Crop",NA,"Nitrate (Soybean)_Chemical"
"19",28,"Cover crop","Chemical","pH","Monoculture",0,0,3,17,"Non-Legume",0,0,3,15,"Cereal Rye",0,0,2,3,"Soil","Cover Crop",NA,"pH_Chemical"
"20",29,"Cover crop","Chemical","pH","Monoculture",0,0,3,17,"Non-Legume",0,0,3,15,"Oat",0,0,1,2,"Soil","Cover Crop",NA,"pH_Chemical"
"21",30,"Cover crop","Chemical","pH","Monoculture",0,0,3,17,"Non-Legume",0,0,3,15,"Rapeseed",0,0,1,2,"Soil","Cover Crop",NA,"pH_Chemical"
"22",31,"Cover crop","Chemical","pH","Monoculture",0,0,3,17,"Non-Legume",0,0,3,15,"Tillage Radish",0,0,2,8,"Soil","Cover Crop",NA,"pH_Chemical"
"23",32,"Cover crop","Chemical","pH","Monoculture",0,0,3,17,"Non-legume/Legume Rotation",0,0,1,2,"Cereal Rye/Vetch Rotation",0,0,1,2,"Soil","Cover Crop",NA,"pH_Chemical"
"24",35,"Cover crop","Chemical","Phosphorous","Monoculture",0.934699642391086,1.2515918375595,5,34,"Non-Legume",0.993118370040528,1.33037422452872,5,32,"Cereal Rye",0.342364608939674,2.22174612203329,3,18,"Soil","Cover Crop",NA,"Phosphorous_Chemical"
"25",36,"Cover crop","Chemical","Phosphorous","Monoculture",0.934699642391086,1.2515918375595,5,34,"Non-Legume",0.993118370040528,1.33037422452872,5,32,"Oat",0,0,1,2,"Soil","Cover Crop",NA,"Phosphorous_Chemical"
"26",37,"Cover crop","Chemical","Phosphorous","Monoculture",0.934699642391086,1.2515918375595,5,34,"Non-Legume",0.993118370040528,1.33037422452872,5,32,"Rapeseed",0,0,1,2,"Soil","Cover Crop",NA,"Phosphorous_Chemical"
"27",38,"Cover crop","Chemical","Phosphorous","Monoculture",0.934699642391086,1.2515918375595,5,34,"Non-Legume",0.993118370040528,1.33037422452872,5,32,"Tillage Radish",2.56172248803828,1.52424755587156,3,10,"Soil","Cover Crop",NA,"Phosphorous_Chemical"
"28",39,"Cover crop","Chemical","Phosphorous","Monoculture",0.934699642391086,1.2515918375595,5,34,"Non-legume/Legume Rotation",0,0,1,2,"Cereal Rye/Vetch Rotation",0,0,1,2,"Soil","Cover Crop",NA,"Phosphorous_Chemical"
"29",45,"Cover crop","Chemical","Postassium","Monoculture",0.131752305665349,0.2846175098115,2,22,"Non-Legume",0,0.2973850295899,2,20,"Cereal Rye",0,0,2,14,"Soil","Cover Crop",NA,"Postassium_Chemical"
"30",46,"Cover crop","Chemical","Postassium","Monoculture",0.131752305665349,0.2846175098115,2,22,"Non-Legume",0,0.2973850295899,2,20,"Oat",2.89855072463768,0,1,2,"Soil","Cover Crop",NA,"Postassium_Chemical"
"31",47,"Cover crop","Chemical","Postassium","Monoculture",0.131752305665349,0.2846175098115,2,22,"Non-Legume",0,0.2973850295899,2,20,"Rapeseed",0,0,1,2,"Soil","Cover Crop",NA,"Postassium_Chemical"
"32",48,"Cover crop","Chemical","Postassium","Monoculture",0.131752305665349,0.2846175098115,2,22,"Non-Legume",0,0.2973850295899,2,20,"Tillage Radish",-2.89855072463768,0,1,2,"Soil","Cover Crop",NA,"Postassium_Chemical"
"33",49,"Cover crop","Chemical","Postassium","Monoculture",0.131752305665349,0.2846175098115,2,22,"Non-legume/Legume Rotation",1.44927536231884,0,1,2,"Cereal Rye/Vetch Rotation",1.44927536231884,0,1,2,"Soil","Cover Crop",NA,"Postassium_Chemical"
"34",50,"Cover crop","Chemical","Soil Carbon, 0-20 cm depth","Monoculture",1.06458496772507,0.464662280503836,7,90,"Non-Legume",1.91625294190512,0.820116175613214,6,50,"Cereal Rye",2.87446495175964,1.1925638719543,5,27,"Soil","Cover Crop",NA,"Soil Carbon, 0-20 cm depth_Chemical"
"35",51,"Cover crop","Chemical","Soil Carbon, 0-20 cm depth","Monoculture",1.06458496772507,0.464662280503836,7,90,"Non-Legume",1.91625294190512,0.820116175613214,6,50,"Oat",0,0,1,7,"Soil","Cover Crop",NA,"Soil Carbon, 0-20 cm depth_Chemical"
"36",52,"Cover crop","Chemical","Soil Carbon, 0-20 cm depth","Monoculture",1.06458496772507,0.464662280503836,7,90,"Non-Legume",1.91625294190512,0.820116175613214,6,50,"Winter Wheat",1.1376308373591,1.5669258451985,1,16,"Soil","Cover Crop",NA,"Soil Carbon, 0-20 cm depth_Chemical"
"37",53,"Cover crop","Chemical","Soil Carbon, 0-20 cm depth","Monoculture",1.06458496772507,0.464662280503836,7,90,"Non-legume/Legume Rotation",0,0,1,40,"Cereal Rye/Vetch Rotation",0,0,1,40,"Soil","Cover Crop",NA,"Soil Carbon, 0-20 cm depth_Chemical"
"38",55,"Cover crop","Chemical","Soil Carbon, 0-75 cm depth","Monoculture",-0.132962731336715,0.384609617784904,6,60,"Non-Legume",-0.714211814482817,1.28291211279783,5,18,"Cereal Rye",3.78048780487805,5.43698237215187,3,4,"Soil","Cover Crop",NA,"Soil Carbon, 0-75 cm depth_Chemical"
"39",56,"Cover crop","Chemical","Soil Carbon, 0-75 cm depth","Monoculture",-0.132962731336715,0.384609617784904,6,60,"Non-Legume",-0.714211814482817,1.28291211279783,5,18,"Oat",-2.4390243902439,0,1,2,"Soil","Cover Crop",NA,"Soil Carbon, 0-75 cm depth_Chemical"
"40",57,"Cover crop","Chemical","Soil Carbon, 0-75 cm depth","Monoculture",-0.132962731336715,0.384609617784904,6,60,"Non-Legume",-0.714211814482817,1.28291211279783,5,18,"Rapeseed",0,0,1,2,"Soil","Cover Crop",NA,"Soil Carbon, 0-75 cm depth_Chemical"
"41",58,"Cover crop","Chemical","Soil Carbon, 0-75 cm depth","Monoculture",-0.132962731336715,0.384609617784904,6,60,"Non-Legume",-0.714211814482817,1.28291211279783,5,18,"Tillage Radish",-2.30997150997151,0.629470300220966,3,10,"Soil","Cover Crop",NA,"Soil Carbon, 0-75 cm depth_Chemical"
"42",59,"Cover crop","Chemical","Soil Carbon, 0-75 cm depth","Monoculture",-0.132962731336715,0.384609617784904,6,60,"Non-legume/Legume Rotation",0.116144018583043,0.081118501250822,2,42,"Cereal Rye/Vetch Rotation",0.116144018583043,0.081118501250822,2,42,"Soil","Cover Crop",NA,"Soil Carbon, 0-75 cm depth_Chemical"
"43",65,"Cover crop","Chemical","Soil Organic Matter","Monoculture",7.95200686882317,1.78345001457342,5,44,"Non-Legume",8.33067386257666,1.84871833217874,5,42,"Cereal Rye",12.3430263914809,3.97048976922299,4,18,"Soil","Cover Crop",NA,"Soil Organic Matter_Chemical"
"44",66,"Cover crop","Chemical","Soil Organic Matter","Monoculture",7.95200686882317,1.78345001457342,5,44,"Non-Legume",8.33067386257666,1.84871833217874,5,42,"Oat",0,0,1,2,"Soil","Cover Crop",NA,"Soil Organic Matter_Chemical"
"45",67,"Cover crop","Chemical","Soil Organic Matter","Monoculture",7.95200686882317,1.78345001457342,5,44,"Non-Legume",8.33067386257666,1.84871833217874,5,42,"Rapeseed",0,0,1,2,"Soil","Cover Crop",NA,"Soil Organic Matter_Chemical"
"46",68,"Cover crop","Chemical","Soil Organic Matter","Monoculture",7.95200686882317,1.78345001457342,5,44,"Non-Legume",8.33067386257666,1.84871833217874,5,42,"Tillage Radish",0,0,1,2,"Soil","Cover Crop",NA,"Soil Organic Matter_Chemical"
"47",69,"Cover crop","Chemical","Soil Organic Matter","Monoculture",7.95200686882317,1.78345001457342,5,44,"Non-Legume",8.33067386257666,1.84871833217874,5,42,"Winter Wheat",7.09521262119792,1.03484952126501,1,18,"Soil","Cover Crop",NA,"Soil Organic Matter_Chemical"
"48",70,"Cover crop","Chemical","Soil Organic Matter","Monoculture",7.95200686882317,1.78345001457342,5,44,"Non-legume/Legume Rotation",0,0,1,2,"Cereal Rye/Vetch Rotation",0,0,1,2,"Soil","Cover Crop",NA,"Soil Organic Matter_Chemical"
"49",72,"Cover crop","Chemical","Total Nitrogen","Monoculture",20.2430768846366,8.69689278119204,10,64,"Legume",11.3390911920324,5.17648354880151,1,18,"Vetch",11.3390911920324,5.17648354880151,1,18,"Soil","Cover Crop",NA,"Total Nitrogen_Chemical"
"50",73,"Cover crop","Chemical","Total Nitrogen","Monoculture",20.2430768846366,8.69689278119204,10,64,"Non-Legume",25.67155721035,12.4008407679066,9,44,"Cereal Rye",30.8472471724384,15.0507774507747,8,36,"Soil","Cover Crop",NA,"Total Nitrogen_Chemical"
"51",74,"Cover crop","Chemical","Total Nitrogen","Monoculture",20.2430768846366,8.69689278119204,10,64,"Non-Legume",25.67155721035,12.4008407679066,9,44,"Oat",4.76190476190476,0,1,2,"Soil","Cover Crop",NA,"Total Nitrogen_Chemical"
"52",75,"Cover crop","Chemical","Total Nitrogen","Monoculture",20.2430768846366,8.69689278119204,10,64,"Non-Legume",25.67155721035,12.4008407679066,9,44,"Rapeseed",-4.76190476190476,0,1,2,"Soil","Cover Crop",NA,"Total Nitrogen_Chemical"
"53",76,"Cover crop","Chemical","Total Nitrogen","Monoculture",20.2430768846366,8.69689278119204,10,64,"Non-Legume",25.67155721035,12.4008407679066,9,44,"Tillage Radish",4.76190476190476,2.74928699614107,2,4,"Soil","Cover Crop",NA,"Total Nitrogen_Chemical"
"54",77,"Cover crop","Chemical","Total Nitrogen","Monoculture",20.2430768846366,8.69689278119204,10,64,"Non-legume/Legume Rotation",-19.047619047619,0,1,2,"Cereal Rye/Vetch Rotation",-19.047619047619,0,1,2,"Soil","Cover Crop",NA,"Total Nitrogen_Chemical"
"55",83,"Cover crop","Environmental","Carbon Dioxide Emissions","Monoculture",11.2612607900468,2.5054084708336,1,6,"Non-Legume",11.2612607900468,2.5054084708336,1,6,"Cereal Rye",11.2612607900468,2.5054084708336,1,6,"Soil","Cover Crop",NA,"Carbon Dioxide Emissions_Environmental"
"56",84,"Cover crop","Environmental","Nitrous Oxide Emissions","Monoculture",-1.59489633173844,13.8621479966973,3,19,"Non-Legume",-1.59489633173844,13.8621479966973,3,19,"Cereal Rye",-1.59489633173844,13.8621479966973,3,19,"Soil","Cover Crop",NA,"Nitrous Oxide Emissions_Environmental"
"57",86,"Cover crop","Environmental","Soil Temperature","Monoculture",0.72463768115942,0.488550624973364,1,12,"Non-Legume",0.72463768115942,0.488550624973364,1,12,"Cereal Rye",0.72463768115942,0.488550624973364,1,12,"Soil","Cover Crop",NA,"Soil Temperature_Environmental"
"58",87,"Cover crop","Physical","Compaction","Monoculture",3.73491267771135,0.486507373247762,3,19,"Non-Legume",3.48391905795056,0.510095286813985,3,17,"Cereal Rye",4.47465654984877,0.785153734879793,2,5,"Soil","Cover Crop",NA,"Compaction_Physical"
"59",88,"Cover crop","Physical","Compaction","Monoculture",3.73491267771135,0.486507373247762,3,19,"Non-Legume",3.48391905795056,0.510095286813985,3,17,"Oat",4.04440919904837,0,1,2,"Soil","Cover Crop",NA,"Compaction_Physical"
"60",89,"Cover crop","Physical","Compaction","Monoculture",3.73491267771135,0.486507373247762,3,19,"Non-Legume",3.48391905795056,0.510095286813985,3,17,"Rapeseed",1.74464710547185,0,1,2,"Soil","Cover Crop",NA,"Compaction_Physical"
"61",90,"Cover crop","Physical","Compaction","Monoculture",3.73491267771135,0.486507373247762,3,19,"Non-Legume",3.48391905795056,0.510095286813985,3,17,"Tillage Radish",3.1594035783594,0.906480562673685,2,8,"Soil","Cover Crop",NA,"Compaction_Physical"
"62",91,"Cover crop","Physical","Compaction","Monoculture",3.73491267771135,0.486507373247762,3,19,"Non-legume/Legume Rotation",5.86835844567803,0,1,2,"Cereal Rye/Vetch Rotation",5.86835844567803,0,1,2,"Soil","Cover Crop",NA,"Compaction_Physical"
"63",95,"Cover crop","Physical","Erosion","Monoculture",-35.0712670996647,3.8426023390453,3,51,"Non-Legume",-29.3800069662139,12.0763792925069,2,11,"Cereal Rye",-40,24.4948974278318,1,5,"Soil","Cover Crop",NA,"Erosion_Physical"
"64",96,"Cover crop","Physical","Erosion","Monoculture",-35.0712670996647,3.8426023390453,3,51,"Non-Legume",-29.3800069662139,12.0763792925069,2,11,"Oat",-20,12.2474487139159,1,5,"Soil","Cover Crop",NA,"Erosion_Physical"
"65",97,"Cover crop","Physical","Erosion","Monoculture",-35.0712670996647,3.8426023390453,3,51,"Non-Legume",-29.3800069662139,12.0763792925069,2,11,"Winter Wheat",-23.1800766283525,NA,1,1,"Soil","Cover Crop",NA,"Erosion_Physical"
"66",98,"Cover crop","Physical","Erosion","Monoculture",-35.0712670996647,3.8426023390453,3,51,"Non-legume/Legume Rotation",-36.6363636363636,3.68257352175974,1,40,"Cereal Rye/Vetch Rotation",-36.6363636363636,3.68257352175974,1,40,"Soil","Cover Crop",NA,"Erosion_Physical"
"67",99,"Cover crop","Physical","Soil Aggregates","Monoculture",7.51221762221787,3.67001501152265,7,50,"Non-Legume",7.77111413569773,3.81989484946424,7,48,"Cereal Rye",15.6729634002361,7.66017612545375,3,22,"Soil","Cover Crop",NA,"Soil Aggregates_Physical"
"68",100,"Cover crop","Physical","Soil Aggregates","Monoculture",7.51221762221787,3.67001501152265,7,50,"Non-Legume",7.77111413569773,3.81989484946424,7,48,"Oat",0,0,1,2,"Soil","Cover Crop",NA,"Soil Aggregates_Physical"
"69",101,"Cover crop","Physical","Soil Aggregates","Monoculture",7.51221762221787,3.67001501152265,7,50,"Non-Legume",7.77111413569773,3.81989484946424,7,48,"Rapeseed",0,0,1,2,"Soil","Cover Crop",NA,"Soil Aggregates_Physical"
"70",102,"Cover crop","Physical","Soil Aggregates","Monoculture",7.51221762221787,3.67001501152265,7,50,"Non-Legume",7.77111413569773,3.81989484946424,7,48,"Tillage Radish",0.500774081438202,0.326216857139235,3,10,"Soil","Cover Crop",NA,"Soil Aggregates_Physical"
"71",103,"Cover crop","Physical","Soil Aggregates","Monoculture",7.51221762221787,3.67001501152265,7,50,"Non-Legume",7.77111413569773,3.81989484946424,7,48,"Winter Wheat",1.93337857449284,4.95963909484409,2,12,"Soil","Cover Crop",NA,"Soil Aggregates_Physical"
"72",104,"Cover crop","Physical","Soil Aggregates","Monoculture",7.51221762221787,3.67001501152265,7,50,"Non-legume/Legume Rotation",1.2987012987013,0,1,2,"Cereal Rye/Vetch Rotation",1.2987012987013,0,1,2,"Soil","Cover Crop",NA,"Soil Aggregates_Physical"
"73",110,"Cover crop","Physical","Soil Bulk Density","Monoculture",0,0,7,53,"Non-Legume",0,0,7,51,"Cereal Rye",0,0,6,29,"Soil","Cover Crop",NA,"Soil Bulk Density_Physical"
"74",111,"Cover crop","Physical","Soil Bulk Density","Monoculture",0,0,7,53,"Non-Legume",0,0,7,51,"Oat",0,0,3,12,"Soil","Cover Crop",NA,"Soil Bulk Density_Physical"
"75",112,"Cover crop","Physical","Soil Bulk Density","Monoculture",0,0,7,53,"Non-Legume",0,0,7,51,"Rapeseed",0,0,1,2,"Soil","Cover Crop",NA,"Soil Bulk Density_Physical"
"76",113,"Cover crop","Physical","Soil Bulk Density","Monoculture",0,0,7,53,"Non-Legume",0,0,7,51,"Tillage Radish",0,0,2,8,"Soil","Cover Crop",NA,"Soil Bulk Density_Physical"
"77",114,"Cover crop","Physical","Soil Bulk Density","Monoculture",0,0,7,53,"Non-legume/Legume Rotation",0,0,1,2,"Cereal Rye/Vetch Rotation",0,0,1,2,"Soil","Cover Crop",NA,"Soil Bulk Density_Physical"
"78",118,"Cover crop","Physical","Soil Pores","Monoculture",0.181159420289855,0.294546963560037,1,12,"Non-Legume",0.181159420289855,0.294546963560037,1,12,"Cereal Rye",0.181159420289855,0.294546963560037,1,12,"Soil","Cover Crop",NA,"Soil Pores_Physical"
"79",119,"Cover crop","Physical","Soil Texture","Monoculture",0.32260101010101,1.09738629307359,1,42,"Non-Legume",0.32260101010101,1.09738629307359,1,42,"Cereal Rye",0.32260101010101,1.09738629307359,1,42,"Soil","Cover Crop",NA,"Soil Texture_Physical"
"80",120,"Cover crop","Physical","Soil Water Content","Monoculture",0.152111266644072,0.505652159763035,6,132,"Legume",-1.61452111245964,1.64638756019299,1,36,"Vetch",-1.61452111245964,1.64638756019299,1,36,"Soil","Cover Crop",NA,"Soil Water Content_Physical"
"81",121,"Cover crop","Physical","Soil Water Content","Monoculture",0.152111266644072,0.505652159763035,6,132,"Non-Legume",0.814598408807966,0.305550741524862,5,96,"Cereal Rye",0.84087577683403,0.315079878724882,5,93,"Soil","Cover Crop",NA,"Soil Water Content_Physical"
"82",122,"Cover crop","Physical","Soil Water Content","Monoculture",0.152111266644072,0.505652159763035,6,132,"Non-Legume",0.814598408807966,0.305550741524862,5,96,"Oat",0,0,1,3,"Soil","Cover Crop",NA,"Soil Water Content_Physical"
"83",123,"Cover crop","Invertebrates","Corn Rootworm (#)","Monoculture",-18.2656421264158,12.8077684590195,1,8,"Non-Legume",-18.2656421264158,12.8077684590195,1,8,"Winter Wheat",-18.2656421264158,12.8077684590195,1,8,"Pest Regulation","Cover Crop",NA,"Corn Rootworm (#)_Invertebrates"
"84",124,"Cover crop","Invertebrates","Corn Rootworm (Damage to Crop)","Monoculture",-35,15,1,2,"Non-Legume",-35,15,1,2,"Winter Wheat",-35,15,1,2,"Pest Regulation","Cover Crop",NA,"Corn Rootworm (Damage to Crop)_Invertebrates"
"85",125,"Cover crop","Invertebrates","Non-predators & Non-pests","Monoculture",11.6666666666667,9.80362744656849,1,36,"Non-Legume",11.6666666666667,9.80362744656849,1,36,"Cereal Rye",11.6666666666667,9.80362744656849,1,36,"Pest Regulation","Cover Crop",NA,"Non-predators & Non-pests_Invertebrates"
"86",127,"Cover crop","Invertebrates","Predator community inhabiting foliage (#)","Monoculture",-42.7452350388592,23.8802708121125,1,5,"Non-Legume",-42.7452350388592,23.8802708121125,1,5,"Cereal Rye",-42.7452350388592,23.8802708121125,1,5,"Pest Regulation","Cover Crop",NA,"Predator community inhabiting foliage (#)_Invertebrates"
"87",129,"Cover crop","Invertebrates","Predator community inhabiting soils (#)","Monoculture",0.614285714285715,2.39923614702497,2,10,"Non-Legume",0.614285714285715,2.39923614702497,2,10,"Cereal Rye",-4.16666666666667,1.86338998124982,1,6,"Pest Regulation","Cover Crop",NA,"Predator community inhabiting soils (#)_Invertebrates"
"88",130,"Cover crop","Invertebrates","Predator community inhabiting soils (#)","Monoculture",0.614285714285715,2.39923614702497,2,10,"Non-Legume",0.614285714285715,2.39923614702497,2,10,"Winter Wheat",7.78571428571428,2.43311899158485,1,4,"Pest Regulation","Cover Crop",NA,"Predator community inhabiting soils (#)_Invertebrates"
"89",131,"Cover crop","Invertebrates","Predator community inhabiting soils (Diversity)","Monoculture",8.33333333333333,5.4554472558998,1,8,"Non-Legume",8.33333333333333,5.4554472558998,1,8,"Winter Wheat",8.33333333333333,5.4554472558998,1,8,"Pest Regulation","Cover Crop",NA,"Predator community inhabiting soils (Diversity)_Invertebrates"
"90",132,"Cover crop","Invertebrates","Predators (#)","Monoculture",0,0,1,24,"Non-Legume",0,0,1,24,"Cereal Rye",0,0,1,24,"Pest Regulation","Cover Crop",NA,"Predators (#)_Invertebrates"
"91",133,"Cover crop","Invertebrates","Seedcorn Maggot (#)","Monoculture",261.111111111111,130.644177958943,1,3,"Non-Legume",261.111111111111,130.644177958943,1,3,"Cereal Rye",261.111111111111,130.644177958943,1,3,"Pest Regulation","Cover Crop",NA,"Seedcorn Maggot (#)_Invertebrates"
"92",134,"Cover crop","Invertebrates","Seedcorn Maggot (Damage to Crop)","Monoculture",205,125.099960031968,1,5,"Non-Legume",205,125.099960031968,1,5,"Cereal Rye",100,NA,1,1,"Pest Regulation","Cover Crop",NA,"Seedcorn Maggot (Damage to Crop)_Invertebrates"
"93",135,"Cover crop","Invertebrates","Seedcorn Maggot (Damage to Crop)","Monoculture",205,125.099960031968,1,5,"Non-Legume",205,125.099960031968,1,5,"Winter Wheat",231.25,157.907871346977,1,4,"Pest Regulation","Cover Crop",NA,"Seedcorn Maggot (Damage to Crop)_Invertebrates"
"94",136,"Cover crop","Invertebrates","Soybean Aphid (#)","Monoculture",-34.2099431575962,13.7634976201701,2,13,"Non-Legume",-34.2099431575962,13.7634976201701,2,13,"Cereal Rye",-34.2099431575962,13.7634976201701,2,13,"Pest Regulation","Cover Crop",NA,"Soybean Aphid (#)_Invertebrates"
"95",137,"Cover crop","Invertebrates","Soybean Cyst Nematode (#)","Monoculture",-22.4063378564352,4.08167131297852,3,83,"Legume",-22.139561880627,3.78249688625661,1,24,"Alfalfa",-19.3160303318713,4.91932026247847,1,12,"Pest Regulation","Cover Crop",NA,"Soybean Cyst Nematode (#)_Invertebrates"
"96",138,"Cover crop","Invertebrates","Soybean Cyst Nematode (#)","Monoculture",-22.4063378564352,4.08167131297852,3,83,"Legume",-22.139561880627,3.78249688625661,1,24,"Clover",-24.9630934293826,5.84647145209752,1,12,"Pest Regulation","Cover Crop",NA,"Soybean Cyst Nematode (#)_Invertebrates"
"97",139,"Cover crop","Invertebrates","Soybean Cyst Nematode (#)","Monoculture",-22.4063378564352,4.08167131297852,3,83,"Non-Legume",-22.5148568974419,5.55215992882477,3,59,"Canola",-55.5363070903086,15.4504352978692,1,6,"Pest Regulation","Cover Crop",NA,"Soybean Cyst Nematode (#)_Invertebrates"
"98",140,"Cover crop","Invertebrates","Soybean Cyst Nematode (#)","Monoculture",-22.4063378564352,4.08167131297852,3,83,"Non-Legume",-22.5148568974419,5.55215992882477,3,59,"Cereal Rye",-10.8678096157847,7.95467398406099,3,30,"Pest Regulation","Cover Crop",NA,"Soybean Cyst Nematode (#)_Invertebrates"
"99",141,"Cover crop","Invertebrates","Soybean Cyst Nematode (#)","Monoculture",-22.4063378564352,4.08167131297852,3,83,"Non-Legume",-22.5148568974419,5.55215992882477,3,59,"Mustard",-30.3863957892,14.2037834561307,1,6,"Pest Regulation","Cover Crop",NA,"Soybean Cyst Nematode (#)_Invertebrates"
"100",142,"Cover crop","Invertebrates","Soybean Cyst Nematode (#)","Monoculture",-22.4063378564352,4.08167131297852,3,83,"Non-Legume",-22.5148568974419,5.55215992882477,3,59,"Rapeseed",-53.6126112608283,13.321319972988,1,9,"Pest Regulation","Cover Crop",NA,"Soybean Cyst Nematode (#)_Invertebrates"
"101",143,"Cover crop","Invertebrates","Soybean Cyst Nematode (#)","Monoculture",-22.4063378564352,4.08167131297852,3,83,"Non-Legume",-22.5148568974419,5.55215992882477,3,59,"Winter Wheat",-0.536568731377917,3.99698204459554,1,8,"Pest Regulation","Cover Crop",NA,"Soybean Cyst Nematode (#)_Invertebrates"
"102",144,"Cover crop","Pathogens","Pathogens","Monoculture",-13.8888888888889,6.43320161760454,1,12,"Non-Legume",-13.8888888888889,6.43320161760454,1,12,"Canola",-11.1111111111111,11.1111111111111,1,3,"Pest Regulation","Cover Crop",NA,"Pathogens_Pathogens"
"103",145,"Cover crop","Pathogens","Pathogens","Monoculture",-13.8888888888889,6.43320161760454,1,12,"Non-Legume",-13.8888888888889,6.43320161760454,1,12,"Cereal Rye",-22.2222222222222,22.2222222222222,1,3,"Pest Regulation","Cover Crop",NA,"Pathogens_Pathogens"
"104",146,"Cover crop","Pathogens","Pathogens","Monoculture",-13.8888888888889,6.43320161760454,1,12,"Non-Legume",-13.8888888888889,6.43320161760454,1,12,"Mustard",-11.1111111111111,11.1111111111111,1,3,"Pest Regulation","Cover Crop",NA,"Pathogens_Pathogens"
"105",147,"Cover crop","Pathogens","Pathogens","Monoculture",-13.8888888888889,6.43320161760454,1,12,"Non-Legume",-13.8888888888889,6.43320161760454,1,12,"Rapeseed",-11.1111111111111,11.1111111111111,1,3,"Pest Regulation","Cover Crop",NA,"Pathogens_Pathogens"
"106",148,"Cover crop","Weeds","Aboveground growth of weed community","Monoculture",-77.9024006296734,9.39640573872063,2,11,"Legume",-86.8686868686869,6.7947596197342,1,3,"Austrian Winter Peas",-100,NA,1,1,"Pest Regulation","Cover Crop",NA,"Aboveground growth of weed community_Weeds"
"107",149,"Cover crop","Weeds","Aboveground growth of weed community","Monoculture",-77.9024006296734,9.39640573872063,2,11,"Legume",-86.8686868686869,6.7947596197342,1,3,"Vetch",-80.3030303030303,3.030303030303,1,2,"Pest Regulation","Cover Crop",NA,"Aboveground growth of weed community_Weeds"
"108",150,"Cover crop","Weeds","Aboveground growth of weed community","Monoculture",-77.9024006296734,9.39640573872063,2,11,"Non-Legume",-74.5400432900433,12.7500206562846,2,8,"Barley",-91.6666666666667,8.33333333333335,1,2,"Pest Regulation","Cover Crop",NA,"Aboveground growth of weed community_Weeds"
"109",151,"Cover crop","Weeds","Aboveground growth of weed community","Monoculture",-77.9024006296734,9.39640573872063,2,11,"Non-Legume",-74.5400432900433,12.7500206562846,2,8,"Cereal Rye",-100,0,1,2,"Pest Regulation","Cover Crop",NA,"Aboveground growth of weed community_Weeds"
"110",152,"Cover crop","Weeds","Aboveground growth of weed community","Monoculture",-77.9024006296734,9.39640573872063,2,11,"Non-Legume",-74.5400432900433,12.7500206562846,2,8,"Tillage Radish",-17.8571428571429,0,1,2,"Pest Regulation","Cover Crop",NA,"Aboveground growth of weed community_Weeds"
"111",153,"Cover crop","Weeds","Aboveground growth of weed community","Monoculture",-77.9024006296734,9.39640573872063,2,11,"Non-Legume",-74.5400432900433,12.7500206562846,2,8,"Winter Triticale",-88.6363636363637,11.3636363636364,1,2,"Pest Regulation","Cover Crop",NA,"Aboveground growth of weed community_Weeds"
"112",156,"Cover crop","Weeds","Cocklebur","Monoculture",30.634734058184,32.9567282279419,1,4,"Legume",14.8545401116662,50.9991184249192,1,2,"Vetch",14.8545401116662,50.9991184249192,1,2,"Pest Regulation","Cover Crop",NA,"Cocklebur_Weeds"
"113",157,"Cover crop","Weeds","Cocklebur","Monoculture",30.634734058184,32.9567282279419,1,4,"Non-Legume",46.4149280047018,58.4631207757861,1,2,"Cereal Rye",46.4149280047018,58.4631207757861,1,2,"Pest Regulation","Cover Crop",NA,"Cocklebur_Weeds"
"114",158,"Cover crop","Weeds","Deadnettle","Monoculture",5.85303559844843,7.40732418869399,1,20,"Non-Legume",5.85303559844843,7.40732418869399,1,20,"Cereal Rye",9.7708518121362,8.94882664305222,1,10,"Pest Regulation","Cover Crop",NA,"Deadnettle_Weeds"
"115",159,"Cover crop","Weeds","Deadnettle","Monoculture",5.85303559844843,7.40732418869399,1,20,"Non-Legume",5.85303559844843,7.40732418869399,1,20,"Winter Wheat",1.93521938476066,12.1726885089739,1,10,"Pest Regulation","Cover Crop",NA,"Deadnettle_Weeds"
"116",160,"Cover crop","Weeds","Giant Foxtail","Monoculture",36.6643073811931,22.3303275561705,1,4,"Legume",35.9565217391305,37.9565217391304,1,2,"Vetch",35.9565217391305,37.9565217391304,1,2,"Pest Regulation","Cover Crop",NA,"Giant Foxtail_Weeds"
"117",161,"Cover crop","Weeds","Giant Foxtail","Monoculture",36.6643073811931,22.3303275561705,1,4,"Non-Legume",37.3720930232558,39.3720930232558,1,2,"Cereal Rye",37.3720930232558,39.3720930232558,1,2,"Pest Regulation","Cover Crop",NA,"Giant Foxtail_Weeds"
"118",162,"Cover crop","Weeds","Pigweed","Monoculture",135.499344405594,57.7406827216605,1,16,"Non-Legume",135.499344405594,57.7406827216605,1,16,"Cereal Rye",135.499344405594,57.7406827216605,1,16,"Pest Regulation","Cover Crop",NA,"Pigweed_Weeds"
"119",163,"Cover crop","Weeds","Waterhemp","Monoculture",35.5520200101317,19.4332667482885,2,56,"Legume",2.91568163908588,6.94487766636195,1,18,"Austrian Winter Peas",2.9403073286052,14.9798052747991,1,6,"Pest Regulation","Cover Crop",NA,"Waterhemp_Weeds"
"120",164,"Cover crop","Weeds","Waterhemp","Monoculture",35.5520200101317,19.4332667482885,2,56,"Legume",2.91568163908588,6.94487766636195,1,18,"Clover",2.79994089834515,10.8796865394604,1,6,"Pest Regulation","Cover Crop",NA,"Waterhemp_Weeds"
"121",165,"Cover crop","Weeds","Waterhemp","Monoculture",35.5520200101317,19.4332667482885,2,56,"Legume",2.91568163908588,6.94487766636195,1,18,"Vetch",3.0067966903073,12.2144552494337,1,6,"Pest Regulation","Cover Crop",NA,"Waterhemp_Weeds"
"122",166,"Cover crop","Weeds","Waterhemp","Monoculture",35.5520200101317,19.4332667482885,2,56,"Non-Legume",51.0113381858903,28.2258084106837,2,38,"Cereal Rye",100.702570921986,51.4175437253063,2,20,"Pest Regulation","Cover Crop",NA,"Waterhemp_Weeds"
"123",167,"Cover crop","Weeds","Waterhemp","Monoculture",35.5520200101317,19.4332667482885,2,56,"Non-Legume",51.0113381858903,28.2258084106837,2,38,"Oat",-3.81205673758865,11.3389262688819,1,6,"Pest Regulation","Cover Crop",NA,"Waterhemp_Weeds"
"124",168,"Cover crop","Weeds","Waterhemp","Monoculture",35.5520200101317,19.4332667482885,2,56,"Non-Legume",51.0113381858903,28.2258084106837,2,38,"Tillage Radish",1.1155437352246,11.9897912091411,1,6,"Pest Regulation","Cover Crop",NA,"Waterhemp_Weeds"
"125",169,"Cover crop","Weeds","Waterhemp","Monoculture",35.5520200101317,19.4332667482885,2,56,"Non-Legume",51.0113381858903,28.2258084106837,2,38,"Winter Wheat",-9.906914893617,9.54491782948715,1,6,"Pest Regulation","Cover Crop",NA,"Waterhemp_Weeds"
"126",171,"Cover crop","Weeds","Weed community (abundance of weeds)","Monoculture",-22.0153082890128,4.06019824143586,4,75,"Legume",-29.5632991003144,3.91218664797004,2,21,"Austrian Winter Peas",-35.0255754228592,3.90459003003911,2,7,"Pest Regulation","Cover Crop",NA,"Weed community (abundance of weeds)_Weeds"
"127",172,"Cover crop","Weeds","Weed community (abundance of weeds)","Monoculture",-22.0153082890128,4.06019824143586,4,75,"Legume",-29.5632991003144,3.91218664797004,2,21,"Clover",-23.3843859483003,0.0354645759143328,1,6,"Pest Regulation","Cover Crop",NA,"Weed community (abundance of weeds)_Weeds"
"128",173,"Cover crop","Weeds","Weed community (abundance of weeds)","Monoculture",-22.0153082890128,4.06019824143586,4,75,"Legume",-29.5632991003144,3.91218664797004,2,21,"Vetch",-29.4179921820982,9.7739865809935,2,8,"Pest Regulation","Cover Crop",NA,"Weed community (abundance of weeds)_Weeds"
"129",174,"Cover crop","Weeds","Weed community (abundance of weeds)","Monoculture",-22.0153082890128,4.06019824143586,4,75,"Non-Legume",-19.0799785290622,5.3982889393098,4,54,"Barley",-16.0509031198687,18.431855500821,1,2,"Pest Regulation","Cover Crop",NA,"Weed community (abundance of weeds)_Weeds"
"130",175,"Cover crop","Weeds","Weed community (abundance of weeds)","Monoculture",-22.0153082890128,4.06019824143586,4,75,"Non-Legume",-19.0799785290622,5.3982889393098,4,54,"Cereal Rye",-16.8257603970789,12.7092256995829,3,22,"Pest Regulation","Cover Crop",NA,"Weed community (abundance of weeds)_Weeds"
"131",176,"Cover crop","Weeds","Weed community (abundance of weeds)","Monoculture",-22.0153082890128,4.06019824143586,4,75,"Non-Legume",-19.0799785290622,5.3982889393098,4,54,"Oat",-28.8348641227157,3.40142335560403,1,6,"Pest Regulation","Cover Crop",NA,"Weed community (abundance of weeds)_Weeds"
"132",177,"Cover crop","Weeds","Weed community (abundance of weeds)","Monoculture",-22.0153082890128,4.06019824143586,4,75,"Non-Legume",-19.0799785290622,5.3982889393098,4,54,"Tillage Radish",-17.4706008243654,3.36819326669865,2,8,"Pest Regulation","Cover Crop",NA,"Weed community (abundance of weeds)_Weeds"
"133",178,"Cover crop","Weeds","Weed community (abundance of weeds)","Monoculture",-22.0153082890128,4.06019824143586,4,75,"Non-Legume",-19.0799785290622,5.3982889393098,4,54,"Winter Triticale",-28.3251231527094,14.5320197044335,1,2,"Pest Regulation","Cover Crop",NA,"Weed community (abundance of weeds)_Weeds"
"134",179,"Cover crop","Weeds","Weed community (abundance of weeds)","Monoculture",-22.0153082890128,4.06019824143586,4,75,"Non-Legume",-19.0799785290622,5.3982889393098,4,54,"Winter Wheat",-18.4732905683748,5.64354574385291,2,14,"Pest Regulation","Cover Crop",NA,"Weed community (abundance of weeds)_Weeds"
"135",183,"Cover crop","Crop Nitrogen Uptake","Grain (Maize)","Monoculture",-16.5536036198858,2.38651626925285,4,34,"Legume",-36.2745098039216,0.490196078431384,1,9,"Vetch",-36.2745098039216,0.490196078431384,1,9,"Crop Production","Cover Crop",NA,"Grain (Maize)_Crop Nitrogen Uptake"
"136",184,"Cover crop","Crop Nitrogen Uptake","Grain (Maize)","Monoculture",-16.5536036198858,2.38651626925285,4,34,"Non-Legume",-9.45407739363292,1.63945920512169,3,25,"Cereal Rye",-9.16819573582304,1.43487840189686,3,23,"Crop Production","Cover Crop",NA,"Grain (Maize)_Crop Nitrogen Uptake"
"137",185,"Cover crop","Crop Nitrogen Uptake","Grain (Maize)","Monoculture",-16.5536036198858,2.38651626925285,4,34,"Non-Legume",-9.45407739363292,1.63945920512169,3,25,"Tillage Radish",-12.7417164584465,16.5439978272678,1,2,"Crop Production","Cover Crop",NA,"Grain (Maize)_Crop Nitrogen Uptake"
"138",186,"Cover crop","Crop Nitrogen Uptake","Grain (Soybean)","Monoculture",-18.1286549707602,0,1,4,"Non-Legume",-18.1286549707602,0,1,4,"Cereal Rye",-18.1286549707602,0,1,4,"Crop Production","Cover Crop",NA,"Grain (Soybean)_Crop Nitrogen Uptake"
"139",187,"Cover crop","Crop Nitrogen Uptake","Stalk/Stover (Maize)","Monoculture",-8.28648708096092,2.38876403198868,6,45,"Legume",-30,5.77350269189626,1,9,"Vetch",-30,5.77350269189626,1,9,"Crop Production","Cover Crop",NA,"Stalk/Stover (Maize)_Crop Nitrogen Uptake"
"140",188,"Cover crop","Crop Nitrogen Uptake","Stalk/Stover (Maize)","Monoculture",-8.28648708096092,2.38876403198868,6,45,"Non-Legume",-2.85810885120115,1.68893483199525,5,36,"Cereal Rye",-3.20604018535629,1.95847519832164,5,31,"Crop Production","Cover Crop",NA,"Stalk/Stover (Maize)_Crop Nitrogen Uptake"
"141",189,"Cover crop","Crop Nitrogen Uptake","Stalk/Stover (Maize)","Monoculture",-8.28648708096092,2.38876403198868,6,45,"Non-Legume",-2.85810885120115,1.68893483199525,5,36,"Oat",-0.700934579439252,0,1,5,"Crop Production","Cover Crop",NA,"Stalk/Stover (Maize)_Crop Nitrogen Uptake"
"142",190,"Cover crop","Stand Count","Seedling Density","Monoculture",1.91014637927774,2.4810887765891,5,184,"Non-Legume",4.08888425427362,4.35908599704388,4,104,"Canola",7.26127833519138,8.64929828041911,1,10,"Crop Production","Cover Crop",NA,"Seedling Density_Stand Count"
"143",191,"Cover crop","Stand Count","Seedling Density","Monoculture",1.91014637927774,2.4810887765891,5,184,"Non-Legume",4.08888425427362,4.35908599704388,4,104,"Cereal Rye",5.56831128244012,8.19162016664479,3,47,"Crop Production","Cover Crop",NA,"Seedling Density_Stand Count"
"144",192,"Cover crop","Stand Count","Seedling Density","Monoculture",1.91014637927774,2.4810887765891,5,184,"Non-Legume",4.08888425427362,4.35908599704388,4,104,"Mustard",-3.77491163806954,2.55263991841945,1,10,"Crop Production","Cover Crop",NA,"Seedling Density_Stand Count"
"145",193,"Cover crop","Stand Count","Seedling Density","Monoculture",1.91014637927774,2.4810887765891,5,184,"Non-Legume",4.08888425427362,4.35908599704388,4,104,"Rapeseed",15.250377590881,14.9126819181074,1,15,"Crop Production","Cover Crop",NA,"Seedling Density_Stand Count"
"146",194,"Cover crop","Stand Count","Seedling Density","Monoculture",1.91014637927774,2.4810887765891,5,184,"Non-Legume",4.08888425427362,4.35908599704388,4,104,"Tillage Radish",2.45388875943286,0,1,2,"Crop Production","Cover Crop",NA,"Seedling Density_Stand Count"
"147",195,"Cover crop","Stand Count","Seedling Density","Monoculture",1.91014637927774,2.4810887765891,5,184,"Non-Legume",4.08888425427362,4.35908599704388,4,104,"Winter Triticale",-5.23938270448248,0.0589360099387997,1,8,"Crop Production","Cover Crop",NA,"Seedling Density_Stand Count"
"148",196,"Cover crop","Stand Count","Seedling Density","Monoculture",1.91014637927774,2.4810887765891,5,184,"Non-Legume",4.08888425427362,4.35908599704388,4,104,"Winter Wheat",-5.25655954563909,0.252014659244481,1,12,"Crop Production","Cover Crop",NA,"Seedling Density_Stand Count"
"149",197,"Cover crop","Stand Count","Seedling Density","Monoculture",1.91014637927774,2.4810887765891,5,184,"Non-legume/Legume Rotation",-0.922212858216893,0.641056058541878,1,80,"Cereal Rye/Vetch Rotation",-0.922212858216893,0.641056058541878,1,80,"Crop Production","Cover Crop",NA,"Seedling Density_Stand Count"
"150",202,"Cover crop","Yields","Grain (Maize)","Monoculture",-2.64256599050506,0.665745038822116,25,309,"Legume",-5.03261702262672,3.48898374268389,5,35,"Alfalfa",-3.41955136010863,2.6990147040393,1,6,"Crop Production","Cover Crop",NA,"Grain (Maize)_Yields"
"151",203,"Cover crop","Yields","Grain (Maize)","Monoculture",-2.64256599050506,0.665745038822116,25,309,"Legume",-5.03261702262672,3.48898374268389,5,35,"Clover",0.581559494292614,5.9444029891214,2,8,"Crop Production","Cover Crop",NA,"Grain (Maize)_Yields"
"152",204,"Cover crop","Yields","Grain (Maize)","Monoculture",-2.64256599050506,0.665745038822116,25,309,"Legume",-5.03261702262672,3.48898374268389,5,35,"Vetch",-7.63222683741068,5.31817314932551,4,21,"Crop Production","Cover Crop",NA,"Grain (Maize)_Yields"
"153",205,"Cover crop","Yields","Grain (Maize)","Monoculture",-2.64256599050506,0.665745038822116,25,309,"Non-Legume",-2.05857726864605,0.701598141349986,22,232,"Cereal Rye",-2.71849084752559,0.935585370274164,21,164,"Crop Production","Cover Crop",NA,"Grain (Maize)_Yields"
"154",206,"Cover crop","Yields","Grain (Maize)","Monoculture",-2.64256599050506,0.665745038822116,25,309,"Non-Legume",-2.05857726864605,0.701598141349986,22,232,"Oat",0.857985086699612,2.24660932784127,5,15,"Crop Production","Cover Crop",NA,"Grain (Maize)_Yields"
"155",207,"Cover crop","Yields","Grain (Maize)","Monoculture",-2.64256599050506,0.665745038822116,25,309,"Non-Legume",-2.05857726864605,0.701598141349986,22,232,"Rapeseed",-1.19365609348915,0,1,2,"Crop Production","Cover Crop",NA,"Grain (Maize)_Yields"
"156",208,"Cover crop","Yields","Grain (Maize)","Monoculture",-2.64256599050506,0.665745038822116,25,309,"Non-Legume",-2.05857726864605,0.701598141349986,22,232,"Tillage Radish",-2.29387531953917,0.855169621605052,2,8,"Crop Production","Cover Crop",NA,"Grain (Maize)_Yields"
"157",209,"Cover crop","Yields","Grain (Maize)","Monoculture",-2.64256599050506,0.665745038822116,25,309,"Non-Legume",-2.05857726864605,0.701598141349986,22,232,"Winter Triticale",2.25146198830409,1.29174478318533,2,19,"Crop Production","Cover Crop",NA,"Grain (Maize)_Yields"
"158",210,"Cover crop","Yields","Grain (Maize)","Monoculture",-2.64256599050506,0.665745038822116,25,309,"Non-Legume",-2.05857726864605,0.701598141349986,22,232,"Winter Wheat",-2.77777777777778,1.16034249421566,1,24,"Crop Production","Cover Crop",NA,"Grain (Maize)_Yields"
"159",211,"Cover crop","Yields","Grain (Maize)","Monoculture",-2.64256599050506,0.665745038822116,25,309,"Non-legume/Legume Rotation",-3.87669926067255,0.75160323445086,2,42,"Cereal Rye/Vetch Rotation",-3.87669926067255,0.75160323445086,2,42,"Crop Production","Cover Crop",NA,"Grain (Maize)_Yields"
"160",216,"Cover crop","Yields","Grain (Soybean)","Monoculture",-6.68159051641164,1.78582628063984,19,173,"Legume",-12.0021954881345,6.43075147978322,2,13,"Alfalfa",-17.8791105573408,9.06132657733785,1,6,"Crop Production","Cover Crop",NA,"Grain (Soybean)_Yields"
"161",217,"Cover crop","Yields","Grain (Soybean)","Monoculture",-6.68159051641164,1.78582628063984,19,173,"Legume",-12.0021954881345,6.43075147978322,2,13,"Clover",-15.0700907780616,5.30419789132049,1,6,"Crop Production","Cover Crop",NA,"Grain (Soybean)_Yields"
"162",218,"Cover crop","Yields","Grain (Soybean)","Monoculture",-6.68159051641164,1.78582628063984,19,173,"Legume",-12.0021954881345,6.43075147978322,2,13,"Vetch",41.6666666666667,NA,1,1,"Crop Production","Cover Crop",NA,"Grain (Soybean)_Yields"
"163",219,"Cover crop","Yields","Grain (Soybean)","Monoculture",-6.68159051641164,1.78582628063984,19,173,"Non-Legume",-9.26124441934019,2.71262922698397,18,108,"Barley",-10.5555555555556,33.8888888888889,1,2,"Crop Production","Cover Crop",NA,"Grain (Soybean)_Yields"
"164",220,"Cover crop","Yields","Grain (Soybean)","Monoculture",-6.68159051641164,1.78582628063984,19,173,"Non-Legume",-9.26124441934019,2.71262922698397,18,108,"Canada Bluegrass",-72.502030869212,0,1,2,"Crop Production","Cover Crop",NA,"Grain (Soybean)_Yields"
"165",221,"Cover crop","Yields","Grain (Soybean)","Monoculture",-6.68159051641164,1.78582628063984,19,173,"Non-Legume",-9.26124441934019,2.71262922698397,18,108,"Canola",20.0466200466201,26.1072261072261,1,2,"Crop Production","Cover Crop",NA,"Grain (Soybean)_Yields"
"166",222,"Cover crop","Yields","Grain (Soybean)","Monoculture",-6.68159051641164,1.78582628063984,19,173,"Non-Legume",-9.26124441934019,2.71262922698397,18,108,"Cereal Rye",-7.62067357438554,3.37054490413035,15,64,"Crop Production","Cover Crop",NA,"Grain (Soybean)_Yields"
"167",223,"Cover crop","Yields","Grain (Soybean)","Monoculture",-6.68159051641164,1.78582628063984,19,173,"Non-Legume",-9.26124441934019,2.71262922698397,18,108,"Chickweed",-18.3184402924452,0,1,2,"Crop Production","Cover Crop",NA,"Grain (Soybean)_Yields"
"168",224,"Cover crop","Yields","Grain (Soybean)","Monoculture",-6.68159051641164,1.78582628063984,19,173,"Non-Legume",-9.26124441934019,2.71262922698397,18,108,"Downy Brome",-40.6173842404549,0,1,2,"Crop Production","Cover Crop",NA,"Grain (Soybean)_Yields"
"169",225,"Cover crop","Yields","Grain (Soybean)","Monoculture",-6.68159051641164,1.78582628063984,19,173,"Non-Legume",-9.26124441934019,2.71262922698397,18,108,"Mustard",-23.7762237762238,14.6853146853147,1,2,"Crop Production","Cover Crop",NA,"Grain (Soybean)_Yields"
"170",226,"Cover crop","Yields","Grain (Soybean)","Monoculture",-6.68159051641164,1.78582628063984,19,173,"Non-Legume",-9.26124441934019,2.71262922698397,18,108,"Oat",-23.7932107195969,5.13953983383021,4,12,"Crop Production","Cover Crop",NA,"Grain (Soybean)_Yields"
"171",227,"Cover crop","Yields","Grain (Soybean)","Monoculture",-6.68159051641164,1.78582628063984,19,173,"Non-Legume",-9.26124441934019,2.71262922698397,18,108,"Rapeseed",9.90491730422145,19.0053939777326,2,5,"Crop Production","Cover Crop",NA,"Grain (Soybean)_Yields"
"172",228,"Cover crop","Yields","Grain (Soybean)","Monoculture",-6.68159051641164,1.78582628063984,19,173,"Non-Legume",-9.26124441934019,2.71262922698397,18,108,"Tillage Radish",-1.1136687995471,1.4707033667639,3,8,"Crop Production","Cover Crop",NA,"Grain (Soybean)_Yields"
"173",229,"Cover crop","Yields","Grain (Soybean)","Monoculture",-6.68159051641164,1.78582628063984,19,173,"Non-Legume",-9.26124441934019,2.71262922698397,18,108,"Winter Triticale",-4.3939393939394,24.3939393939394,1,2,"Crop Production","Cover Crop",NA,"Grain (Soybean)_Yields"
"174",230,"Cover crop","Yields","Grain (Soybean)","Monoculture",-6.68159051641164,1.78582628063984,19,173,"Non-Legume",-9.26124441934019,2.71262922698397,18,108,"Winter Wheat",6.52918242895773,14.9560948497929,2,5,"Crop Production","Cover Crop",NA,"Grain (Soybean)_Yields"
"175",231,"Cover crop","Yields","Grain (Soybean)","Monoculture",-6.68159051641164,1.78582628063984,19,173,"Non-legume/Legume Rotation",0.00630344798604838,0.00441329633778501,3,52,"Cereal Rye/Vetch Rotation",0.00744952943805718,0.00520600115657701,3,44,"Crop Production","Cover Crop",NA,"Grain (Soybean)_Yields"
"176",232,"Cover crop","Yields","Grain (Soybean)","Monoculture",-6.68159051641164,1.78582628063984,19,173,"Non-legume/Legume Rotation",0.00630344798604838,0.00441329633778501,3,52,NA,0,0,1,8,"Crop Production","Cover Crop",NA,"Grain (Soybean)_Yields"
"177",240,"Cover crop","Yields","Root biomass","Monoculture",50,28.8675134594813,1,4,"Non-Legume",50,28.8675134594813,1,4,"Cereal Rye",50,28.8675134594813,1,4,"Crop Production","Cover Crop",NA,"Root biomass_Yields"
"178",241,"Cover crop","Yields","Stover Biomass","Monoculture",-11.6457073795639,3.40633082621681,6,27,"Legume",-17.2356012781545,5.92586984604294,2,13,"Vetch",-17.2356012781545,5.92586984604294,2,13,"Crop Production","Cover Crop",NA,"Stover Biomass_Yields"
"179",242,"Cover crop","Yields","Stover Biomass","Monoculture",-11.6457073795639,3.40633082621681,6,27,"Non-Legume",-6.45509161658689,3.21729408603496,5,14,"Cereal Rye",-5.19760688601804,3.06378168697547,5,12,"Crop Production","Cover Crop",NA,"Stover Biomass_Yields"
"180",243,"Cover crop","Yields","Stover Biomass","Monoculture",-11.6457073795639,3.40633082621681,6,27,"Non-Legume",-6.45509161658689,3.21729408603496,5,14,"Tillage Radish",-14,16,1,2,"Crop Production","Cover Crop",NA,"Stover Biomass_Yields"
"181",246,"Cover crop","Drainage","Drainage","Monoculture",-5.04603082095297,3.12892018565436,4,40,"Non-Legume",-5.04603082095297,3.12892018565436,4,40,"Cereal Rye",-2.87004444346648,4.00665821930704,4,NA,"Water","Cover Crop",29,"Drainage_Drainage"
"182",247,"Cover crop","Drainage","Drainage","Monoculture",-5.04603082095297,3.12892018565436,4,40,"Non-Legume",-5.04603082095297,3.12892018565436,4,40,"Oat",-10.782722179781,3.97493796856106,2,NA,"Water","Cover Crop",11,"Drainage_Drainage"
"183",248,"Cover crop","Physical","Erosion","Monoculture",-72.8260869565217,22.8260869565217,1,2,"Non-Legume",-72.8260869565217,22.8260869565217,1,2,"Cereal Rye",-72.8260869565217,22.8260869565217,1,NA,"Water","Cover Crop",2,"Erosion_Physical"
"184",249,"Cover crop","Runoff","Nitrate","Monoculture",-28.425211958994,6.68724304385616,7,71,"Non-Legume",-28.425211958994,6.68724304385616,7,71,"Cereal Rye",-27.0741538101952,7.77681940370809,7,NA,"Water","Cover Crop",61,"Nitrate_Runoff"
"185",250,"Cover crop","Runoff","Nitrate","Monoculture",-28.425211958994,6.68724304385616,7,71,"Non-Legume",-28.425211958994,6.68724304385616,7,71,"Oat",-36.6666666666667,1.11111111111112,1,NA,"Water","Cover Crop",10,"Nitrate_Runoff"
"186",251,"Cover crop","Runoff","Phosphorous","Monoculture",-17.0362248213125,8.51599806838255,2,12,"Non-Legume",-17.0362248213125,8.51599806838255,2,12,"Cereal Rye",-17.0362248213125,8.51599806838255,2,NA,"Water","Cover Crop",12,"Phosphorous_Runoff"
"187",3,"Cover crop","Biological","Microbial Biomass","Mixture (2 Spp.)",0,0,1,2,"Multiple Non-Legumes",0,0,1,2,"Cereal Rye/Oat",0,0,1,2,"Soil","Cover Crop",NA,"Microbial Biomass_Biological"
"188",10,"Cover crop","Chemical","Ammonium (Preplant)","Mixture (2 Spp.)",55.5555555555556,7.02728368926308,1,6,"Multiple Non-Legumes",55.5555555555556,7.02728368926308,1,6,"Tillage Radish/Buckwheat",55.5555555555556,7.02728368926308,1,6,"Soil","Cover Crop",NA,"Ammonium (Preplant)_Chemical"
"189",12,"Cover crop","Chemical","Nitrate (Maize)","Mixture (2 Spp.)",-60.4819986726793,5.31771777751454,1,8,"Multiple Non-Legumes",-60.4819986726793,5.31771777751454,1,8,"Cereal Rye/Oat",-60.4819986726793,5.31771777751454,1,8,"Soil","Cover Crop",NA,"Nitrate (Maize)_Chemical"
"190",23,"Cover crop","Chemical","Nitrate (Preplant)","Mixture (2 Spp.)",-30.1587301587302,7.38026307388237,2,14,"Multiple Non-Legumes",-25.1851851851852,7.70448066530024,2,12,"Cereal Rye/TillageRadish",-60,0,1,2,"Soil","Cover Crop",NA,"Nitrate (Preplant)_Chemical"
"191",24,"Cover crop","Chemical","Nitrate (Preplant)","Mixture (2 Spp.)",-30.1587301587302,7.38026307388237,2,14,"Multiple Non-Legumes",-25.1851851851852,7.70448066530024,2,12,"Tillage Radish/Buckwheat",-7.77777777777778,3.17063243737114,2,8,"Soil","Cover Crop",NA,"Nitrate (Preplant)_Chemical"
"192",25,"Cover crop","Chemical","Nitrate (Preplant)","Mixture (2 Spp.)",-30.1587301587302,7.38026307388237,2,14,"Multiple Non-Legumes",-25.1851851851852,7.70448066530024,2,12,"Tillage Radish/Winter Triticale",-60,0,1,2,"Soil","Cover Crop",NA,"Nitrate (Preplant)_Chemical"
"193",26,"Cover crop","Chemical","Nitrate (Preplant)","Mixture (2 Spp.)",-30.1587301587302,7.38026307388237,2,14,"Non-Legume & Legume",-60,0,1,2,"Radish/Vetch",-60,0,1,2,"Soil","Cover Crop",NA,"Nitrate (Preplant)_Chemical"
"194",34,"Cover crop","Chemical","pH","Mixture (2 Spp.)",0,0,1,6,"Multiple Non-Legumes",0,0,1,6,"Tillage Radish/Buckwheat",0,0,1,6,"Soil","Cover Crop",NA,"pH_Chemical"
"195",41,"Cover crop","Chemical","Phosphorous","Mixture (2 Spp.)",8.81544771018456,2.65569814547556,2,14,"Multiple Non-Legumes",11.1618819776715,2.4941052073158,2,12,"Cereal Rye/TillageRadish",5.26315789473684,0,1,2,"Soil","Cover Crop",NA,"Phosphorous_Chemical"
"196",42,"Cover crop","Chemical","Phosphorous","Mixture (2 Spp.)",8.81544771018456,2.65569814547556,2,14,"Multiple Non-Legumes",11.1618819776715,2.4941052073158,2,12,"Tillage Radish/Buckwheat",15.427033492823,2.52422821968624,2,8,"Soil","Cover Crop",NA,"Phosphorous_Chemical"
"197",43,"Cover crop","Chemical","Phosphorous","Mixture (2 Spp.)",8.81544771018456,2.65569814547556,2,14,"Multiple Non-Legumes",11.1618819776715,2.4941052073158,2,12,"Tillage Radish/Winter Triticale",0,0,1,2,"Soil","Cover Crop",NA,"Phosphorous_Chemical"
"198",44,"Cover crop","Chemical","Phosphorous","Mixture (2 Spp.)",8.81544771018456,2.65569814547556,2,14,"Non-Legume & Legume",-5.26315789473684,0,1,2,"Radish/Vetch",-5.26315789473684,0,1,2,"Soil","Cover Crop",NA,"Phosphorous_Chemical"
"199",54,"Cover crop","Chemical","Soil Carbon, 0-20 cm depth","Mixture (2 Spp.)",0,0,1,7,"Multiple Non-Legumes",0,0,1,7,"Cereal Rye/Oat",0,0,1,7,"Soil","Cover Crop",NA,"Soil Carbon, 0-20 cm depth_Chemical"
"200",61,"Cover crop","Chemical","Soil Carbon, 0-75 cm depth","Mixture (2 Spp.)",-3.63115145723842,3.98307392688224,2,14,"Multiple Non-Legumes",-4.96098104793758,4.55509891860338,2,12,"Cereal Rye/TillageRadish",4.34782608695652,0,1,2,"Soil","Cover Crop",NA,"Soil Carbon, 0-75 cm depth_Chemical"
"201",62,"Cover crop","Chemical","Soil Carbon, 0-75 cm depth","Mixture (2 Spp.)",-3.63115145723842,3.98307392688224,2,14,"Multiple Non-Legumes",-4.96098104793758,4.55509891860338,2,12,"Tillage Radish/Buckwheat",-9.61538461538463,6.29474683373056,2,8,"Soil","Cover Crop",NA,"Soil Carbon, 0-75 cm depth_Chemical"
"202",63,"Cover crop","Chemical","Soil Carbon, 0-75 cm depth","Mixture (2 Spp.)",-3.63115145723842,3.98307392688224,2,14,"Multiple Non-Legumes",-4.96098104793758,4.55509891860338,2,12,"Tillage Radish/Winter Triticale",4.34782608695652,0,1,2,"Soil","Cover Crop",NA,"Soil Carbon, 0-75 cm depth_Chemical"
"203",64,"Cover crop","Chemical","Soil Carbon, 0-75 cm depth","Mixture (2 Spp.)",-3.63115145723842,3.98307392688224,2,14,"Non-Legume & Legume",4.34782608695652,0,1,2,"Radish/Vetch",4.34782608695652,0,1,2,"Soil","Cover Crop",NA,"Soil Carbon, 0-75 cm depth_Chemical"
"204",71,"Cover crop","Chemical","Soil Organic Matter","Mixture (2 Spp.)",50,0,1,2,"Multiple Non-Legumes",50,0,1,2,"Cereal Rye/Oat",50,0,1,2,"Soil","Cover Crop",NA,"Soil Organic Matter_Chemical"
"205",78,"Cover crop","Chemical","Total Nitrogen","Mixture (2 Spp.)",-25.4052376849467,6.90741542377417,2,16,"Multiple Non-Legumes",-29.0345573542248,7.40348648913699,2,14,"Cereal Rye/Oat",-50.8104753698934,4.48042458830673,1,8,"Soil","Cover Crop",NA,"Total Nitrogen_Chemical"
"206",79,"Cover crop","Chemical","Total Nitrogen","Mixture (2 Spp.)",-25.4052376849467,6.90741542377417,2,16,"Multiple Non-Legumes",-29.0345573542248,7.40348648913699,2,14,"Cereal Rye/TillageRadish",0,0,1,2,"Soil","Cover Crop",NA,"Total Nitrogen_Chemical"
"207",80,"Cover crop","Chemical","Total Nitrogen","Mixture (2 Spp.)",-25.4052376849467,6.90741542377417,2,16,"Multiple Non-Legumes",-29.0345573542248,7.40348648913699,2,14,"Tillage Radish/Buckwheat",0,0,1,2,"Soil","Cover Crop",NA,"Total Nitrogen_Chemical"
"208",81,"Cover crop","Chemical","Total Nitrogen","Mixture (2 Spp.)",-25.4052376849467,6.90741542377417,2,16,"Multiple Non-Legumes",-29.0345573542248,7.40348648913699,2,14,"Tillage Radish/Winter Triticale",0,0,1,2,"Soil","Cover Crop",NA,"Total Nitrogen_Chemical"
"209",82,"Cover crop","Chemical","Total Nitrogen","Mixture (2 Spp.)",-25.4052376849467,6.90741542377417,2,16,"Non-Legume & Legume",0,0,1,2,"Radish/Vetch",0,0,1,2,"Soil","Cover Crop",NA,"Total Nitrogen_Chemical"
"210",85,"Cover crop","Environmental","Nitrous Oxide Emissions","Mixture (2 Spp.)",-3.57142857142858,5.88396050748511,1,8,"Multiple Non-Legumes",-3.57142857142858,5.88396050748511,1,8,"Cereal Rye/Oat",-3.57142857142858,5.88396050748511,1,8,"Soil","Cover Crop",NA,"Nitrous Oxide Emissions_Environmental"
"211",93,"Cover crop","Physical","Compaction","Mixture (2 Spp.)",9.54032068225159,1.47814313642104,2,9,"Multiple Non-Legumes",9.54032068225159,1.47814313642104,2,9,"Cereal Rye/Oat",11.0173802189471,4.90109872727801,1,3,"Soil","Cover Crop",NA,"Compaction_Physical"
"212",94,"Cover crop","Physical","Compaction","Mixture (2 Spp.)",9.54032068225159,1.47814313642104,2,9,"Multiple Non-Legumes",9.54032068225159,1.47814313642104,2,9,"Tillage Radish/Buckwheat",8.80179091390384,0.335212825008223,1,6,"Soil","Cover Crop",NA,"Compaction_Physical"
"213",106,"Cover crop","Physical","Soil Aggregates","Mixture (2 Spp.)",2.24816638380301,0.418005668596573,2,14,"Multiple Non-Legumes",2.01310468354253,0.453599194391027,2,12,"Cereal Rye/TillageRadish",2.4390243902439,0,1,2,"Soil","Cover Crop",NA,"Soil Aggregates_Physical"
"214",107,"Cover crop","Physical","Soil Aggregates","Mixture (2 Spp.)",2.24816638380301,0.418005668596573,2,14,"Multiple Non-Legumes",2.01310468354253,0.453599194391027,2,12,"Tillage Radish/Buckwheat",1.49526678141136,0.586093879986558,2,8,"Soil","Cover Crop",NA,"Soil Aggregates_Physical"
"215",108,"Cover crop","Physical","Soil Aggregates","Mixture (2 Spp.)",2.24816638380301,0.418005668596573,2,14,"Multiple Non-Legumes",2.01310468354253,0.453599194391027,2,12,"Tillage Radish/Winter Triticale",3.65853658536585,0,1,2,"Soil","Cover Crop",NA,"Soil Aggregates_Physical"
"216",109,"Cover crop","Physical","Soil Aggregates","Mixture (2 Spp.)",2.24816638380301,0.418005668596573,2,14,"Non-Legume & Legume",3.65853658536585,0,1,2,"Radish/Vetch",3.65853658536585,0,1,2,"Soil","Cover Crop",NA,"Soil Aggregates_Physical"
"217",116,"Cover crop","Physical","Soil Bulk Density","Mixture (2 Spp.)",0,0,2,13,"Multiple Non-Legumes",0,0,2,13,"Cereal Rye/Oat",0,0,1,7,"Soil","Cover Crop",NA,"Soil Bulk Density_Physical"
"218",117,"Cover crop","Physical","Soil Bulk Density","Mixture (2 Spp.)",0,0,2,13,"Multiple Non-Legumes",0,0,2,13,"Tillage Radish/Buckwheat",0,0,1,6,"Soil","Cover Crop",NA,"Soil Bulk Density_Physical"
"219",126,"Cover crop","Invertebrates","Predator Activity","Mixture (2 Spp.)",0,0,1,2,"Non-Legume & Legume",0,0,1,2,"Cereal Rye/Austrian Winter Pea",0,0,1,2,"Pest Regulation","Cover Crop",NA,"Predator Activity_Invertebrates"
"220",128,"Cover crop","Invertebrates","Predator community inhabiting foliage (#)","Mixture (2 Spp.)",50,28.8675134594813,1,4,"Non-Legume & Legume",50,28.8675134594813,1,4,"Cereal Rye/Austrian Winter Pea",50,28.8675134594813,1,4,"Pest Regulation","Cover Crop",NA,"Predator community inhabiting foliage (#)_Invertebrates"
"221",155,"Cover crop","Weeds","Aboveground growth of weed community","Mixture (2 Spp.)",-20.2380952380952,0,1,2,"Multiple Non-Legumes",-20.2380952380952,0,1,2,"Tillage Radish/Buckwheat",-20.2380952380952,0,1,2,"Pest Regulation","Cover Crop",NA,"Aboveground growth of weed community_Weeds"
"222",170,"Cover crop","Weeds","Waterhemp","Mixture (2 Spp.)",-18.0777186761229,1.54291333553842,1,6,"Non-Legume & Legume",-18.0777186761229,1.54291333553842,1,6,"Cereal Rye/Vetch",-18.0777186761229,1.54291333553842,1,6,"Pest Regulation","Cover Crop",NA,"Waterhemp_Weeds"
"223",181,"Cover crop","Weeds","Weed community (abundance of weeds)","Mixture (2 Spp.)",-35.6520259367832,9.9467671085771,2,8,"Multiple Non-Legumes",-6.12244897959184,0,1,2,"Tillage Radish/Buckwheat",-6.12244897959184,0,1,2,"Pest Regulation","Cover Crop",NA,"Weed community (abundance of weeds)_Weeds"
"224",182,"Cover crop","Weeds","Weed community (abundance of weeds)","Mixture (2 Spp.)",-35.6520259367832,9.9467671085771,2,8,"Non-Legume & Legume",-45.495218255847,10.3524802348123,1,6,"Cereal Rye/Vetch",-45.495218255847,10.3524802348123,1,6,"Pest Regulation","Cover Crop",NA,"Weed community (abundance of weeds)_Weeds"
"225",198,"Cover crop","Stand Count","Seedling Density","Mixture (2 Spp.)",-8.96428208667182,2.9834017649428,1,8,"Multiple Non-Legumes",-10.2452494617617,3.91176585493262,1,6,"Cereal Rye/TillageRadish",-19.898785304152,0,1,2,"Crop Production","Cover Crop",NA,"Seedling Density_Stand Count"
"226",199,"Cover crop","Stand Count","Seedling Density","Mixture (2 Spp.)",-8.96428208667182,2.9834017649428,1,8,"Multiple Non-Legumes",-10.2452494617617,3.91176585493262,1,6,"Tillage Radish/Buckwheat",1.28012093184439,0,1,2,"Crop Production","Cover Crop",NA,"Seedling Density_Stand Count"
"227",200,"Cover crop","Stand Count","Seedling Density","Mixture (2 Spp.)",-8.96428208667182,2.9834017649428,1,8,"Multiple Non-Legumes",-10.2452494617617,3.91176585493262,1,6,"Tillage Radish/Winter Triticale",-12.1170840129775,0,1,2,"Crop Production","Cover Crop",NA,"Seedling Density_Stand Count"
"228",201,"Cover crop","Stand Count","Seedling Density","Mixture (2 Spp.)",-8.96428208667182,2.9834017649428,1,8,"Non-Legume & Legume",-5.12137996140219,0,1,2,"Radish/Vetch",-5.12137996140219,0,1,2,"Crop Production","Cover Crop",NA,"Seedling Density_Stand Count"
"229",213,"Cover crop","Yields","Grain (Maize)","Mixture (2 Spp.)",-5.59461644514849,1.10953345626256,4,22,"Multiple Non-Legumes",-6.58641408665453,1.16310393836427,3,14,"Cereal Rye/Oat",-10.1388888888889,0.138888888888888,2,8,"Crop Production","Cover Crop",NA,"Grain (Maize)_Yields"
"230",214,"Cover crop","Yields","Grain (Maize)","Mixture (2 Spp.)",-5.59461644514849,1.10953345626256,4,22,"Multiple Non-Legumes",-6.58641408665453,1.16310393836427,3,14,"Tillage Radish/Buckwheat",-1.84978101700873,0.564403481721149,1,6,"Crop Production","Cover Crop",NA,"Grain (Maize)_Yields"
"231",215,"Cover crop","Yields","Grain (Maize)","Mixture (2 Spp.)",-5.59461644514849,1.10953345626256,4,22,"Non-Legume & Legume",-3.85897057251292,2.25463501011301,1,8,"Cereal Rye/Vetch",-3.85897057251292,2.25463501011301,1,8,"Crop Production","Cover Crop",NA,"Grain (Maize)_Yields"
"232",234,"Cover crop","Yields","Grain (Soybean)","Mixture (2 Spp.)",-11.321179792697,3.37389122742719,5,22,"Multiple Non-Legumes",-14.3821541387643,3.75184134550986,4,18,"Cereal Rye/Oat",-29.1666666666666,4.16666666666666,2,8,"Crop Production","Cover Crop",NA,"Grain (Soybean)_Yields"
"233",235,"Cover crop","Yields","Grain (Soybean)","Mixture (2 Spp.)",-11.321179792697,3.37389122742719,5,22,"Multiple Non-Legumes",-14.3821541387643,3.75184134550986,4,18,"Cereal Rye/TillageRadish",-7.79920589903573,0,1,2,"Crop Production","Cover Crop",NA,"Grain (Soybean)_Yields"
"234",236,"Cover crop","Yields","Grain (Soybean)","Mixture (2 Spp.)",-11.321179792697,3.37389122742719,5,22,"Multiple Non-Legumes",-14.3821541387643,3.75184134550986,4,18,"Tillage Radish/Buckwheat",-0.107450630826158,1.71092037616376,2,6,"Crop Production","Cover Crop",NA,"Grain (Soybean)_Yields"
"235",237,"Cover crop","Yields","Grain (Soybean)","Mixture (2 Spp.)",-11.321179792697,3.37389122742719,5,22,"Multiple Non-Legumes",-14.3821541387643,3.75184134550986,4,18,"Tillage Radish/Winter Triticale",-4.65116279069767,0,1,2,"Crop Production","Cover Crop",NA,"Grain (Soybean)_Yields"
"236",238,"Cover crop","Yields","Grain (Soybean)","Mixture (2 Spp.)",-11.321179792697,3.37389122742719,5,22,"Non-Legume & Legume",2.45320476460578,1.41635843122242,2,4,"Cereal Rye/Vetch",0,0,1,2,"Crop Production","Cover Crop",NA,"Grain (Soybean)_Yields"
"237",239,"Cover crop","Yields","Grain (Soybean)","Mixture (2 Spp.)",-11.321179792697,3.37389122742719,5,22,"Non-Legume & Legume",2.45320476460578,1.41635843122242,2,4,"Radish/Vetch",4.90640952921157,0,1,2,"Crop Production","Cover Crop",NA,"Grain (Soybean)_Yields"
"238",244,"Cover crop","Yields","Stover Biomass","Mixture (2 Spp.)",-6.32236445735617,2.5247410446454,2,6,"Multiple Non-Legumes",-11.6638174517713,6.87436500995778,1,2,"Cereal Rye/Oat",-11.6638174517713,6.87436500995778,1,2,"Crop Production","Cover Crop",NA,"Stover Biomass_Yields"
"239",245,"Cover crop","Yields","Stover Biomass","Mixture (2 Spp.)",-6.32236445735617,2.5247410446454,2,6,"Non-Legume & Legume",-3.65163796014859,0.962737910882735,1,4,"Cereal Rye/Vetch",-3.65163796014859,0.962737910882735,1,4,"Crop Production","Cover Crop",NA,"Stover Biomass_Yields"
"240",9,"Cover crop","Chemical","Ammonium (Preplant)","Mixture (3+ Spp.)",0,12.1716123890037,1,6,"Non-Legume & Legume",0,12.1716123890037,1,6,"Rye/Vetch/Tillage Radish",0,12.1716123890037,1,6,"Soil","Cover Crop",NA,"Ammonium (Preplant)_Chemical"
"241",22,"Cover crop","Chemical","Nitrate (Preplant)","Mixture (3+ Spp.)",0,0,1,6,"Non-Legume & Legume",0,0,1,6,"Rye/Vetch/Tillage Radish",0,0,1,6,"Soil","Cover Crop",NA,"Nitrate (Preplant)_Chemical"
"242",33,"Cover crop","Chemical","pH","Mixture (3+ Spp.)",0,0,1,6,"Non-Legume & Legume",0,0,1,6,"Rye/Vetch/Tillage Radish",0,0,1,6,"Soil","Cover Crop",NA,"pH_Chemical"
"243",40,"Cover crop","Chemical","Phosphorous","Mixture (3+ Spp.)",-12.3636363636364,2.42302999984839,1,6,"Non-Legume & Legume",-12.3636363636364,2.42302999984839,1,6,"Rye/Vetch/Tillage Radish",-12.3636363636364,2.42302999984839,1,6,"Soil","Cover Crop",NA,"Phosphorous_Chemical"
"244",60,"Cover crop","Chemical","Soil Carbon, 0-75 cm depth","Mixture (3+ Spp.)",-3.84995251661918,0.054109390710183,1,6,"Non-Legume & Legume",-3.84995251661918,0.054109390710183,1,6,"Rye/Vetch/Tillage Radish",-3.84995251661918,0.054109390710183,1,6,"Soil","Cover Crop",NA,"Soil Carbon, 0-75 cm depth_Chemical"
"245",92,"Cover crop","Physical","Compaction","Mixture (3+ Spp.)",9.59605761546301,4.26215772688799,1,6,"Non-Legume & Legume",9.59605761546301,4.26215772688799,1,6,"Rye/Vetch/Tillage Radish",9.59605761546301,4.26215772688799,1,6,"Soil","Cover Crop",NA,"Compaction_Physical"
"246",105,"Cover crop","Physical","Soil Aggregates","Mixture (3+ Spp.)",-0.41116848345764,1.10230247178123,1,6,"Non-Legume & Legume",-0.41116848345764,1.10230247178123,1,6,"Rye/Vetch/Tillage Radish",-0.41116848345764,1.10230247178123,1,6,"Soil","Cover Crop",NA,"Soil Aggregates_Physical"
"247",115,"Cover crop","Physical","Soil Bulk Density","Mixture (3+ Spp.)",0,0,1,6,"Non-Legume & Legume",0,0,1,6,"Rye/Vetch/Tillage Radish",0,0,1,6,"Soil","Cover Crop",NA,"Soil Bulk Density_Physical"
"248",154,"Cover crop","Weeds","Aboveground growth of weed community","Mixture (3+ Spp.)",-69.8412698412698,0,1,2,"Non-Legume & Legume",-69.8412698412698,0,1,2,"Rye/Vetch/Tillage Radish",-69.8412698412698,0,1,2,"Pest Regulation","Cover Crop",NA,"Aboveground growth of weed community_Weeds"
"249",180,"Cover crop","Weeds","Weed community (abundance of weeds)","Mixture (3+ Spp.)",-10.2040816326531,0,1,2,"Non-Legume & Legume",-10.2040816326531,0,1,2,"Rye/Vetch/Tillage Radish",-10.2040816326531,0,1,2,"Pest Regulation","Cover Crop",NA,"Weed community (abundance of weeds)_Weeds"
"250",212,"Cover crop","Yields","Grain (Maize)","Mixture (3+ Spp.)",-2.92815275784806,1.68515464879742,1,6,"Non-Legume & Legume",-2.92815275784806,1.68515464879742,1,6,"Rye/Vetch/Tillage Radish",-2.92815275784806,1.68515464879742,1,6,"Crop Production","Cover Crop",NA,"Grain (Maize)_Yields"
"251",233,"Cover crop","Yields","Grain (Soybean)","Mixture (3+ Spp.)",-9.69007211575583,5.8014086532991,1,4,"Non-Legume & Legume",-9.69007211575583,5.8014086532991,1,4,"Rye/Vetch/Tillage Radish",-9.69007211575583,5.8014086532991,1,4,"Crop Production","Cover Crop",NA,"Grain (Soybean)_Yields"
"252",6,"Seed Protection","Invertebrates","Northern Corn Rootworm (#)","Soil",60.2163580304497,69.8096968962674,1,12,"Insecticide",60.2163580304497,69.8096968962674,1,12,"Broadcast",60.2163580304497,69.8096968962674,1,12,"Pest Regulation","Early Season Pest Management",NA,"Northern Corn Rootworm (#)_Invertebrates"
"253",8,"Seed Protection","Invertebrates","Seed Corn Maggot (#)","Soil",-73.6842105263158,7.74715865467355,1,4,"Insecticide",-73.6842105263158,7.74715865467355,1,4,"In-Row",-73.6842105263158,7.74715865467355,1,4,"Pest Regulation","Early Season Pest Management",NA,"Seed Corn Maggot (#)_Invertebrates"
"254",13,"Seed Protection","Invertebrates","Western Corn Rootworm (#)","Soil",-49.7661962195717,5.60603840942357,1,54,"Insecticide",-49.7661962195717,5.60603840942357,1,54,"Broadcast",-49.7661962195717,5.60603840942357,1,54,"Pest Regulation","Early Season Pest Management",NA,"Western Corn Rootworm (#)_Invertebrates"
"255",14,"Seed Protection","Invertebrates","Western Corn Rootworm (Mean Emergence Date)","Soil",1.14888175623487,0.423957479964037,1,3,"Insecticide",1.14888175623487,0.423957479964037,1,3,"Broadcast",1.14888175623487,0.423957479964037,1,3,"Pest Regulation","Early Season Pest Management",NA,"Western Corn Rootworm (Mean Emergence Date)_Invertebrates"
"256",21,"Seed Protection","Pathogens","Pathogenic Injury to Leaf Tissue (Maize)","Soil",-82.6086956521739,NA,1,1,"Insecticide",-82.6086956521739,NA,1,1,"In-Row",-82.6086956521739,NA,1,1,"Pest Regulation","Early Season Pest Management",NA,"Pathogenic Injury to Leaf Tissue (Maize)_Pathogens"
"257",26,"Seed Protection","Crop Growth","Damage to Plant due to Black Cutworms (Maize)","Soil",-65.0961791831357,5.23123155969236,1,33,"Insecticide",-65.0961791831357,5.23123155969236,1,33,"Broadcast",-100,0,1,2,"Crop Production","Early Season Pest Management",NA,"Damage to Plant due to Black Cutworms (Maize)_Crop Growth"
"258",27,"Seed Protection","Crop Growth","Damage to Plant due to Black Cutworms (Maize)","Soil",-65.0961791831357,5.23123155969236,1,33,"Insecticide",-65.0961791831357,5.23123155969236,1,33,"In-Furrow",-58.5652173913044,16.3432579186368,1,4,"Crop Production","Early Season Pest Management",NA,"Damage to Plant due to Black Cutworms (Maize)_Crop Growth"
"259",28,"Seed Protection","Crop Growth","Damage to Plant due to Black Cutworms (Maize)","Soil",-65.0961791831357,5.23123155969236,1,33,"Insecticide",-65.0961791831357,5.23123155969236,1,33,"In-Row",-63.4782608695652,5.7258347016771,1,27,"Crop Production","Early Season Pest Management",NA,"Damage to Plant due to Black Cutworms (Maize)_Crop Growth"
"260",32,"Seed Protection","Crop Growth","Reduction in Vigor (Maize)","Soil",96.60037834373,23.4601732542151,1,103,"Insecticide",96.60037834373,23.4601732542151,1,103,"In-Furrow",154.59133576843,44.734094008646,1,41,"Crop Production","Early Season Pest Management",NA,"Reduction in Vigor (Maize)_Crop Growth"
"261",33,"Seed Protection","Crop Growth","Reduction in Vigor (Maize)","Soil",96.60037834373,23.4601732542151,1,103,"Insecticide",96.60037834373,23.4601732542151,1,103,"In-Row",58.2515194015895,24.5065572271849,1,62,"Crop Production","Early Season Pest Management",NA,"Reduction in Vigor (Maize)_Crop Growth"
"262",39,"Seed Protection","Crop Growth","Soybean Seedling Development","Soil",-17.775451887294,20.1446545943639,1,12,"Insecticide",-17.775451887294,20.1446545943639,1,12,"In-Row",-17.775451887294,20.1446545943639,1,12,"Crop Production","Early Season Pest Management",NA,"Soybean Seedling Development_Crop Growth"
"263",48,"Seed Protection","Crop Yield","Grain Yield (Maize)","Soil",-1.17314642408722,0.798906618697495,1,81,"Insecticide",-1.17314642408722,0.798906618697495,1,81,"In-Furrow",-4.18782645549388,2.64972206244215,1,18,"Crop Production","Early Season Pest Management",NA,"Grain Yield (Maize)_Crop Yield"
"264",49,"Seed Protection","Crop Yield","Grain Yield (Maize)","Soil",-1.17314642408722,0.798906618697495,1,81,"Insecticide",-1.17314642408722,0.798906618697495,1,81,"In-Row",-0.311809272256743,0.674513758986756,1,63,"Crop Production","Early Season Pest Management",NA,"Grain Yield (Maize)_Crop Yield"
"265",57,"Seed Protection","Crop Yield","Grain Yield (Soybean)","Soil",2.15754552726931,2.09593885723268,1,4,"Insecticide",2.15754552726931,2.09593885723268,1,4,"In-Row",2.15754552726931,2.09593885723268,1,4,"Crop Production","Early Season Pest Management",NA,"Grain Yield (Soybean)_Crop Yield"
"266",67,"Seed Protection","Stand Density","Stand Count (Soybean)","Soil",-14.0469416785206,2.36435232612397,1,4,"Insecticide",-14.0469416785206,2.36435232612397,1,4,"In-Row",-14.0469416785206,2.36435232612397,1,4,"Crop Production","Early Season Pest Management",NA,"Stand Count (Soybean)_Stand Density"
"267",2,"Seed Protection","Invertebrates","Bean Leaf Beetles (#)","Foliage",-24.1176470588235,7.16021946529813,1,17,"Insecticide",-24.1176470588235,7.16021946529813,1,17,NA,-24.1176470588235,7.16021946529813,1,17,"Pest Regulation","Early Season Pest Management",NA,"Bean Leaf Beetles (#)_Invertebrates"
"268",9,"Seed Protection","Invertebrates","Soybean Aphids (Cumulative Aphid Days)","Foliage",-61.7888748419722,12.8002528445006,1,2,"Insecticide",-48.9886219974716,NA,1,1,NA,-48.9886219974716,NA,1,1,"Pest Regulation","Early Season Pest Management",NA,"Soybean Aphids (Cumulative Aphid Days)_Invertebrates"
"269",10,"Seed Protection","Invertebrates","Soybean Aphids (Cumulative Aphid Days)","Foliage",-61.7888748419722,12.8002528445006,1,2,"Insecticide-Fungicide",-74.5891276864728,NA,1,1,NA,-74.5891276864728,NA,1,1,"Pest Regulation","Early Season Pest Management",NA,"Soybean Aphids (Cumulative Aphid Days)_Invertebrates"
"270",15,"Seed Protection","Pathogens","Bean Pod Mottle Virus Infections (Soybean)","Foliage",0.455821863629174,2.07994277011132,2,14,"Insecticide",0.455821863629174,2.07994277011132,2,14,NA,0.455821863629174,2.07994277011132,2,14,"Pest Regulation","Early Season Pest Management",NA,"Bean Pod Mottle Virus Infections (Soybean)_Pathogens"
"271",37,"Seed Protection","Crop Growth","Soybean Seedling Development","Foliage",-1.24691358024691,0.815546457552679,1,15,"Insecticide",-1.24691358024691,0.815546457552679,1,15,NA,-1.24691358024691,0.815546457552679,1,15,"Crop Production","Early Season Pest Management",NA,"Soybean Seedling Development_Crop Growth"
"272",40,"Seed Protection","Crop Yield","Grain Quality (Soybean)","Foliage",-7.14285714285715,7.14285714285715,1,2,"Insecticide",-7.14285714285715,7.14285714285715,1,2,NA,-7.14285714285715,7.14285714285715,1,2,"Crop Production","Early Season Pest Management",NA,"Grain Quality (Soybean)_Crop Yield"
"273",43,"Seed Protection","Crop Yield","Grain Yield (Maize)","Foliage",8.90122519498569,2.74980842398137,2,6,"Insecticide",8.9662853401984,3.36687099829436,2,5,NA,8.9662853401984,3.36687099829436,2,5,"Crop Production","Early Season Pest Management",NA,"Grain Yield (Maize)_Crop Yield"
"274",44,"Seed Protection","Crop Yield","Grain Yield (Maize)","Foliage",8.90122519498569,2.74980842398137,2,6,"Insecticide-Fungicide",8.57592446892211,NA,1,1,NA,8.57592446892211,NA,1,1,"Crop Production","Early Season Pest Management",NA,"Grain Yield (Maize)_Crop Yield"
"275",50,"Seed Protection","Crop Yield","Grain Yield (Soybean)","Foliage",0.0199227807987656,1.16741579514362,5,40,"Insecticide",0.0199227807987656,1.16741579514362,5,40,NA,0.0199227807987656,1.16741579514362,5,40,"Crop Production","Early Season Pest Management",NA,"Grain Yield (Soybean)_Crop Yield"
"276",1,"Seed Protection","Biological","Root Mycorrhizal Colonization (Arbuscular)","Seed",30.5555555555555,30.8383379321868,1,9,"Fungicide",30.5555555555555,30.8383379321868,1,9,NA,30.5555555555555,30.8383379321868,1,9,"Soil","Early Season Pest Management",NA,"Root Mycorrhizal Colonization (Arbuscular)_Biological"
"277",3,"Seed Protection","Invertebrates","Bean Leaf Beetles (#)","Seed",-22.0833333333333,11.7672113053502,1,8,"Insecticide",-22.0833333333333,11.7672113053502,1,8,NA,-22.0833333333333,11.7672113053502,1,8,"Pest Regulation","Early Season Pest Management",NA,"Bean Leaf Beetles (#)_Invertebrates"
"278",5,"Seed Protection","Invertebrates","Natural Enemies (#)","Seed",10.2805621632466,11.7429008081105,1,8,"Insecticide",10.2805621632466,11.7429008081105,1,8,NA,10.2805621632466,11.7429008081105,1,8,"Pest Regulation","Early Season Pest Management",NA,"Natural Enemies (#)_Invertebrates"
"279",7,"Seed Protection","Invertebrates","Seed Corn Maggot (#)","Seed",-52.6315789473684,6.44602563890309,1,4,"Insecticide",-52.6315789473684,6.44602563890309,1,4,NA,-52.6315789473684,6.44602563890309,1,4,"Pest Regulation","Early Season Pest Management",NA,"Seed Corn Maggot (#)_Invertebrates"
"280",11,"Seed Protection","Invertebrates","Soybean Aphids (Cumulative Aphid Days)","Seed",-50.1111128463059,14.3186328034952,3,4,"Insecticide",-43.4056304448849,17.891883697675,2,3,NA,-43.4056304448849,17.891883697675,2,3,"Pest Regulation","Early Season Pest Management",NA,"Soybean Aphids (Cumulative Aphid Days)_Invertebrates"
"281",12,"Seed Protection","Invertebrates","Soybean Aphids (Cumulative Aphid Days)","Seed",-50.1111128463059,14.3186328034952,3,4,"Insecticide-Fungicide",-70.2275600505689,NA,1,1,NA,-70.2275600505689,NA,1,1,"Pest Regulation","Early Season Pest Management",NA,"Soybean Aphids (Cumulative Aphid Days)_Invertebrates"
"282",16,"Seed Protection","Pathogens","Bean Pod Mottle Virus Infections (Soybean)","Seed",-13.2405869324474,5.62903159433349,2,5,"Insecticide",-13.2405869324474,5.62903159433349,2,5,NA,-13.2405869324474,5.62903159433349,2,5,"Pest Regulation","Early Season Pest Management",NA,"Bean Pod Mottle Virus Infections (Soybean)_Pathogens"
"283",18,"Seed Protection","Pathogens","Fusarium spp. Soil Forming Colonies (Soybean)","Seed",-5.22443455212536,7.91932559645163,1,8,"Fungicide-Biologic",-5.22443455212536,7.91932559645163,1,8,NA,-5.22443455212536,7.91932559645163,1,8,"Pest Regulation","Early Season Pest Management",NA,"Fusarium spp. Soil Forming Colonies (Soybean)_Pathogens"
"284",19,"Seed Protection","Pathogens","Pathogenic Injury to Leaf Tissue (Maize)","Seed",-70.2334146960183,1.81977640265522,2,102,"Insecticide",-75.2834295334295,1.13194438098047,1,84,NA,-75.2834295334295,1.13194438098047,1,84,"Pest Regulation","Early Season Pest Management",NA,"Pathogenic Injury to Leaf Tissue (Maize)_Pathogens"
"285",20,"Seed Protection","Pathogens","Pathogenic Injury to Leaf Tissue (Maize)","Seed",-70.2334146960183,1.81977640265522,2,102,"Insecticide-Fungicide",-46.6666787880992,6.5288422484131,1,18,NA,-46.6666787880992,6.5288422484131,1,18,"Pest Regulation","Early Season Pest Management",NA,"Pathogenic Injury to Leaf Tissue (Maize)_Pathogens"
"286",22,"Seed Protection","Pathogens","Pathogenic Injury to Leaf Tissue (Soybean)","Seed",-25,0,1,2,"Fungicide-Biologic",-25,0,1,2,NA,-25,0,1,2,"Pest Regulation","Early Season Pest Management",NA,"Pathogenic Injury to Leaf Tissue (Soybean)_Pathogens"
"287",23,"Seed Protection","Pathogens","Pathogenic Root Injury (Maize)","Seed",-7.89473684210526,5.50646709839144,3,38,"Insecticide",-11.1111111111111,7.62215933966706,1,18,NA,-11.1111111111111,7.62215933966706,1,18,"Pest Regulation","Early Season Pest Management",NA,"Pathogenic Root Injury (Maize)_Pathogens"
"288",24,"Seed Protection","Pathogens","Pathogenic Root Injury (Maize)","Seed",-7.89473684210526,5.50646709839144,3,38,"Insecticide-Fungicide",-5,8.02955068546966,2,20,NA,-5,8.02955068546966,2,20,"Pest Regulation","Early Season Pest Management",NA,"Pathogenic Root Injury (Maize)_Pathogens"
"289",29,"Seed Protection","Crop Growth","Plant Height (Maize)","Seed",-1.72413793103449,3.05193518329926,1,6,"Fungicide",-1.72413793103449,3.05193518329926,1,6,NA,-1.72413793103449,3.05193518329926,1,6,"Crop Production","Early Season Pest Management",NA,"Plant Height (Maize)_Crop Growth"
"290",30,"Seed Protection","Crop Growth","Plant Height (Soybean)","Seed",2.7027027027027,2.7027027027027,2,5,"Fungicide",0,0,1,3,NA,0,0,1,3,"Crop Production","Early Season Pest Management",NA,"Plant Height (Soybean)_Crop Growth"
"291",31,"Seed Protection","Crop Growth","Plant Height (Soybean)","Seed",2.7027027027027,2.7027027027027,2,5,"Fungicide-Biologic",6.75675675675675,6.75675675675675,1,2,NA,6.75675675675675,6.75675675675675,1,2,"Crop Production","Early Season Pest Management",NA,"Plant Height (Soybean)_Crop Growth"
"292",34,"Seed Protection","Crop Growth","Soybean Growth (including photosynthetic capacity and leaf area index)","Seed",4.01880127634137,2.60601110435608,2,18,"Fungicide-Biologic",11.3526570048309,7.1824880841529,1,6,NA,11.3526570048309,7.1824880841529,1,6,"Crop Production","Early Season Pest Management",NA,"Soybean Growth (including photosynthetic capacity and leaf area index)_Crop Growth"
"293",35,"Seed Protection","Crop Growth","Soybean Growth (including photosynthetic capacity and leaf area index)","Seed",4.01880127634137,2.60601110435608,2,18,"Insecticide",0.0311819402015938,0.757409232687384,1,9,NA,0.0311819402015938,0.757409232687384,1,9,"Crop Production","Early Season Pest Management",NA,"Soybean Growth (including photosynthetic capacity and leaf area index)_Crop Growth"
"294",36,"Seed Protection","Crop Growth","Soybean Growth (including photosynthetic capacity and leaf area index)","Seed",4.01880127634137,2.60601110435608,2,18,"Insecticide-Fungicide",1.31394782778162,0.485869779826247,1,3,NA,1.31394782778162,0.485869779826247,1,3,"Crop Production","Early Season Pest Management",NA,"Soybean Growth (including photosynthetic capacity and leaf area index)_Crop Growth"
"295",38,"Seed Protection","Crop Growth","Soybean Seedling Development","Seed",-66.7932615629984,14.3043709567739,1,12,"Insecticide",-66.7932615629984,14.3043709567739,1,12,NA,-66.7932615629984,14.3043709567739,1,12,"Crop Production","Early Season Pest Management",NA,"Soybean Seedling Development_Crop Growth"
"296",41,"Seed Protection","Crop Yield","Grain Quality (Soybean)","Seed",-1.93272079605481,1.20915877805118,2,16,"Fungicide",-0.196008680454034,0.124250626403353,1,12,NA,-0.196008680454034,0.124250626403353,1,12,"Crop Production","Early Season Pest Management",NA,"Grain Quality (Soybean)_Crop Yield"
"297",42,"Seed Protection","Crop Yield","Grain Quality (Soybean)","Seed",-1.93272079605481,1.20915877805118,2,16,"Insecticide",-7.14285714285715,4.12393049421162,1,4,NA,-7.14285714285715,4.12393049421162,1,4,"Crop Production","Early Season Pest Management",NA,"Grain Quality (Soybean)_Crop Yield"
"298",45,"Seed Protection","Crop Yield","Grain Yield (Maize)","Seed",-0.740357289373813,1.9170116610151,5,44,"Fungicide",0,0,1,5,NA,0,0,1,5,"Crop Production","Early Season Pest Management",NA,"Grain Yield (Maize)_Crop Yield"
"299",46,"Seed Protection","Crop Yield","Grain Yield (Maize)","Seed",-0.740357289373813,1.9170116610151,5,44,"Insecticide",-2.92428478017443,3.72047860162881,2,22,NA,-2.92428478017443,3.72047860162881,2,22,"Crop Production","Early Season Pest Management",NA,"Grain Yield (Maize)_Crop Yield"
"300",47,"Seed Protection","Crop Yield","Grain Yield (Maize)","Seed",-0.740357289373813,1.9170116610151,5,44,"Insecticide-Fungicide",1.86814967243469,1.10919424293957,2,17,NA,1.86814967243469,1.10919424293957,2,17,"Crop Production","Early Season Pest Management",NA,"Grain Yield (Maize)_Crop Yield"
"301",51,"Seed Protection","Crop Yield","Grain Yield (Soybean)","Seed",4.03614057068009,2.3146552449132,12,151,"Fungicide",3.41203850093487,2.03584260622575,5,81,NA,3.41203850093487,2.03584260622575,5,81,"Crop Production","Early Season Pest Management",NA,"Grain Yield (Soybean)_Crop Yield"
"302",52,"Seed Protection","Crop Yield","Grain Yield (Soybean)","Seed",4.03614057068009,2.3146552449132,12,151,"Fungicide-Biologic",14.6577255153704,16.5297472988967,1,2,NA,14.6577255153704,16.5297472988967,1,2,"Crop Production","Early Season Pest Management",NA,"Grain Yield (Soybean)_Crop Yield"
"303",53,"Seed Protection","Crop Yield","Grain Yield (Soybean)","Seed",4.03614057068009,2.3146552449132,12,151,"Insecticide",7.56593981564714,9.99113698834023,6,31,NA,7.56593981564714,9.99113698834023,6,31,"Crop Production","Early Season Pest Management",NA,"Grain Yield (Soybean)_Crop Yield"
"304",54,"Seed Protection","Crop Yield","Grain Yield (Soybean)","Seed",4.03614057068009,2.3146552449132,12,151,"Insecticide-Fungicide",1.79504203951613,0.519032266098327,4,33,NA,1.79504203951613,0.519032266098327,4,33,"Crop Production","Early Season Pest Management",NA,"Grain Yield (Soybean)_Crop Yield"
"305",55,"Seed Protection","Crop Yield","Grain Yield (Soybean)","Seed",4.03614057068009,2.3146552449132,12,151,"Insecticide-Fungicide-Nematicide",2.49653374428352,0.821994460487461,1,4,NA,2.49653374428352,0.821994460487461,1,4,"Crop Production","Early Season Pest Management",NA,"Grain Yield (Soybean)_Crop Yield"
"306",58,"Seed Protection","Stand Density","Maize Lodging (#)","Seed",-33.3333333333333,21.0818510677892,1,6,"Insecticide",-33.3333333333333,21.0818510677892,1,6,NA,-33.3333333333333,21.0818510677892,1,6,"Crop Production","Early Season Pest Management",NA,"Maize Lodging (#)_Stand Density"
"307",59,"Seed Protection","Stand Density","Soybean Lodging (Scored 1 = no lodging to 5 = completely lodged)","Seed",0,0,1,3,"Fungicide",0,0,1,3,NA,0,0,1,3,"Crop Production","Early Season Pest Management",NA,"Soybean Lodging (Scored 1 = no lodging to 5 = completely lodged)_Stand Density"
"308",60,"Seed Protection","Stand Density","Stand Count (Maize)","Seed",-0.369528718863116,3.05146106540121,3,27,"Fungicide",-2.72294901459198,7.20866991414032,2,11,NA,-2.72294901459198,7.20866991414032,2,11,"Crop Production","Early Season Pest Management",NA,"Stand Count (Maize)_Stand Density"
"309",61,"Seed Protection","Stand Density","Stand Count (Maize)","Seed",-0.369528718863116,3.05146106540121,3,27,"Insecticide-Fungicide",1.24844773445048,1.72923590735425,1,16,NA,1.24844773445048,1.72923590735425,1,16,"Crop Production","Early Season Pest Management",NA,"Stand Count (Maize)_Stand Density"
"310",62,"Seed Protection","Stand Density","Stand Count (Soybean)","Seed",11.2742521494009,3.71488382402428,5,108,"Fungicide",11.318267442169,4.5665488882528,4,84,NA,11.318267442169,4.5665488882528,4,84,"Crop Production","Early Season Pest Management",NA,"Stand Count (Soybean)_Stand Density"
"311",63,"Seed Protection","Stand Density","Stand Count (Soybean)","Seed",11.2742521494009,3.71488382402428,5,108,"Fungicide-Biologic",15.3847599990516,9.65821455080434,1,12,NA,15.3847599990516,9.65821455080434,1,12,"Crop Production","Early Season Pest Management",NA,"Stand Count (Soybean)_Stand Density"
"312",64,"Seed Protection","Stand Density","Stand Count (Soybean)","Seed",11.2742521494009,3.71488382402428,5,108,"Insecticide",-6.00995732574679,2.99149874384408,1,4,NA,-6.00995732574679,2.99149874384408,1,4,"Crop Production","Early Season Pest Management",NA,"Stand Count (Soybean)_Stand Density"
"313",65,"Seed Protection","Stand Density","Stand Count (Soybean)","Seed",11.2742521494009,3.71488382402428,5,108,"Insecticide-Fungicide",10.195243945244,3.04306131874618,1,4,NA,10.195243945244,3.04306131874618,1,4,"Crop Production","Early Season Pest Management",NA,"Stand Count (Soybean)_Stand Density"
"314",66,"Seed Protection","Stand Density","Stand Count (Soybean)","Seed",11.2742521494009,3.71488382402428,5,108,"Insecticide-Fungicide-Nematicide",16.3816251316251,2.01628601511942,1,4,NA,16.3816251316251,2.01628601511942,1,4,"Crop Production","Early Season Pest Management",NA,"Stand Count (Soybean)_Stand Density"
"315",4,"Seed Protection","Invertebrates","Bean Leaf Beetles (#)","Seed & Foliage",-33.3333333333333,10,1,7,"Insecticide",-33.3333333333333,10,1,7,NA,-33.3333333333333,10,1,7,"Pest Regulation","Early Season Pest Management",NA,"Bean Leaf Beetles (#)_Invertebrates"
"316",17,"Seed Protection","Pathogens","Bean Pod Mottle Virus Infections (Soybean)","Seed & Foliage",-3.35455887781469,1.64842900162196,2,6,"Insecticide",-3.35455887781469,1.64842900162196,2,6,NA,-3.35455887781469,1.64842900162196,2,6,"Pest Regulation","Early Season Pest Management",NA,"Bean Pod Mottle Virus Infections (Soybean)_Pathogens"
"317",56,"Seed Protection","Crop Yield","Grain Yield (Soybean)","Seed & Foliage",0.675936884069495,2.10512050856056,2,10,"Insecticide",0.675936884069495,2.10512050856056,2,10,NA,0.675936884069495,2.10512050856056,2,10,"Crop Production","Early Season Pest Management",NA,"Grain Yield (Soybean)_Crop Yield"
"318",25,NA,NA,NA,NA,NA,NA,1,1,NA,NA,NA,1,1,NA,NA,NA,1,1,"Pest Regulation","Early Season Pest Management",NA,"NA_NA"
"319",68,NA,NA,NA,NA,NA,NA,1,6,NA,NA,NA,1,6,NA,NA,NA,1,6,"Crop Production","Early Season Pest Management",NA,"NA_NA"
