"paper_id","doi","authors","authors_abbrev","pubyear","journal","volume_issue","title","pages"
150,"10.1080/00103629309368895","Kitur, B.K., Olson, K.R., Siemens, J.C., & Phillips, S.R.","Kitur et al.",1993,"Communications in Soil Science and Plant Analysis","24","Tillage effects on selected physical properties of Grantsburg silt loam","1509-1527"
151,"10.1080/00103629409369033","Kitur, B.K., Phillips, S.R., Olson, K.R., & Ebelher, S.A.","Kitur et al.",1994,"Communications in Soil Science and Plant Analysis","25","Tillage effects on selected chemical properties of Gransburg silt loam","225-246"
152,"10.1097/00010694-199812000-00007","Hussain, I., Olson, K.R., & Siemens, J.C.","Hussain et al.",1998,"Soil Science","163(12)","Long-term tillage effects on physical properties of eroded soil","970-981"
153,"10.1016/S0167-1987(98)00170-6","Yang, X. & Wander, M.M.","Yang & Wander",1998,"Soil & Tillage Research","49","Temporal changes in dry aggregate size and stability: tillage and crop effects on a silty loam Mollisol in Illinois","173-183"
154,"10.1016/S0167-1987(99)00054-9","Hussain, I., Olson, K.R., & Ebelhar, S.A.","Hussain et al.",1999,"Soil & Tillage Research","52","Impacts of tillage and no-till on production of maize and soybean on an eroded Illinois silt loam soil","37-49"
155,"10.2136/sssaj1999.6351335x","Hussain, I., Olson, K.R., & Ebelhar, S.A.","Hussain et al.",1999,"Soil Science Society of America Journal","63","Long-term tillage effects on soil chemical properties and organic matter fractions","1335-1341"
156,"10.1016/j.still.2004.09.009","Olson, K.R., Lang, J.M., & Ebelhar, S.A.","Olson et al.",2005,"Soil & Tillage Research","81","Soil organic carbon changes after 12 years of no-tillage and tillage of Grantsburg soils in southern Illinois","217-225"
157,"10.1016/S0167-1987(99)00051-3","Yang, X. & Wander, M.M.","Yang & Wander",1999,"Soil & Tillage Research","52","Tillage effects on soil organic carbon distribution and storage in a silt loam soil in Illinois","9-Jan"
158,"10.1016/S0038-0717(00)00031-6","Wander, M.M. & Yang, X.","Wander & Yang",2000,"Soil Biology & Biochemistry","32","Influence of tillage on the dynamics of losse- and occluded- particulate and humified organic matter fractions","1151-1160"
159,"10.2134/agronj14.0465","Zuber, S.M., Behnke, G.D., Nafziger, E.D., & Villamil, M.B.","Zuber et al.",2015,"Agronomy Journal","107(3)","Crop rotation and tillage effects on soil physical and chemical properties in Illinois","971-978"
160,"10.2134/agronj14.0549","Fernandez, F.G., Sorensen, B.A., & Villamil, M.B.","Fernandez et al.",2015,"Agronomy Journal","107","A comparison of soil properties after five years of no-till and strip-till","1339-1346"
161,"10.2134/agronj2015.0397","Cook, R.L. & Trlica, A.","Cook & Trlica",2016,"Agronomy Journal","108","Tillage and fertilizer effects on crop yield and soil properties over 45 years in Southern Illinois","415-426"
162,"10.2489/jswc.72.4.405","Walia, M.K., Baer, S.G., Krausz, R., & Cook, R.L.","Walia et al.",2017,"Journal of Soil and Water Conservation","72(4)","Deep soil carbon after 44 years of tillage and fertilizer management in southern Illinois compared to forest and restored prairie soils","405-415"
163,"10.1016/0167-1987(86)90340-5","Kladivko, E.J., Griffith, D.R., & Mannering, J.V","Kladivko et al.",1986,"Soil & Tillage Research","8","Conservation tillage effects on soil properties and yield of corn and soya beans in Indiana","277-287"
164,"10.1093/jee/83.6.2455","Andow, D.A. & Ostilie, K.R.","Andow & Ostlie",1990,"Journal of Economic Entomology","83(6)","First-generation European Corn Borer (Lepidoptera: Pyralidae) response to three conservation tillage systems in Minnesota","2455-2461"
165,"10.1080/00103629109368552","Karlen, D.L., Berry, E.C., Colvin, T.S., & Kanwar, R.S.","Karlen et al.",1991,"Communications in Soil Science and Plant Analysis","22","Twelve?year tillage and crop rotation effects on yields and soil chemical properties in northeast Iowa","19-20"
166,"10.1017/S0043174500071459","Cardina, J., Regnier, E., & Harrison, K.","Cardina et al.",1991,"Weed Science","39(2)","Long-term tillage effects on seed banks in three Ohio soils","186-194"
167,"10.1094/PD-75-0828","Lipps, D.E. & Deep, I.W.","Lipps & Deep",1991,"Plant Disease","75","Influence of tillage and crop rotation on yield, stalk rot, and recovery of Fusarium and Trichoderma spp. from corn","828-833"
168,"10.2134/agronj1991.00021962008300050016x","Timmons, D.R. & Baker, J.L.","Timmons & Baker",1991,"Agronomy Journal","83","Recovery of point-injected labeled nitrogen by corn as affected by timing, rate, and tillage","850-857"
169,"10.1093/ee/20.5.1251","Tonhasca, Jr., A. & Stinner, B.R.","Tonhasca & Stinner",1991,"Environmental Entomology","20(5)","Effects of strip intercropping and no-tillage on some pests and beneficial invertebrates of corn in Ohio","1251-1258"
170,"10.1093/ee/21.2.388","Andow, D.A.","Andow",1992,"Environmental Entomology","21(1)","Fate of eggs of first-generation Ostrinia nubilalis (Lepidoptera: Pyralidae) in three conservation tillage systems","388-393"
171,"10.1016/0167-1987(92)90069-N","Kovar, J.L, Barber, S.A., Kladivko, E.J., & Griffith, D.R.","Kovar et al.",1992,"Soil & Tillage Research","24","Characterization of soil temperature, water content, and maize root distribution in two tillage systems","27-Nov"
172,"10.1093/jee/85.3.853","Willson, H.R. & Eisley, J.B.","Willson & Eisley",1992,"Journal of Economic Entomology","85(3)","Effects of tillage and prior crop on the incidence of five key pests on Ohio corn","853-859"
173,"10.13031/2013.28739","Erbach, D.C., Benjamin, J.G., Cruse, R.M., Elamin, M.A., Mukhtar, S., & Choi, C.-H.","Erbach et al.",1992,"Transactions of the ASAE","35(5)","Soil and corn response to tillage with paraplow","1347-1354"
174,"10.2136/sssaj1993.03615995005700010023x","Brown, R.E., Varvel, G.E., & Shapiro, C.A.","Brown et al.",1993,"Soil Science Society of America Journal","57","Residual effects of interseeded hairy vetch on soil nitrate-nitrogen levels","121-124"
175,"10.1080/00103629309368812","Gordon, W.B., Rickerl, D.H., Sorensen, D.R., & Wieland, P.K.","Gordon et al.",1993,"Communications in Soil Science and Plant Analysis","24","Tillage and nitrogen effects on growth, nitrogen content, and yield of corn","421-441"
176,"10.2136/sssaj1993.03615995005700020034x","Mahboubi, A.A., Lal, R., & Faussey, N.R.","Mahboubi et al.",1993,"Soil Science Society of America Journal","57","Twenty-eight years of tillage effects on two soils in Ohio","506-512"
177,"10.2136/sssaj1993.03615995005700040029x","Owens, L.B. & Edwards, W.M.","Owens & Edwards",1993,"Soil Science Society of America Journal","57","Tillage studies with a corn-soybean rotation: surface runoff chemistry","1055-1060"
178,"10.1111/j.1570-7458.1993.tb01714.x","Tonhasca, Jr., A.","Tonhasca",1993,"Entomologia Experimentalis et Applicata","68","Carabid beetle assemblage under diversified agroecosystems","279-285"
179,"10.1016/0167-8809(94)90075-2","Tonhasca, Jr., A.","Tonhasca",1994,"Agriculture, Ecosystems and Environment","48","Response of soybean herbivore to two agronomic practices increasing agroecosystem diversity","57-65"
180,"10.2136/sssaj1994.03615995005800020038x","Lal, R., Mahboubi, A.A., & Fausey, N.R.","Lal et al.",1994,"Soil Science Society of America Journal","58","Long-term and rotation effects on properties of a central Ohio soil","517-522"
181,"10.1016/0167-1987(94)90082-5","Joshi, J.R., Moncrief, J.F., Swan, J.B., & Malzer, G.L.","Joshi et al.",1994,"Soil & Tillage Research","31","Long-term conservation tillage and liquid dairy manure effects on maize. II. Nitrate concentration in soil water.","225-233"
182,"10.1016/0167-1987(94)90081-7","Joshi, J.R., Moncrief, J.F., Swan, J.B., & Burford, P.M.","Joshi et al.",1994,"Soil & Tillage Research","31","Long-term conservation tillage and liquid dairy manure effects on maize. I. Nitrogen availability","211-224"
183,"10.2134/agronj1995.00021962008700030004x","Stecker, J.A., Buchholz, D.D., Hanson, R.G., Wollenhaupt, N.C., & McVay, K.A.","Stecker et al.",1995,"Agronomy Journal","87","Tillage and rotation efffects on corn yield response to fertilizer nitrogen on Aqualf soils","409-415"
184,"10.1016/0167-1987(95)00470-D","Iragavarapu, T.K. & Randall, G.W.","Iragavarapu & Randall",1995,"Soil & Tillage Research","34","Yield and nitrogen uptake of monocropped maize from a long-term tillage experiment on a poorly drained soil","145-156"
185,"10.2134/jpa1996.0241","West, T.D, Griffith, D.R., Steinhardt, G.C., Kladivko, E.J., & Parsons, S.D.","West et al.",1996,"Journal of Production Agriculture","9","Effect of tillage and rotation on agronomic performance of corn and soybean: Twenty-year study on dark silty clay loam soil","241-248"
186,"10.1016/0167-1987(95)01004-1","Lal, R.","Lal",1996,"Soil & Tillage Research","37","Axle load and tillage effects on crop yields on a Mollic Ochraqualf in Northwest Ohio","143-160"
187,"10.13031/2013.27631","Ghidey, F. & Alberts, E.E.","Ghidey & Alberts",1996,"Transactions of the ASAE","39(4)","Comparison of measured and WEPP predicted runoff and soil loss for midwest claypan soil","1395-1402"
188,"10.2134/jeq1996.00472425002500040010x","Weed, D.A.J. & Kanwar, R.S.","Weed & Kanwar",1996,"Journal of Environmental Quality","25","Water quality - Nitrate and water present in flowing from root-zone soil","709-719"
189,"10.2134/agronj1999.914643x","Kessavalou, A. & Walters, D.T.","Kessavalou & Walters",1997,"Agronomy Journal","89","Winter rye as a cover crop following soybean under conservation tillage","68-74"
190,"10.1016/S0038-0717(96)00038-7","Jordan, D., Stecker, J.A., Cacnio-Hubbard, V.N., Li, F., Gantzer, C.J., & Brown, J.R.","Jordan et al.",1997,"Soil Biology & Biochemistry","29(3/4)","Earthworm activity in a no-tillage and conventional tillage systems in Missouri soils: A preliminary study","489-491"
191,"Unavailable","Gilley, J.E., Doran, J.W., Karlen, D.L., & Kaspar, T.C.","Gilley et al.",1997,"Journal of Soil and Water Conservation","52(3)","Runoff, erosion, and soil quality characteristics of a former Conservation Reserve Program site","189-193"
192,"10.1016/S0261-2194(96)00104-4","Hammond, R.B.","Hammond",1997,"Crop Protection","16(3)","Long-term conservation tillage studies: impact of no-till on seedcorn maggot (Diptera: Anthomyiidae)","221-225"
193,"10.1016/S0933-3630(96)00127-4","Mahboubi, A.A., Lal, R., & Faussey, N.R.","Mahboubi & Lal",1998,"Soil & Tillage Research","45","Long-term tillage effects on changes in structural properties of two soils in central Ohio","107-118"
194,"10.1016/S0167-1987(98)00095-6","Flowers, M.D. & Lal, R.","Flowers & Lal",1998,"Soil & Tillage Research","48","Axle load and tillage effects on soil physical properties and soybean grain yields on a mollic ochraqualf in northwest Ohio","21-35"
195,"10.2134/agronj1998.00021962009000050011x","Sims, A.L., Schepers, J.S., Olson, R.A., & Power, J.F.","Sims et al.",1998,"Agronomy Journal","90","Irrigated corn yield and nitrogen accumulation response in a comparison of no-till and conventional till: tillage and surface-residue variables","630-637"
196,"10.1016/S0038-0717(98)00041-8","Wagai, R., Brye, K.R., Gower, S.T., Norman, J.M., & Bundy, L.G.","Wagai et al.",1998,"Soil Biology & Biochemistry","30(12)","Land use and environmental factors influencing soil surface CO2 flux and microbial biomass in natural and managed ecosystems in sourthern Wisconsin","1501-1509"
198,"10.2134/jpa1991.0571","Lueschen, W.E., Evans, S.D., Ford, J.H., Hoverstand, T.R., Kanne, B.K., Orf, J.H., Staricka, J.A., Stienstra, W.C., Warnes, D.D., & Hicks, D.R.","Lueschen et al.",1991,"Journal of Production Agriculture","4","Soybean production as affected by tillage in a corn and soybean management system: I. Cultivar response","571-579"
199,"10.1016/S0167-1987(98)00148-2","Lowery, B., Hartwig, R.C., Stoltenberg, D.E., Fermanich, K.J., & McSweeney, K.","Lowery et al.",1998,"Soil & Tillage Research","48","Groundwater quality and crop-yield responses to tillage management on a Sparta sand","225-237"
200,"10.2136/sssaj1999.03615995006300010028x","Logsdon, S.D., Kaspar, T.C., & Cambardella","Logsdon et al.",1999,"Soil Science Society of America Journal","63","Depth-incremental soil properties under no-till or chisel management","197-200"
201,"10.1094/PHYTO.1999.89.3.204","Workneh, F., Tylka, G.L., Yang, X.B., Faghihi, J., & Ferris, J.M.","Workneh et al.",1999,"Phytopathology","89","Regional assessment of soybean brown stem rot, Phytophthora sojae, and Heterodera glycines using area-frame sampling: Prevalence and effects of tillage","204-211"
202,"10.1300/J064v14n04_07","Lal, R.","Lal",1999,"Journal of Sustainable Agriculture","14(4)","Long-term tillage and wheel traffic effects on soil quality for two central Ohio soils","67-84"
203,"10.1300/J064v14n04_06","Lal, R.","Lal",1999,"Journal of Sustainable Agriculture","14(4)","Soil compaction and tillage effects on soil physical properties of a mollic ochraqualf in northwest Ohio","53-65"
204,"10.2134/jpa1999.0293","Elmore, R.W. & Ferguson, R.B.","Elmore & Ferguson",1999,"Journal of Production Agriculture","12(2)","Mid-season stalk breakage in corn: hybrid and environmental factors","293-299"
205,"10.2134/jpa1999.0269","Cahoon, J.E., Eisenhauer, D.E., Elmore, R.W., Roeth, F.W., Doupnik, Jr., B., Selley, R.A., Frank, K., Ferguson, R.B., Lorenz, M., & Young, L.J.","Cahoon et al.",1999,"Journal of Production Agriculture","12","Grains and oil crops. Corn yield response to tillage and furrow irrigation","269-275"
206,"10.1017/S0043174500092195","Felix, J. & Owen, M.D.K.","Feliz & Owen",1999,"Weed Science","47","Weed population dynamics in land removed from the conservation reserve program","511-517"
207,"10.1094/PHYTO.1999.89.10.844","Workneh, F., Yang, X.B., & Tylka, G.L.","Workneh et al.",1999,"Phytopathology","89","Soybean brown stem rot, Phytophthora sojae, and Heterodera glycines affected by soil texture and tillage relations","844-850"
208,"10.1093/ee/28.6.1052","Marshall, S.D. & Rypstra, A.L.","Marshall & Rypstra",1999,"Environmental Entomology","28(6)","Patterns in the distribution of two wolf spiders (Araneae: Lycosidae) in two soybean agroecosystems","1052-1059"
209,"Unavailable","Marsh, B.H.","Marsh",1997,"Report of Progress 787",NA,"Runoff contaminants from reduced tillage systems","7-May"
210,"10.1016/S0167-1987(00)00087-8","Lal, R. & Ahmadi, M.","Lal & Ahmadi",2000,"Soil & Tillage Research","54","Axle load and tillage effects on crop yield for two soils in central Ohio","111-119"
211,"10.1016/S0167-1987(00)00110-0","Clapp, C.E., Allmaras, R.R., Layese, MF., Linden, D.R., & Dowdy, R.H.","Clapp et al.",2000,"Soil & Tillage Research","55","Soil organic carbon and 13C abundance as related to tillage, crop residue, and nitrogen fertilization under continuous corn management in Minnesota","127-142"
212,"10.1016/S0167-1987(00)00139-2","Linden, D.R., Clapp, C.E., & Dowdy, R.H.","Linden et al.",2000,"Soil & Tillage Research","56","Long-term corn grain and stover yields as a function of tillage and residue removal in east central Minnesota","167-174"
213,"10.13031/2013.3059","Bakhsh, A., Kanwar, R.S., Cambardella, C.A., Colvin, T.S., Moorman, T.B., & Bailey, T.B.","Bakhsh et al.",2000,"Transactions of the ASAE","43(6)","Tillage and nitrogen management effects on crop yield and residual soil nitrate","1589-1595"
214,"10.13031/2013.2306","Gorneau, W.S., Franti, T.G., Benham, B.L., & Comfort, S.D.","Gorneau et al.",2001,"Transactions of the ASAE","44(1)","Reducing long-term atrazine runoff from south central Nebraska","45-52"
215,"10.1094/PDIS.2001.85.3.311","Chen, S.Y., Stienstra, W.C., Lueschen, W.E., & Hoverstad, T.R.","Chen et al.",2001,"Plant Disease","85","Response of Heterodera glycines and soybean cultivar to tillage and row spacing","311-316"
216,"10.1016/S0167-1987(01)00174-X","Pikul, Jr., J.L., Carpenter-Boggs, L., Vigil, M., Schumacher, T.E., Lindstrom, M.J., & Riedell, W.E.","Pikul et al.",2001,"Soil & Tillage Research","60","Crop yield and soil condition under ridge and chisel-plow tillage in the northern Corn Belt, USA","21-33"
217,"10.1094/PHYTO.2001.91.6.534","Gavassoni, W.L., Tylka, G.L., & Munkvold, G.P.","Gavassoni et al.",2001,"Phytopathology","91","Relationships between tillage and spatial patterns of Heterodera glycines","534-545"
218,"10.2134/agronj2001.934850x","Shapiro, C.A., Holshouser, D.L., Kranz, W.L., Shelton, D.P., Witkowski, J.F., Jarvi, K.J., Echtenkamp, G.W., Lunz, L.A., Frerichs, R.D., Brentlinger, R.L., Lubberstedt, M.A., McVey McClucksey, M., & Stroup, W.W.","Shapiro et al.",2001,"Agronomy Journal","93","Tillage and management alternatives for returning conservation reserve program land to crops","850-862"
219,"Unavailable","Hinkel, K.M.","Hinkel",2002,"Agricultural Practices and Policies for Carbon Sequestration in Soil, Chapter 17. Eds. Kimble, Lal & Follett",NA,"Changes in the thermal and moisture regimes in the plow zone under corn following no-till implementation","207-222"
220,"10.1016/S0167-1987(01)00267-7","Tapela, M. & Colvin, T.S.","Tapela & Colvin",2002,"Soil & Tillage Research","64","Quantifying seedbed condition using soil physical properties","203-210"
221,"10.2134/jeq2002.7690","Brye, K.R., Andraski, T.W., Jarrell, W.M., Bundy, L.G., & Norman, J.M.","Brye et al.",2002,"Journal of Environmental Quality","31(3)","Phosphorous leaching under a restored tallgrass prairie and corn agroecosystems","769-781"
222,"10.1614/0043-1745(2002)050[0448:CRATSE]2.0CO;2","Cardina, J., Herms, C.P., & Doohan, D.J.","Cardina et al.",2002,"Weed Science","50","Crop rotation and tillage system effects on weed seedbanks","448-460"
223,"10.13031/2013.11430","Bakhsh, A., Kanwar, R.S., Bailey, T.B., Cambardella, C.A., & Karlen, D.","Bakhsh et al.",2002,"Transactions of the ASAE","45(6)","Cropping system effects on N3O3-N loss with subsurface drainage water","1789-1797"
224,"10.1081/CSS-120024062","Eivazi, F., Bayan, M.R., & Schmidt, K.","Eivazi et al",2003,"Communications in Soil Science and Plant Analysis","34(15-16)","Select soil enzyme activities in the historic Sanborn field as affected by long-term cropping systems","2259-2275"
225,"10.1081/CSS-120018974","Seybold, C.A., Grossman, R.B., & Peirce, F.J.","Seybold et al.",2003,"Communications in Soil Science and Plant Analysis","34(5-6)","On-site assessment of use-dependent soil properties in Michigan","765-780"
226,"10.1023/A:1023304130514","Brye, K.R., Norman, J.M., Gower, S.T., & Bundy, L.G.","Brye et al.",2003,"Biogeochemistry","63","Effects of management practices on annual net N-mineralization in a restored prairie and maize agroecosystems","135-160"
227,"10.1016/S0167-8809(03)00067-7","Brye, K.R., Norman, J.M., Gower, S.T., & Bundy, L.G.","Brye et al.",2003,"Agriculture, Ecosystems and Environment","97","Methodological limitations and N-budget differences among a restored tallgrass prairie and maize agroecosystems","181-198"
228,"10.2134/jeq2003.1782","Andraski, T.W., Bundy, L.G., & Kilian, K.C.","Andraski et al.",2003,"Journal of Environmental Quality","32(5)","Manure history and long-term tillage effects on soil properties and phosphorous losses in runoff","1782-1788"
229,"10.2134/agronj2003.1146","Pedersen, P. & Lauer, J.G.","Pedersen & Lauer",2003,"Agronomy Journal","95","Soybean agronomic response to management systems in the upper Midwest","1146-1151"
230,"10.1097/01.ss.0000100470.96182.4a","Shukla, M.K., Lal, R., & Ebinger, M.","Shukla et al.",2003,"Soil Science","168(11)","Tillage effects on physical and hydrological properties of a typic argiaquoll in central Ohio","802-811"
231,"10.2134/agronj2004.0502","Vetsch, J.A. & Randall, G.W.","Vetsch & Randall",2004,"Agronomy Journal","96","Corn production as affected by nitrogen application timing and tillage","502-509"
232,"10.2134/agronj2004.4250","Wilhelm, W.W. & Wortmann, C.S.","Wilhelm & Wortmann",2004,"Agronomy Journal","96","Tillage and rotation interactions for corn and soybean grain yield as affected by precipitation and air temperature","425-432"
233,"10.2134/agronj2004.0723","Yin, Xinhua & Al-Kaisi, M.M.","Yin & Al-Kaisi",2004,"Agronomy Journal","96","Periodic response of soybean yields and economic returns to long-term no-tillage","723-733"
234,"10.1016/j.still.2003.12.007","Ekenler, M. & Tabatabai, M.A.","Ekenler & Tabatabai",2004,"Soil & Tillage Research","77","Arylamidase and amidohydrolases in soils as affected by liming and tillage systems","157-168"
235,"10.1016/j.still.2004.02.011","Al-Kaisi, M.M. & Yin, X.","Al-Kaisi & Yin",2004,"Soil & Tillage Research","78","Stepwise time response of corn yield and economic return to no tillage","91-101"
236,"10.2134/agronj2004.1164","Al-Kaisi, M.M. & Licht, M.A.","Al-Kaisi & Licht",2004,"Agronomy Journal","96","Effect of strip tillage on corn nitrogen uptake and residual soil nitrate accumulation compared with no-tillage and chisel plow","1164-1171"
237,"10.1002/aheh.200300534","Brye, K.R. & Norman, J.M.","Brye & Norman",2004,"acta hydrochemical hydrobiologica","32","Land-use effects on anion-associated cation leaching in response to above-normal precipitation","235-248"
238,"10.1016/j.still.2004.03.017","Licht, M.A. & Al-Kaisi, M.","Licht & Al-Kaisi",2005,"Soil & Tillage Research","80","Strip-tillage effect on seedbed soil temperature and other soil physical properties","233-249"
239,"10.1016/j.still.2004.03.018","Puget, P. & Lal, R.","Puget & Lal",2005,"Soil & Tillage Research","80","Soil organic carbon and nitrogen in a Mollisol in central Ohio as affected by tillage and land use","201-213"
240,"10.1080/00103620500257259","Senwo, Z.N. & Tabatabai, M.A.","Senwo & Tabatabai",2005,"Communications in Soil Science and Plant Analysis","36","Aspartase activity of soils under different management systems","2575-2582"
241,"10.2134/jeq2005.0437","Al-Kaisi, M.M. & Yin, X.","Al-Kaisi & Yin",2005,"Journal of Environmental Quality","34","Tillage and crop residue effects on soil carbon and carbon dioxide emission in corn-soybean rotations","437-445"
242,"10.1016/j.agee.2004.08.002","Al-Kaisi, M.M., Yin, X., & Licht, M.A.","Al-Kaisi et al.",2005,"Agriculture, Ecosystems and Environment","105","Soil carbon and nitrogen changes as influenced by tillage and cropping systems in some Iowa soils","635-647"
243,"10.1614/WS-04-129R1","Liphadzi, K.B., Al-Khatib, K., Bensch, C.N., Stahlman, P.W., Dille, J.A., Todd, T., Rice, C.W., Horak, M.J. & Head, G.","Liphadzi et al.",2005,"Weed Science","53","Soil microbial and nematode communities as affected by glyphosate and tillage practices in a glyphosate-resistant cropping system","536-545"
244,"10.1016/j.apsoil.2005.02.014","Al-Kaisi, M.M., Yin, X., & Licht, M.A.","Al-Kaisi et al.",2005,"Applied Soil Ecology","30","Soil carbon and nitrogen changes as affected by tillage system and crop biomass in a corn-soybean rotation","174-191"
245,"10.2136/sssaj2005.0129","Mallarino, A.P. & Borges, R.","Mallarino & Borges",2006,"Soil Science Society of America Journal","70(2)","Phospohorous and potassium distribution in soil following long-term deep-band fertilization in different tillage systems","702-707"
246,"10.2136/sssaj2005.0249","McVay, K.A., Budde, J.A., Fabrizzi, K., Mikha, M.M., Rice, C.W., Schlegel, A.J., Peterson, D.E., Sweeney, D.W., & Thompson, C.","McVay et al.",2006,"Soil Science Society of America Journal","70","Management effects on soil physical properties in long-term tillage studies in Kansas","434-438"
247,"10.2136/sssaj2005.0083","Omonode, R.A., Gal, A., Stott, D.E., Abney, T.S., & Vyn, T.J.","Omonode et al.",2006,"Soil Science Society of America Journal","70","Short-term versus continuous chisel and no-till effects on soil carbon and nitrogen","419-425"
248,"10.2134/agronj2005.0177","Kwaw-Mensah, D. & Al-Kaisi, M.","Kwaw-Mensah & Al-Kaisi",2006,"Agronomy Journal","98","Tillage and nitrogen source and rate effects on corn response in corn-soybean rotation","507-513"
249,"10.1201/9781420032291.ch8","Reicosky, D.C.","Reicosky",2002,"Agricultural practices and polices for carbon sequestration in soil (book)",NA,"Long-term effect of moldboar plowing on tillage-induced CO2 loss","87-97"
250,"10.1016/j.still.2005.04.013","Wairiu, M. & Lal, R.","Wairiu & Lal",2006,"Soil & Tillage Research","88","Tillage and land use effects on soil microporosity in Ohio, USA and Kolombangara, Solomon Islands","80-84"
251,"10.2134/jeq2005.0183","Parkin, T.B. & Kaspar, T.C.","Parkin & Kaspar",2006,"Journal of Environmental Quality","35","Nitrous oxide emissions from corn-soybean systems in Midwest","1496-1506"
252,"10.1890/1051-0761(2006)016[1619:PETCOS]2.0.CO;2","Costamagna, A.C. & Landis, D.A.","Costamagna & Landis",2006,"Ecological Applications","16(4)","Predators exert top-down control of soybean aphid across a gradient of agricultural management systems","1619-1628"
253,"10.1016/j.still.2005.07.015","Dolan, M.S., Clapp, C.E., Allmaras, R.R., Baker, J.M., & Molina, J.A.E.","Dolan et al.",2006,"Soil & Tillage Research","89","Soil organic carbon and nitrogen in a Minnesota soil as related to tillage, residue and nitrogen management","221-231"
254,"10.1016/j.still.2006.07.004","Reicosky, D.C. & Archer, D.W.","Reicosky & Archer",2007,"Soil & Tillage Research","94","Moldboard plow tillage depth and short-term carbon dioxide release","109-121"
255,"10.13031/2013.23633","Bakhsh, A. & Kanwar, R.S.","Bakhs & Kanwar",2007,"Transactions of the ASABE","50(4)","Tillage and N application rates affect on corn and soybean yields and NO3-N leaching losses","1189-1198"
256,"Unavailable","Chen, S. & Liu, S.","Chen & Liu",2007,"Nematropica","37","Effects of tillage and crop sequence on parasitism of Heterodera glycines juveniles by Hirsutella Spp. and on juvenile population density","93-106"
257,"10.2134/agronj2006.0261","Garcia, J.P., Wortmann, C.S., Mamo, M., Drijber, R., & Tarkalson, D.","Garcia et al.",2007,"Agronomy Journal","99(4)","One-time tillage of no-till: Effects on nutrients, mycorrhizae, and phosphorous uptake","1093-1103"
258,"10.1094/ PDIS-91-8-0973","Gavassoni, W.L., Tylka, G.L., & Munkvold, G.P.","Gavassoni et al.",2007,"Plant Disease","91","Effects of tillage practices on dissemination and spatial patterns of Heterodera glycines and soybean yield","973-978"
259,"10.1016/j.still.2006.12.004","Omonode, R.A., Vyn, T.J., Smith, D.R., Hegymegi, P., & Gal, A.","Omonode et al.",2007,"Soil & Tillage Research","95","Soil carbon dioxide and methane fluxed from long-term tillage systems in continuous corn and corn-soybean rotations","182-195"
260,"10.1016/j.still.2007.02.007","Gal, A., Vyn, T.J., Micheli, E., Kladivko, E.J., & McFee, W.W.","Gal et al.",2007,"Soil & Tillage Research","96","Soil carbon and nitrogen accumulation with long-term no-till versus moldboard plowing overestimated with tilled-zone sampling depths","42-51"
261,"10.2134/agronj2007.0012","Al-Kaisi, M. & Kwaw-Mensah. D.","Al-Kaisi & Kwaw-Mensah",2007,"Agronomy Journal","99","Effect of tillage and nitrogen rate on corn yield and nitrogen and phosphorous uptake in a corn-soybean rotation","1548-1558"
262,"10.2134/agronj2006.0364","Archer, D.W., Jaradat, A.A., Johnson, J.M-F., Weyers, S.L., Gesch, R.W. Forcella, F., & Kludze, H.K.","Archer et al.",2007,"Agronomy Journal","99(6)","Crop productivity and economics during the transition to alternative cropping system","1538-1547"
263,"10.1080/01904160802403102","Viswakumar, A., Mullen, R.W., Sundermeiter, A., & Dygert, C.E.","Viswakumar et al.",2008,"Journal of Plant Nutrition","31(11)","Tillage and nitrogen application methodology impacts on corn grain yield","1963-1974"
264,"10.2136/sssaj2007.0233","Blanco-Canqui, H. & Lal, R.","Blanco-Canqui & Lal",2008,"Soil Science Society of America Journal","72","No-tillage and soil-profile carbon sequestration: An on-farm assessment","693-701"
265,"10.2134/jeq2007.0392","Dolliver, H. & Gupta, S.","Dolliver & Gupta",2008,"Journal of Environmental Quality","37","Antiobiotic losses in leaching and surface runoff from manure-amended agricultural land","1227-1237"
266,"10.1016/j.still.2008.04.012","Abid, M. & Lal, R.","Abid & Lal",2008,"Soil & Tillage Research","100","Tillage and drainage impact on soil quality I. Aggregate stability, carbon and nitrogen pools","89-98"
267,"10.13031/2013.25954","Lamm, F.R., Aiken, R.M., & Abou Kheira, A.A.","Lamm et al.",2009,"Transactions of the ASABE","52(1)","Corn yield and water use characteristics as affected by tillage, plant density, and irrigation","133-143"
268,"10.2136/sssaj2007.0336","Christopher, S.F. , Lal, R., & Mishra, U.","Christopher et al.",2009,"Soil Science Society of America Journal","73","Regional study of no-till effects on carbon sequestration in the Midwestern United States","207-216"
269,"10.2136/sssaj2007.0184","Pikul, Jr., J.L., Carpenter-Boggs, L., Vigil, M., Schumacher, T.E., Lindstrom, M.J., & Riedell, W.E.","Pikul et al.",2009,"Soil Science Society of America Journal","73","Organic matter and water stability of field aggregates affected by tillage in South Dakota","197-206"
270,"10.1016/j.still.2008.11.008","Ussiri, D.A.N. & Lal, R.","Ussiri & Lal",2009,"Soil & Tillage Research","104","Long-term tillage effects on soil carbon storage and carbon dioxide emissions in continuous corn cropping system from an alfisol in Ohio","39-47"
271,"10.1016/j.still.2009.03.006","Chatterjee, A. & Lal, R.","Chatterjee & Lal",2009,"Soil & Tillage Research","104","On farm assessment of tillage impact on soil carbon and associated soil quality parameters","270-277"
272,"10.1016/j.still.2009.03.001","Ussiri, D.A.N., Lal, R., & Jarecki, M.K.","Ussiri et al.",2009,"Soil & Tillage Research","104","Nitrous oxide and methane emissions from long-term tillage under a continuous corn cropping system in Ohio","247-255"
273,"10.1016/j.geoderma.2008.11.036","Blanco-Canqui, H. & Lal, R.","Blanco-Canqui & Lal",2009,"Geoderma","149","Extent of soil water repellency under long-term no-till soils","171-180"
274,"10.1016/j.still.2008.11.004","Abid, M. & Lal, R.","Abid & Lal",2009,"Soil & Tillage Research","103","Tillage and drainage impact on soil quality II. Tensile strength of aggregates, moisture retention and water infiltration","364-372"
275,"10.1016/j.still.2010.02.005","Mishra, U., Ussiri, D.A.N., & Lal, Rattan","Mishra et al.",2010,"Soil & Tillage Research","107","Tillage effects on soil organic storage and dynamics in Corn Belt of Ohio USA","88-96"
276,"10.2136/sssaj2009.0362","Varvel, G.E. & Wilhelm, W.W.","Varvel & Wilhelm",2010,"Soil Science Society of America Journal","74(3)","Long-term soil organic carbon as affected by tillage and cropping systems","915-921"
277,"10.5433/1679-0359.2011v32n3p983","Holanda, F.S.R., Pedrotti, A., Mengel, D.B., de Carvalho, J.G., da Silva, T.O., & Mello, Jr., A.V.","Holanda et al.",2011,"Semina: Ci<ea>ncias Agr<e1>rias","32(3)","Contribution of tillage systems on the organic matter of Gley soil and the productivity of corn and soybean","983-993"
278,"10.2136/sssaj2009.0147","Omonode, R.A., Smith, D.R., Gal, A., & Vyn, T.J.","Omonode et al.",2011,"Soil Science Society of America Journal","75(1)","Soil nitrous oxide emissions in corn following three decades of tillage and rotation treatments","152-163"
279,"10.1017/S0014479710000979","Fathelrahman, E.M., Ascough II, J.C., Hoag, D.L., Malone, R.W., & Heilman, P.","Fathelrahman et al.",2011,"Experimental Agriculture","47","Economic and stochastic efficiency comparison of experimental systems in corn and soybean under risk","111-136"
280,"10.1016/j.still.2010.11.003","Houx III, J.H., Weibold, W.J., & Fritschi, F.B.","Houx et al.",2011,"Soil & Tillage Research","112","Long-term tillage and crop rotation determines the mineral nutrient distributions of some elements in a Vertic Epiaqualf","27-35"
281,"10.1016/j.still.2011.03.005","Varvel, G.E. & Wilhelm, W.W.","Varvel & Wilhelm",2011,"Soil & Tillage Research","114","No-tillage increases soil profile carbon and nitrogen under long-term rainfed cropping systems","28-36"
282,"10.2134/jeq2011.0039","Venterea, R.T., Maharjan, B., & Dolan, M.S.","Venterea et al.",2011,"Journal of Environmental Quality","40","Fertilizer source and tillage effects on yield-scaled nitrous oxide emissions in a corn cropping system","1521-1531"
283,"10.1039/c1em10120j","Nila Rekha, P., Kanwar, R.S., Nayak, A.K., Hoang, C.K., & Pederson, C.H.","Nila Rekha et al.",2011,"Journal of Environmental Monitoring","13","Nitrate leaching to shallow groundwater systems from agricultural fields with different management practices","2550-2558"
284,"10.2136/sssaj2010.0334","Sundermeier, A.P., Islam, K.R., Raut, Y., Reeder, R.C., & Dick, W.A.","Sundermeier et al.",2011,"Soil Science Society of America Journal","75(5)","Continuous no-till impacts on soil biophysical carbon sequestration","1779-1788"
285,"10.2134/agronj2011.0043","Conley, S.P., Gaska, J.M., Pederson, P., & Esker, P.","Conley et al.",2011,"Agronomy Journal","103","Soybean yield and Heterodera glycines response to rotation, tillage, and genetic resistance","1604-1609"
286,"10.2136/sssaj2012.0098","Kumar, S., Kadono, A., Lal, R., & Dick, W.","Kumar et al.",2012,"Soil Science Society of America Journal","76","Long-term tillage and crop rotations for 47<U+0096>49 years influences hydrological properties of two soils in Ohio","2195-2207"
287,"10.1016/j.still.2013.01.004","Al-Kaisi, M.M. & Guzman, J.G.","Al-Kaisi & Guzman",2013,"Soil & Tillage Research","129","Effects of tillage and nitrogen rate on decomposition of transgenic Bt and near-isogenic non-Bt maize residue","32-39"
288,"10.1016/j.agee.2013.03.014","Datta, A., Smith, P., & Lal, R.","Datta et al.",2013,"Agriculture, Ecosystems and Environment","171","Effects of long-term tillage and drainage treatments on greenhouse gas fluxes from a corn field during the fallow period","112-123"
289,"10.1016/j.agee.2013.02.003","Karlen, D.L., Kovar, J.L., Cambardella, C.A., & Colvin, T.S.","Karlen et al.",2013,"Soil & Tillage Research","130","Thirty-year tillage effects on crop yield and soil fertility indicators","24-41"
290,"10.1016/j.still.2013.05.013","Karlen, D.L., Cambardella, C.A., Kovar, J.L., & Colvin, T.S.","Karlen et al.",2013,"Soil & Tillage Research","13","Soil quality response to long-term tillage and crop rotation practices","54-64"
291,"10.2134/agronj2013.0181","Sindelar, A.J., Coulter, J.A., Lamb, J.A., & Vetsch, J.A.","Sindelar et al.",2013,"Agronomy Journal","105","Agronomic responses of continuous corn to stover, tillage, and nitrogen management","1498-1506"
292,"10.1080/0038768.2013.878643","Kumar, S., Nakajima, T., Mbonimpa, E.G., Gautam, S., Somireddy, U.R., Kadono, A., Lal, R., Chintala, R., Rafique, R., & Fausey, N.","Kumar et al.",2014,"Soil Science and Plant Nutrition","60","Long-term tillage and drainage influences on soil organic carbon dynamics, aggregate stability and corn yield","108-118"
293,"10.1007/s00374-013-0866-7","Jacinthe, P.A., Dick, W.A., Lal, R., Shrestha, R.K., & Bilen, S.","Jacinthe et al.",2014,"Biology and Fertility of Soils","50","Effects of no-till duration on the methane oxidation capacity of Alfisols","477-486"
294,"10.2134/jeq2013.10.0431","Blanco-Canqui, H., Ferguson, R.B., Shapiro, C.A., Drijber, R.A., & Walters, D.T.","Blanco-Canqui et al.",2014,"Journal of Environmental Quality","43","Does inorganic nitrogen fertilization improve soil aggregation? Insights from two long-term tillage experiments","995-1003"
295,"10.2489/jswc.69.9.574","Al-Kaisi, M.M., Douelle, A., & Dwaw-Mensah, D.","Al-Kaisi et al.",2014,"Journal of Soil and Water Conservation","69(6)","Soil microaggregate and macroaggregate decay over time and soil carbon change as influenced by different tillage systems","574-580"
296,"10.2489/jswc.69.9.574","Kumar, S., Nakajima, T., Kadona, A., Lal, R., & Fausey, N.","Kumar et al.",2014,"Journal of Soil and Water Conservation","69(6)","Long-term tillage and drainage influences on greenhouse gas fluxes from a poorly drained soil of central Ohio","553-563"
297,"10.2489/jswc.69.9.543","Campbell, B., Chen, L., Dygert, C., & Dick, W.","Campbell et al.",2014,"Journal of Soil and Water Conservation","69(6)","Tillage and crop rotation impacts on greenhouse gas fluxes from soil at two long-term agronomic experimental sites in Ohio","543-552"
298,"10.1111/ejss.12205","Beniston, J.W., Shipitalo, M.J., Lal, R., Dayton, E.A., Hopkins, D.W., Jones, F., Joynes, A., Dungait, J.A.J.","Beniston et al.",2015,"European Journal of Soil Science","66","Carbon and macronutrient losses during accelerated erosion under different tillage and residue management","218-225"
299,"10.2136/sssaj2014.08.0337","Sindelar, A.J., Lamb, J.A., & Coulter, J.A.","Sindelar et al.",2015,"Soil Science Society of America Journal","79","Short-term stover, tillage, and nitrogen management affect near-surface soil organic matter","251-260"
300,"10.2136/sssaj2014.07.0273","Kane, D.A., Snapp, S.S., & Davis, A.S.","Kane et al.",2015,"Soil Science Society of America Journal","79","Ridge tillage concentrates potentially mineralizable soil nitrogen, facilitating maize nitrogen uptake","81-88"
301,"Unavailable","Aziz, I., Bangash, N., Mahmood, T., & Islam, K.R.","Aziz et al.",2015,"Pakistan Journal of Botany","47(1)","Impact of no-till and conventional tillage practices on soil chemical properties","297-303"
302,"10.1016/j.apsoil.2015.01.007","Tenesaca, C.G. & Al-Kaisi, M.M.","Tenesaca & Al-Kaisi",2015,"Applied Soil Ecology","89","In-field management of corn cob and residue mix: Effect on soil greenhouse gas emissions","59-68"
303,"10.2134/agronj14.0535","Sindelar, A.J., Coulter, J.A., Lamb, J.A., & Vetsch, J.A.","Sindelar et al.",2015,"Agronomy Journal","107(3)","Nitrogen, stover, and tillage management affect nitrogen use efficiency in continuous corn","843-850"
304,"10.2134/agronj14.0470","Al-Kaisi, M.M., Archontoulis, S.V., Kwaw-Mensah, D., & Miguez, F.","Al-Kaisi et al.",2015,"Agronomy Journal","107(4)","Tillage and crop rotation effects on corn agronomic response and economic return at seven Iowa locations","1411-1424"
305,"10.2136/sssaj2015.01.0039","Pantoja, J.L, Woli, K.P., Sawyer, J.E., Barker, D.W., & Al-Kaisi, M.","Pantoja et al.",2015,"Soil Science Society of America Journal","79(4)","Stover harvest and tillage system effects on corn response to fertilizer nitrogen","1249-1260"
306,"10.1016/j.still.2015.03.005","Villamil, M.B., Little, J., & Nafziger, E.D.","Villamil et al.",2015,"Soil & Tillage Research","151","Corn residue, tillage, and nitrogen rate effects on soil properties","61-66"
307,"10.1016/j.geoderma.2015.04.002","Villamil, M.B. & Nafziger, E.D.","Villamil & Nafziger",2015,"Geoderma","253-254","Corn residue, tillage, and nitrogen rate effects on soil carbon and nutrient stocks in Illinois","61-66"
308,"10.1007/s12155-015-9586-1","Sindelar, A.J., Lamb, J.A., Coulter, J.A., Sheaffer, C.C., & Vetsch, J.A.","Sindelar et al.",2015,"Bioenergy Research","8(3)","Nitrogen and tillage management affect corn cellulosic yield composition, and ethanol potential","1284-1291"
309,"10.2134/agronj15.0085","Sindelar, A.J., Schmer, M.R., Jin, V.L., Wienhold, B.J., & Varvel, G.E.","Sindelar et al.",2015,"Agronomy Journal","107","Long-term corn and soybean response to crop rotation and tillage","2241-2252"
310,"10.1016/j.still.2015.06.015","Negassa, W., Price, R.F., Basir, A., Snapp, S.S., & Kravchenko, A.","Negassa et al.",2015,"Soil & Tillage Research","154","Cover crop and tillage systems effect on soil CO2 and N2O fluxes in contrasting topographic positions","64-74"
311,"10.1016/S0167-1987(97)00041-X","Varsa, E.C., Chong, S.K., Abolaji, D.A., Farquhar, D.A., & Olsen, F.J.","Varsa et al.",1997,"Soil & Tillage Research","43","Effect of deep tillage on soil physical characteristics and corn (Zea mays L.) root growth and production","219-228"
312,"10.1016/j.still.2015.05.006","Kibet, L.C., Blanco-Canqui, H., & Jasa, P.","Kibet et al.",2016,"Soil & Tillage Research","155","Long-term tillage impacts on soil organic carbon components and related properties on a Typic Argiudoll","78-84"
313,"10.2134/agronj2015.0331","Marburger, D.A., Mourtzinis, S., Gaska, J.M., & Conley, S.P.","Marburger et al.",2016,"Agronomy Journal","108","Do crop rotation and tillage influence soybean seed-applied inoculant decisions?","402-406"
314,"10.1016/j.still.2013.09.003","Nakajima, T. & Lal, R.","Nakajima & Lal",2014,"Soil & Tillage Research","135","Tillage and drainage management effect on soil gas diffusivity","71-78"
315,"10.1515/intag-2015-0030","Haruna, S.I. & Nkongolo, N.V.","Haruna & Nkongolo",2015,"International Agrophysics","29","Effects of tillage, rotation and cover crop on the physical properties of a silt-loam soil","137-145"
316,"10.1080/00103624.2016.1194993","Liu, M., Ussiri, D.A.N., & Lal, R.","Liu et al.",2016,"Communications in Soil Science and Plant Analysis","47(12)","Soil organic carbon and nitrogen fractions under different land uses and tillage","1528-1541"
317,"10.2134/agronj2015.0363","Al-Kaisi, M.M., Archontoulis, S., & Kwaw-Mensah, D.","Al-Kaisi et al.",2016,"Agronomy Journal","108","Soybean spatiotemporal yield and economic variability as affected by tillage and crop rotation","14-Jan"
318,"10.1111/gcb.12216","Ruan, L. & Robertson, G.P.","Ruan & Robertson",2013,"Global Change Biology","19","Initial nitrous oxide, carbon dioxide, and methane costs of converting conservation reserve program grassland to row crops under no-till vs. convetional tillage","2478-2489"
319,"10.1614/WT-D-16-00061.1","Farmer, J.A., Bradley, K.W., Young, B.G., Steckel, L.E., Johnson, W.G., Norsworthy, J.K., Davis, V.M., & Loux, M.M.","Farmer et al.",2017,"Weed Technology","31","Influence of tillage method on management of Amaranthus species in soybean","20-Oct"
320,"10.1080/01904167.2016.1264594","Karbo, A., Woodard, H.J., & Bly, A.","Karbo et al.",2017,"Journal of Plant Nutrition","40(8)","Crop production impacts on soil phosphorous removal and soil test levels","1172-1179"
321,"10.2134/agronj2016.09.0507","Lowry, C. & Brainard, D.C.","Lowry & Brainard",2017,"Agronomy Journal","109(3)","Rye-vetch spatial arrangement and tillage: Impacts on soil nitrogen and sweet corn roots","1013-1023"
322,"10.2135/cropsci2016.09.0792","Mourtzinis, S., Marburger, D., Gaska, J., Diallo, T., Lauer, J., Conley, S.","Mourtzinis et al.",2017,"Crop Science","57","Corn and soybean yield response to rillage, rotation, and nematicide seed treatment","9-Jan"
323,"10.1111/gcb.13637","Jin, V.L., Schmer, M.R., Stewart, C.E., Sindelar, A.J., & Varvel, G.E.","Jin et al.",2017,"Global Change Biology","23(7)","Long-term no-till and stover retention each decrease the global warming potential of irrigated continuous corn","2848-2862"
324,"10.2136/sssaj2016.14.0121","Alhameid, A., Ibrahim, M., Kumar, S., Sexton, P., & Schumacher, T.E.","Alhameid et al.",2017,"Soil Science Society of America Journal","81(4)","Soil organic carbon changes impacted by crop rotation diversity under no-till farming in South Dakota, USA","868-877"
325,"10.1016/j.still.2017.03.001","Blanco-Canqui, H., Wienhold, B.J., Jin, V.L., Schmer, M.R., & Leonard, C.K.","Blanco-Canqui et al.",2017,"Soil & Tillage Research","170","Long-term tillage impact on soil hydraulic properties","38-42"
326,"10.2136/sssaj1998.03615995006200060031x","Wander, M.M., Bidart, M.G., & Aref, S.","Wander et al.",1998,"Soil Science Society of America Journal","62","Tillage impacts on depth distribution of total and particulate organic matter in three Illinois Soils","1704-1711"
70,"10.1111/1365-2664.12924","Krupke, C.H., Holland, J.D., Long, E.Y., & Eitzer, B.D","Krupke et al.",2017,"Journal of Applied Ecology","54","Planting of neonicotinoid-treated maize poses risks for honey bees and other non-target organisms over a wide area without consistent crop yield benefit","1449-1458"
71,"10.1002/ps.4602","Krupke, C.H., Alford, A.M., Cullen, E.M., Hodgson, E.W., Knodel, J.J., McCornack, B., Potter, B.D., Spigler, M.I., Tilmon, K., & Welch, K.","Krupke et al.",2017,"Pest Management Science","73","Assessing the value and pest management window provided by neonicotinoid seed treatments for management of soybean aphid (Aphis glycines Matsumura) in the Upper Midwestern United States","2184-2193"
72,"10.1016/j.cropro.2017.03.004","Regan, K., Ordosch, D., Glover, K.D., Tilmon, K.J., & Szczepaniec A.","Regan et al.",2017,"Crop Protection","98","Effects of a pyrethroid and two neonicotinoid insecticides on population dynamics of key pests of soybean and abundance of their natural enemies","24-32"
73,"10.1094/PD-89-0262","Pataky, J.K., Michener, P.M., Freeman, N.D.,  Hawk, J.A., Weldekidan, T., & Teyker, R.H.","Pataky et al.",2005,"Plant Disease","89(3)","Rates of seed treatment insecticides and control of stewart's wilt in sweet corn","262-268"
74,"10.1016/0261-2194(92)90057-C","Oloumi-Sadeghi, H., Levine, E., Steffey, K.L., & Gray, M.E.","Oloumi-Sadeghi et al.",1992,"Crop Protection","11","Black cutworm damage and recovery of corn plants: influence of pyrethroid and organophosphate soil insecticide treatments","323-328"
75,"10.1016/j.cropro.2005.03.013","Bierman, R. E., Riechers, D. E., Sprague, C. L., Bollero, G., & Pedersen W. L.","Bierman et al.",2006,"Crop Protection","25","Fungicide-herbicide interaction in soybean (Glycine max)","134-139"
76,"10.1111/j.1439-0418.2011.01656.x","Tinsley, N. A., Steffey, K. L., Estes, R. E., Heeren, J. R., Gray, M. E., & Diers, B. W.","Tinsley et al.",2012,"Journal of Applied Entomology","136","Field-level effects of preventative management tactics on soybean aphids (Aphis glycines Matsumura) and their predators","361-371"
77,"10.1016/0261-2194(93)90096-2","Hammond, R. B. & Cooper, R. L.,","Hammond & Cooper",1993,"Crop Protection","12(7)","Interaction of planting times following the incorporaiton of a living, green cover crop and control measures on seedcorn maggot populations in soybean","539-543"
78,"10.1017/S0890037X00038793","Morton, C.A., Harvey, R.G., Wedberg, J.L., Kells, J.J., Landis, D.A., & Lueschen, W.E.","Morton et al.",1994,"Weed Technology","8(2)","Influence of corn rootworm insecticides on response of field corn (Zea mays) to Nicosulfuron","289-295"
79,"10.1093/jee/92.4.954","Haile, F.J., Peterson, R.K.D., & Higley, L.G.","Haile et al.",1999,"Journal of Economic Entomology","92(4)","Gas-exchange responses of alfalfa and soybean treated with insecticides","954-959"
80,"10.1093/jee/tov081","Frank, D.L., Kurtz, R., Tinsley, N.A., Gassmann, A.J., Meinke, L.J., Moellenbeck, D., Gray, M.E., Bledsoe, L.W., Krupke, C.H., estes, R.E., Weber, P., & Hibbards, B.E.","Frank et al.",2015,"Journal of Economic Entomology","108(3)","Effect of seed blends and soil-insecticide on Western and Northern Corn Rootworm emergence from mCry3A + eCry3.1Ab Bt maize","1260-1270"
81,"10.2135/cropsci2014.02.0114","Gaspar, A.P., Mitchell, P.D., & Conley, S.P.","Gaspar et al.",2015,"Crop Science","55","Economic risk and profitability of soybean fungicide and insecticide seed treatments at reduced seeding rates","924-933"
82,"10.2135/cropsci2014.03.0200","Gaspar, A.P., & Conley, S.P.","Gaspar & Conley",2015,"Crop Science","55","Responses of canopy reflectance, light interception, and soybean seed yield to replanting suboptimal stands","377-385"
83,"10.2134/agronj14.0277","Gaspar, A.P., Marburger, D.A., Mourtzinis, S., & Conley, S.","Gaspar et al.",2014,"Agronomy Journal","106","Soybean seed yield response to multiple seed treatment components across diverse environments","1955-1962"
84,"10.1603/EC14047","McCarville, M.T., O'Neal, M.E., Potter, B.D., Tilmon, K.J., Cullen, E.M., McCornack, B.P., Tooker, J.F., & Prischmann-Voldseth, D.A.","McCarville et al.",2014,"Journal of Economic Entomology","107(4)","One gene versus two: A regional study on the efficacy of single gene versus pyramided resistance for soybean aphid management","1680-1687"
85,"10.1111/j.1439-0418.2012.01716.x","Obopile, M., Hammond, R.B., & Thomison, P.R.","Obopile et al.",2013,"Journal of Applied Entomology","137","Interaction among planting dates, transgenic maize, seed treatment, corn rootworm damage and grain yield","45-55"
86,"10.2135/cropsci2011.06.0311","Esker, P.D., & Conley, S.P.","Esker & Conley",2012,"Crop Science","52","Probability of yield response and breaking even for soybean seed treatments","351-359"
87,"10.1007/s10658-009-9545-9","Rodriguez-Brljevich, C., Kanobe, C., Shanahan, J.F., & Robertson, A.E.","Rodriguez-Brljevich et al.",2010,"European Journal of Plant Pathology","126","Seed treatments enhance photosynthesis in maize seedlings by reducing infection with Fusarium spp. and consequent disease development in maize","343-347"
88,"10.1603/029.102.0613","Johnson, K.D., O'Neal, M.E., Ragsdale, D.W., Difon, C.D., Swinton, S.M., Dixon, P.M., Potter, B.D., Hodgson, E.W., & Costamagna, A.C.","Johnson et al.",2009,"Journal of Economic Entomology","102(6)","Probability of cost-effective management of soybean aphid (Hemiptera: Aphididae) in North America","2101-2108"
89,"10.1603/029.102.0127","Magalhaes, L.C., Hunt, T.E., & Siegfried, B.D.","Magalhaes et al.",2009,"Journal of Economic Entomology","102(1)","Efficacy of neonicotinoid seed treatments to reduce soybean aphid populations under field and controlled conditions in Nebraska","187-195"
90,"10.2134/agronj2007.0142","Murillo-Williams, A., & Pedersen, P.","Murillo-Williams & Pedersen",2008,"Agronomy Journal","100(3)","Arbuscular mycorrhizal colonization response to three seed-applied fungicides","795-800"
91,"10.1094/ PDIS-92-1-0120","Bradley, C.A.","Bradley",2008,"Plant Disease","92","Effect of fungicide seed treatments on stand establishment, seedling disease, and yield of soybean in North Dakota","120-125"
92,"10.1023/B:PLSO.0000016561.58742.93","Wang, D., Kurle, J.E., Estevex de Jensen, C., & Percich, J.A.","Wang et al.",2004,"Pland and Soil","258","Radiometric assessment of tillage and seed treatment effect on soybean root rot caused by Fusarium spp. in central Minnesota","319-331"
93,"Unavailable","Bradshaw, J.D., Rice, M.E., & Hill J. H.","Bradshaw et al.",2003,"Crop Science & Technology Congress Proceedings","1","Efficacy of pyrethroid and systemic neonicotinoid to manage an insect and pathogen complex","53-60"
94,"10.1094/PD-78-0817","Baird, R.E., Nankam, C., Fallah Moghaddam, P., & Pataky, J.K","Baird et al.",1994,"Plant Disease","78","Evaluation of seed treatments on Shrunken-2 sweet corn","817-821"
95,"10.1093/jee/101.4.1211","Bradshaw, J.D., Rice, M.E., & Hill, J.H.","Bradshaw et al.",2008,"Journal of Economic Entomology","101(4)","Evaluation of management strategies for bean leaf beetles (Coleoptera: Chrysomelidae) and Bean pod mottle virus (Comoviridae) in soybean","1211-1227"
96,"10.1094/ PDIS-93-9-0875","Dorrance, A. E., Robertson, A. E., Cianzo, S., Giesler, L. J., Grau, C. R., Draper, M. A., Tenuta, A. U., & Anderson, T. R.","Dorrance et al.",2009,"Plant Disease","93","Integrated management strategies for Phytophthora sojae combining host resistance and seed treatments","875-882"
1,"10.1097/SS.0b013e3181cf7959","Olson, K.R., Ebelhar, S.A. & Lang, J.M.","Olson et al.",2010,"Soil Science","175(2)","Cover crop diversity synthesis","89-98"
2,"10.1016/j.agwat.2012.03.010","Kaspar, T.C., Jaynes, D.B., Parkin, T.B., Moorman, T.B. & Singer, J.W.","Kaspar et al.",2012,"Agricultural Water Management","110","Effectiveness of oat and rye cover crops in reducing nitrate losses in drainage water","25-33"
3,"10.4137/ASWR.S30708","Grebliunas, B.D., Armstrong, S.D. & Perry W.L.","Grebliunas et al.",2016,"Air, Soil and Water Research","9","Changes in water-extractable organic carbon with cover crop planting under continuous corn silage production","45-54"
4,"10.1016/j.agee.2015.10.014","Welch, R.Y., Behnke, G.D., Davis, A.S., Masiunas, J. & Villamil, M.B.","Welch et al.",2016,"Agriculture, Ecosystems and Environment","216","Using cover crops in headlands of organic grain farms: Effects on soil properties, weeds and crop yields","322-332"
5,"10.1017/wet.2017.30","Loux, M.M., Dobbels, A.F., Bradley, K.W., Johnson, W.G., Young, B.G., Spaunhorst, D.J., Norsworthy, J.K., Palhano, M. & Steckel, L.E.","Loux et al.",2017,"Weed Technology","31","Influence of cover crops on management of Amaranthus Species in glyphosate- and glufosinate-resistant soybean","487-495"
6,"10.1017/S0890037X00027834","Johnson, G.A., Defelice, M.S. & Helsel, Z.R.","Johnson et al.",1993,"Weed Technology","7(2)","Cover crop management and weed control in Corn (Zea mays)","425-430"
7,"10.1016/j.agee.2009.05.008","Jarecki, M.K., Parkin, T.B., Chan, A.S.L., Kaspar, T.C., Moorman, T.B., Singer, J.W., Kerr, B.J., Hatfield, J.L. & Jones, R.","Jarecki et al.",2009,"Agriculture, Ecosystems and Environment","134","Cover crop effects on nitrous oxide emission from a manure-treated Mollisol","29-35"
8,"10.1614/WS-D-11-00192.1","Mock, V.A., Creech, J.E., Ferris, V.R., Faghihi, J., Westphal, A., Santini, J.B. & Johnson, W.G.","Mock et al.",2012,"Weed Science","60","Influence of winter annual weed management and crop rotation on soybean cyst nematode (Heterodera glycines) and winter annual weeds: Years four and five","634-640"
9,"http://www.jstor.org/stable/25085273","Hammond, R. B.","Hammond",1991,"Journal of the Kansas Entomological Society","64(2)","Seedcorn maggot (Diptera: Anthomyiidae) populations on Ohio Soybean","216-220"
10,"Unavailable","Johnson, T.J., Kaspar, T.C., Kohler, K.A., Corak, S.J., & Logsdon, S.D.","Johnson et al.",1998,"Journal of Soil and Water Conservation","53(3)","Oat and rye overseeded into soybean as fall cover crops in the upper Midwest","276-279"
11,"Unavailable","Williams, M.M. II, Mortensen, D.A., & Doran, J.W.","Williams et al.",2000,"Journal of Soil and Water Conservation","55(1)","No-tillage soybean performance in cover crops for weed management in western Corn Belt","79-84"
12,"10.2134/jeq2000.00472425002900010037x","Rasse, D.P., Ritchie, J.T., Peterson, W.R., Wei, J., & Smucker, A.J.M.","Rasse et al.",2000,"Journal of Environmental Quality","29(1)","Rye cover crop and nitrogen fertilization effects on nitrate leaching in inbred maize fields","298-304"
13,"Unavailable","Kaspar, T.C., Radke, J.K, & Laflen, J.M.","Kaspar et al.",2001,"Journal of Soil and Water Conservation","56(2)","Small grain cover crops and wheel traffic effects on infiltration, runoff, and erosion","160-164"
14,"10.2134/jeq2004.1010","Strock, J.S., Porter, P.M., & Russelle, M.P.","Strock et al.",2004,"Journal of Environmental Quality","33(3)","Cover cropping to reduce nitrate loss through subsurface drainage in the Northern U.S. Corn Belt","1010-116"
15,"10.1007/s10705-010-9345-9","Cambardella, C.A., Moorman, T.B., & Singer, J.W.","Cambardella et al.",2010,"Nutrient Cycling in Agroecosystems","87","Soil nitrogen response to coupling cover crops with manure injection","383-393"
16,"10.1603/EN10041","Lundgren, J.G, & Fergen, J.K","Lundgren & Fergen",2010,"Environmental Entomology","39(6)","The effects of a winter cover crop on Diabrotica virgifera (Coleoptera: Chrysomelidae) populations and beneficial arthropod communities in no-till maize","1816-1828"
17,"10.1016/j.agwat.2010.11.004","Qi, Z., Helmers, M.J., Kaleita, A.L.","Qi et al.",2010,"Agricultural Water Management","98","Soil water dynamics under various agricultural land covers on a subsurface drained field in north-central Iowa, USA","665-674"
18,"10.2134/jeq2011.0151","Qi, Z., Helmers, M.J., Christianson, R.D., & Pederson, C.H.","Qi et al.",2011,"Journal of Environmental Quality","40","Nitrate-nitrogen losses through subsurface drainage under various agricultural land covers","1578-1585"
19,"10.1603/EN11168","Koch, R.L., Porter, P.M., Harbur, M.M., Abrahamson, M.D., Wyckhuys, K.A.G., Ragsdale, D.W., Buchman, K., Sexen, Z., & Heimpel, G.E.","Koch et al.",2012,"Environmental Entomology","41(4)","Response of soybean insects to an autumn-seeded rye cover crop","750-760"
20,"10.2136/sssaj2013.02.0074","Mitchell, D.C., Castellano, M.J., Sawyer, J.E, & Pantoja, J.","Mitchell et al.",2013,"Soil Science Society of America Journal","77","Cover crop effects on nitrous oxide emission: Role of mineralizable carbon","1765-1773"
21,"10.2489/jswc.68.6.438","Krueger, E.S., Baker, J.M., Ochsner, T.E., Wente, C.D., Feyereisen, G.W. & Reicosky, D.C.","Krueger et al.",2013,"Journal of Soil and Water Conservation","68(6)","On-farm environmental assessment of corn silage production systems receiving liquid dairy manure","438-449"
22,"10.1080/21683565.2014.901275","Silva, E.M.","Silva",2014,"Agroecology and Sustainable Food Systems","38","Screening five fall-sown cover crops for use in organic no-till crop production in the upper Midwest","748-763"
23,"10.2489/jswc.69.6.564","Daigh, E.L., Helmers, M.J., Kladivko, E., Zhou, X., Goeken, R., Cavdini, J., Barker, D., & Sawyer, J.","Daigh et al.",2014,"Journal of Soil and Water Conservation","69(6)","Soil water during the drought of 2012 as affected by rye cover crops in fields in Iowa and Indiana","564-573"
24,"10.1007/s12665-014-3353-z","de Paul Obade, V. & Lal, R.","de Paul Obade & Lal",2014,"Journal of Environmental Earth Sciences","72","Soil quality evaluation under different land management practices","4531-4549"
25,"10.1111/gcbb.12096","Jarchow, M.E., Liebman, M., Dhungel, S., Dietzel, R., Sundberg, D., Anex, R.P., Thompson, M.L., & Chua, T.","Jarchow et al.",2015,"Global Change Biology Bioenergy","7","Trade-offs among agronomic, energetic, and environmental performance characteristics of corn and prairie bioenergy cropping systems","57-71"
26,"10.2134/agronj2009.0144","Stefani Fa<e9>, G., Sulc, R.M., Barker, D.J., Dick, R.P., Eastridge, M.L., & Lorenz, N.","Stefani Fae et al.",2009,"Agronomy Journal","101","Integrating winter annual forages into a no-till corn silage system","1286-1296"
27,"10.1515/intag-2015-0030","Haruna, S.I., & Nkongolo, N.V.","Haruna & Nkongolo",2015,"International Agrophysics","29","Effects of tillage, rotation and cover crop on the physical properties of a silt-loam soil","137-145"
28,"10.2136/sssaj2015.02.0084","Pantoja, J.L, Woli, K.P., Sawyer, J.E., & Barker, D.W.","Pantoja et al.",2015,"Soil Science Society of America Journal","79","Corn nitrogen fertilization requirement and corn-soybean productivity with a rye cover crop","1482-1495"
29,"10.1111/afe.12099","Koch, R.L., Sezen, Z., Porter, P.M., Ragsdale, D.W., Wyckhuys, K.A.G., & Heimpel, G.E.","Koch et al.",2015,"Agricultural and Forest Entomology","17","On-farm evaluation of a fall-seeded rye cover crop for suppression of soybean aphid (Hemiptera: Aphididae) on soybean","239-246"
30,"10.2134/jeq2015.02.0080","Daigh, A.L.M, Zhou, X., Helmers, M.J., Pederson, C.H., Horton, R., Jarchow, M., & Liebman, M.","Daigh et al.",2015,"Journal of Environmental Quality","44","Subsurface drainage nitrate and total reactive phosphorous losses in bioenergy-based prairies and corn systems","1638-1646"
31,"10.2135/cropsci2005.09.0306","Miguez, F.E., & Bollero, G.A.","Miguez & Bollero",2006,"Crop Science","46(4)","Winter cover crops in Illinois: Evaluation of ecophysiological characteristics of corn","1536-1545"
32,"10.2136/sssaj2013.09.0403","Blesh, J., & Drinkwater, L.E.","Blesh & Drinkwater",2014,"Journal of Soil Biology and Biochemistry","78","Retention of 15N-labeled fertilizer in an Illinois prairie soil with winter rye","496-508"
33,"10.2134/agronj13.0370","Acuna, J.C., & Villamil, M.B.","Acuna & Villamil",2014,"Agronomy Journal","106","Short-term effects of cover crops and compaction on soil properties and soybean production in Illinois","860-870"
34,"10.2134/agronj2004.0800","Ruffo, M.L., Bullock, D.G., & Bollero, G.A","Ruffo et al.",2004,"Agronomy Journal","96(3)","Soybean yield as affected by biomass and nitrogen uptake of cereal rye in winter cover crop rotation","800-805"
35,"10.2134/agronj2005.0052","Andraski, T.W., & Bundy, L.G.","Andraski & Bundy",2005,"Agronomy Journal","97(4)","Cover crop effects on corn yield response to nitrogen on an irrigated sandy soil","1239-1244"
36,"10.2136/sssaj2005.0095","Kaspar, T.C., Parkin, T.B., Jaynes, D.B., Cambardella, C.A., Meek, D.W., & Jung, Y.S.","Kaspar et al.",2006,"Soil Science Society of Americal Journal","70(4)","Examining changes in soil organic carbon with oat and rye cover crops using terrain covariates","1168-1177"
37,"10.2134/jeq2005.0183","Parkin, T.B., & Kaspar, T.C.","Parkin & Kaspar",2006,"Journal of Environmental Quality","35(4)","Nitrous oxide emissions from corn-soybean systems in the Midwest","1496-1506"
38,"0.2134/agronj2016.10.0613","Dozier, I.A., Behnke, G.D., Davis, A.S., Nafziger, E.D., & Villamil, M.B.","Dozier et al.",2017,"Agronomy Journal","109","Tillage and cover cropping effects on soil properties and crop production in Illinois","1261-1270"
39,"10.1016/j.fcr.2016.06.016","Martinez-Feria, R.A., Dietzel, R., Liebman, M., Helmers, M.J., & Sotirios, V.A.","Martinez-Feria et al.",2016,"Field Crops Research","196","Rye cover crop effects on maize: A system-level analysis","145-159"
40,"10.1016/j.agee.2016.07.003","Fox, A.F., Kim, T.N., Bahlai, C.A., Woltz, J.M., Gratton, C., & Landis, D.A.","Fox et al.",2016,"Agriculture, Ecosystems and Environment","232","Cover crops have neutral effects on predator communities and biological control services in annual cellulosic bioenergy cropping systems","101-109"
41,"10.1007/s12155-017-9858-z","Ruis, S.J., Blanco-Canqui, H., Jasa, P.J., Ferguson, R.B., & Slater, G.","Ruis et al.",2017,"Bioenergy Research","10","Can cover crop use allow increased levels of corn residue removal for biofuel in irrigated and rainfed systems?","992-1004"
42,"10.1017/wet.2017.23","Cornelius, C.D., & Bradley, K.W.","Cornelius & Bradley",2017,"Weed Technology","31","Influence of various cover crop species on winter and summer annual weed emergence in soybean","503-513"
43,"10.1093/ee/nvw177","Dunbar, M.W., Gassmann, A.J., & O'Neal, M.E.","Dunbar et al.",2017,"Environmental Entomology","46(2)","Limited impact of a fall-seeded, spring-terminated rye cover crop on beneficial arthropods","284-290"
44,"10.1097/SS.0000000000000187","Meng, Y., Chua-Ona, T., & Thompson, M.L.","Meng et al.",2016,"Soil Science","181(11/12)","Short-term nitrogen mineralization potential in soils of biofuel cropping systems","503-512"
45,"10.1016/j.still.2015.06.015","Negassa, W., Price, R.F., Basir, A., Snapp, S.S., & Kravchenko, A.","Negassa et al.",2015,"Soil & Tillage Research","154","Cover crop and tillage systems effect on soil CO2 and N2O fluxes in contrasting topographic positions","64-74"
46,"10.2135/cropsci2005.09-0296","Chen, S., Wyse, D.L., Johnson, G.A., Porter, P.M., Stetina, S.R., Miller, D.R., Betts, K.J., Klossner, L.D., & Haar, M.J.","Chen et al.",2006,"Crop Science","46(5)","Effect of cover crops alfalfa, red clover, and perennial ryegrass on soybean cyst nematode population and soybean and corn yields in Minnesota","1890-1897"
47,"10.1016/j.agwat.2016.04.006","Basche, A.D., Kaspar, T.C., Archontoulis, S.V., Jaynes, D.B., Sauer, T.J., Parkin, T.B., & Miguez, F.E.","Basche et al.",2016,"Agricultural Water Management","172","Soil water improvements with long-term use of winter rye cover crop","40-50"
48,"10.2134/jeq2013.12.0529","Lacey, C. & Armstrong, S.","Lacey & Armstrong",2014,"Journal or Environmental Quality","44","The efficacy of winter cover crops to stabilize soil inorganic nitrogen after fall-applied anhydrous ammonia","442-448"
49,"10.1094/PDIS-07-16-1067-RE","Wen, L., Lee-Marzano, S., Ortiz-Ribbing, L.M., Gruver, J., Hartman, G.L., & Eastburn, D.M.","Wen et al.",2017,"Plant Disease","101","Suppression of soilborne diseases of soybean with cover crops","1918-1928"
50,"10.2489/jswc.68.5.411","Grabber, J.J. & Jokela, W.E.","Grabber & Jokela",2012,"Journal of Soil and Water Conservation","68(5)","Off-season groundcover and runoff characteristics of perennial clover and annual grass companion crops for no-till corn fertilized with manure","411-418"
51,"10.2489/jswc.70.6.353","Kaspar, T.C., & Bakker, M.G.","Kaspar & Bakker",2015,"Journal of Soil and Water Conservation","70(6)","Biomass production of 12 winter cereal cover crop cultivars and their effect on subsequent no-till corn yield","353-364"
52,"10.2136/sssaj2014.10.0399","Wegner, B.R., Kumar, S., Osborne, S.L., Schumacher, T.E., Vahyala, I.E., & Eynard, A.","Wegner et al.",2015,"Soil Science Society of America Journal","79","Soil response to corn residue removal and cover crops in eastern South Dakota","1179-1187"
53,"10.1007/s12155-014-9413-0","Osborne, S.L., Johnson, J.M.F., Jin, V.L., Hammerbeck, A.L., Varvel, G.E., & Schumacher, T.E.","Osborne et al.",2014,"Bioenergy Research","7(2)","Impact of corn residue removal on soil aggregates and particulate organic matter","559-567"
54,"10.2489/jswc.72.3.260","Rorick, J.D. & Kladivko, E.J.","Rorick & Kladivko",2017,"Journal of Soil and Water Conservation","72","Cereal rye cover crop effects on soil carbon and physical properties in southeaster Indiana","260-265"
55,"10.2134/agronj1997.00021962008900010011x","Kessavalou, A. & Walters, D.T.","Kessavalou & Walters",1997,"Agronomy Journal","89","Winter rye as a cover crop following soybean under conservation tillage","68-71"
56,"10.2134/jpa1991.0062","Power, J.F., Doran, J.W., & Koerner, P.T.","Power et al.",1991,"Journal of Production Agriculture","4(1)","Hairy vetch as a winter cover crop for dryland corn production","62-67"
57,"10.2134/agronj1995.00021962008700060006x","Stute, J.K., & Posner, J.L.","Stute & Posner",1995,"Agronomy Journal","87","Synchrony between legume nitrogen release and corn demand in the Upper Midwest","1063-1069"
58,"Unavailable","Zhu, J.C., Gantzer, C.J., Anderson, S.H., Beuselinck, P.R., & Alberts, E.E.","Zhu et al.",1991,"Journal of Soil and Water Conservation","46(6)","Water-use evaluation of winter cover crops for no-till soybeans","450-456"
NA,NA,NA,NA,NA,NA,NA,NA,NA
NA,NA,NA,NA,NA,NA,NA,NA,NA
NA,NA,NA,NA,NA,NA,NA,NA,NA
NA,NA,NA,NA,NA,NA,NA,NA,NA
NA,NA,NA,NA,NA,NA,NA,NA,NA
NA,NA,NA,NA,NA,NA,NA,NA,NA
NA,NA,NA,NA,NA,NA,NA,NA,NA
NA,NA,NA,NA,NA,NA,NA,NA,NA
NA,NA,NA,NA,NA,NA,NA,NA,NA
NA,NA,NA,NA,NA,NA,NA,NA,NA
NA,NA,NA,NA,NA,NA,NA,NA,NA
NA,NA,NA,NA,NA,NA,NA,NA,NA
NA,NA,NA,NA,NA,NA,NA,NA,NA
NA,NA,NA,NA,NA,NA,NA,NA,NA
NA,NA,NA,NA,NA,NA,NA,NA,NA
NA,NA,NA,NA,NA,NA,NA,NA,NA
NA,NA,NA,NA,NA,NA,NA,NA,NA
NA,NA,NA,NA,NA,NA,NA,NA,NA
NA,NA,NA,NA,NA,NA,NA,NA,NA
NA,NA,NA,NA,NA,NA,NA,NA,NA
NA,NA,NA,NA,NA,NA,NA,NA,NA
NA,NA,NA,NA,NA,NA,NA,NA,NA
NA,NA,NA,NA,NA,NA,NA,NA,NA
NA,NA,NA,NA,NA,NA,NA,NA,NA
NA,NA,NA,NA,NA,NA,NA,NA,NA
NA,NA,NA,NA,NA,NA,NA,NA,NA
NA,NA,NA,NA,NA,NA,NA,NA,NA
NA,NA,NA,NA,NA,NA,NA,NA,NA
NA,NA,NA,NA,NA,NA,NA,NA,NA
NA,NA,NA,NA,NA,NA,NA,NA,NA
NA,NA,NA,NA,NA,NA,NA,NA,NA
NA,NA,NA,NA,NA,NA,NA,NA,NA
NA,NA,NA,NA,NA,NA,NA,NA,NA
NA,NA,NA,NA,NA,NA,NA,NA,NA
NA,NA,NA,NA,NA,NA,NA,NA,NA
NA,NA,NA,NA,NA,NA,NA,NA,NA
NA,NA,NA,NA,NA,NA,NA,NA,NA
NA,NA,NA,NA,NA,NA,NA,NA,NA
NA,NA,NA,NA,NA,NA,NA,NA,NA
NA,NA,NA,NA,NA,NA,NA,NA,NA
NA,NA,NA,NA,NA,NA,NA,NA,NA
NA,NA,NA,NA,NA,NA,NA,NA,NA
NA,NA,NA,NA,NA,NA,NA,NA,NA
NA,NA,NA,NA,NA,NA,NA,NA,NA
NA,NA,NA,NA,NA,NA,NA,NA,NA
NA,NA,NA,NA,NA,NA,NA,NA,NA
NA,NA,NA,NA,NA,NA,NA,NA,NA
NA,NA,NA,NA,NA,NA,NA,NA,NA
NA,NA,NA,NA,NA,NA,NA,NA,NA
NA,NA,NA,NA,NA,NA,NA,NA,NA
NA,NA,NA,NA,NA,NA,NA,NA,NA
NA,NA,NA,NA,NA,NA,NA,NA,NA
NA,NA,NA,NA,NA,NA,NA,NA,NA
NA,NA,NA,NA,NA,NA,NA,NA,NA
NA,NA,NA,NA,NA,NA,NA,NA,NA
NA,NA,NA,NA,NA,NA,NA,NA,NA
NA,NA,NA,NA,NA,NA,NA,NA,NA
NA,NA,NA,NA,NA,NA,NA,NA,NA
NA,NA,NA,NA,NA,NA,NA,NA,NA
NA,NA,NA,NA,NA,NA,NA,NA,NA
NA,NA,NA,NA,NA,NA,NA,NA,NA
NA,NA,NA,NA,NA,NA,NA,NA,NA
NA,NA,NA,NA,NA,NA,NA,NA,NA
NA,NA,NA,NA,NA,NA,NA,NA,NA
NA,NA,NA,NA,NA,NA,NA,NA,NA
NA,NA,NA,NA,NA,NA,NA,NA,NA
NA,NA,NA,NA,NA,NA,NA,NA,NA
NA,NA,NA,NA,NA,NA,NA,NA,NA
NA,NA,NA,NA,NA,NA,NA,NA,NA
NA,NA,NA,NA,NA,NA,NA,NA,NA
NA,NA,NA,NA,NA,NA,NA,NA,NA
NA,NA,NA,NA,NA,NA,NA,NA,NA
NA,NA,NA,NA,NA,NA,NA,NA,NA
NA,NA,NA,NA,NA,NA,NA,NA,NA
NA,NA,NA,NA,NA,NA,NA,NA,NA
NA,NA,NA,NA,NA,NA,NA,NA,NA
NA,NA,NA,NA,NA,NA,NA,NA,NA
NA,NA,NA,NA,NA,NA,NA,NA,NA
NA,NA,NA,NA,NA,NA,NA,NA,NA
NA,NA,NA,NA,NA,NA,NA,NA,NA
NA,NA,NA,NA,NA,NA,NA,NA,NA
NA,NA,NA,NA,NA,NA,NA,NA,NA
NA,NA,NA,NA,NA,NA,NA,NA,NA
NA,NA,NA,NA,NA,NA,NA,NA,NA
NA,NA,NA,NA,NA,NA,NA,NA,NA
NA,NA,NA,NA,NA,NA,NA,NA,NA
NA,NA,NA,NA,NA,NA,NA,NA,NA
NA,NA,NA,NA,NA,NA,NA,NA,NA
NA,NA,NA,NA,NA,NA,NA,NA,NA
NA,NA,NA,NA,NA,NA,NA,NA,NA
NA,NA,NA,NA,NA,NA,NA,NA,NA
NA,NA,NA,NA,NA,NA,NA,NA,NA
NA,NA,NA,NA,NA,NA,NA,NA,NA
NA,NA,NA,NA,NA,NA,NA,NA,NA
NA,NA,NA,NA,NA,NA,NA,NA,NA
NA,NA,NA,NA,NA,NA,NA,NA,NA
NA,NA,NA,NA,NA,NA,NA,NA,NA
NA,NA,NA,NA,NA,NA,NA,NA,NA
NA,NA,NA,NA,NA,NA,NA,NA,NA
NA,NA,NA,NA,NA,NA,NA,NA,NA
NA,NA,NA,NA,NA,NA,NA,NA,NA
NA,NA,NA,NA,NA,NA,NA,NA,NA
NA,NA,NA,NA,NA,NA,NA,NA,NA
NA,NA,NA,NA,NA,NA,NA,NA,NA
NA,NA,NA,NA,NA,NA,NA,NA,NA
NA,NA,NA,NA,NA,NA,NA,NA,NA
NA,NA,NA,NA,NA,NA,NA,NA,NA
NA,NA,NA,NA,NA,NA,NA,NA,NA
NA,NA,NA,NA,NA,NA,NA,NA,NA
NA,NA,NA,NA,NA,NA,NA,NA,NA
NA,NA,NA,NA,NA,NA,NA,NA,NA
NA,NA,NA,NA,NA,NA,NA,NA,NA
NA,NA,NA,NA,NA,NA,NA,NA,NA
NA,NA,NA,NA,NA,NA,NA,NA,NA
NA,NA,NA,NA,NA,NA,NA,NA,NA
NA,NA,NA,NA,NA,NA,NA,NA,NA
NA,NA,NA,NA,NA,NA,NA,NA,NA
NA,NA,NA,NA,NA,NA,NA,NA,NA
NA,NA,NA,NA,NA,NA,NA,NA,NA
NA,NA,NA,NA,NA,NA,NA,NA,NA
NA,NA,NA,NA,NA,NA,NA,NA,NA
NA,NA,NA,NA,NA,NA,NA,NA,NA
NA,NA,NA,NA,NA,NA,NA,NA,NA
NA,NA,NA,NA,NA,NA,NA,NA,NA
NA,NA,NA,NA,NA,NA,NA,NA,NA
NA,NA,NA,NA,NA,NA,NA,NA,NA
NA,NA,NA,NA,NA,NA,NA,NA,NA
NA,NA,NA,NA,NA,NA,NA,NA,NA
NA,NA,NA,NA,NA,NA,NA,NA,NA
NA,NA,NA,NA,NA,NA,NA,NA,NA
NA,NA,NA,NA,NA,NA,NA,NA,NA
NA,NA,NA,NA,NA,NA,NA,NA,NA
NA,NA,NA,NA,NA,NA,NA,NA,NA
NA,NA,NA,NA,NA,NA,NA,NA,NA
NA,NA,NA,NA,NA,NA,NA,NA,NA
NA,NA,NA,NA,NA,NA,NA,NA,NA
NA,NA,NA,NA,NA,NA,NA,NA,NA
NA,NA,NA,NA,NA,NA,NA,NA,NA
NA,NA,NA,NA,NA,NA,NA,NA,NA
NA,NA,NA,NA,NA,NA,NA,NA,NA
NA,NA,NA,NA,NA,NA,NA,NA,NA
NA,NA,NA,NA,NA,NA,NA,NA,NA
NA,NA,NA,NA,NA,NA,NA,NA,NA
NA,NA,NA,NA,NA,NA,NA,NA,NA
NA,NA,NA,NA,NA,NA,NA,NA,NA
NA,NA,NA,NA,NA,NA,NA,NA,NA
NA,NA,NA,NA,NA,NA,NA,NA,NA
NA,NA,NA,NA,NA,NA,NA,NA,NA
NA,NA,NA,NA,NA,NA,NA,NA,NA
NA,NA,NA,NA,NA,NA,NA,NA,NA
NA,NA,NA,NA,NA,NA,NA,NA,NA
NA,NA,NA,NA,NA,NA,NA,NA,NA
NA,NA,NA,NA,NA,NA,NA,NA,NA
NA,NA,NA,NA,NA,NA,NA,NA,NA
NA,NA,NA,NA,NA,NA,NA,NA,NA
NA,NA,NA,NA,NA,NA,NA,NA,NA
NA,NA,NA,NA,NA,NA,NA,NA,NA
NA,NA,NA,NA,NA,NA,NA,NA,NA
NA,NA,NA,NA,NA,NA,NA,NA,NA
NA,NA,NA,NA,NA,NA,NA,NA,NA
NA,NA,NA,NA,NA,NA,NA,NA,NA
NA,NA,NA,NA,NA,NA,NA,NA,NA
NA,NA,NA,NA,NA,NA,NA,NA,NA
NA,NA,NA,NA,NA,NA,NA,NA,NA
NA,NA,NA,NA,NA,NA,NA,NA,NA
NA,NA,NA,NA,NA,NA,NA,NA,NA
NA,NA,NA,NA,NA,NA,NA,NA,NA
NA,NA,NA,NA,NA,NA,NA,NA,NA
NA,NA,NA,NA,NA,NA,NA,NA,NA
NA,NA,NA,NA,NA,NA,NA,NA,NA
NA,NA,NA,NA,NA,NA,NA,NA,NA
NA,NA,NA,NA,NA,NA,NA,NA,NA
NA,NA,NA,NA,NA,NA,NA,NA,NA
NA,NA,NA,NA,NA,NA,NA,NA,NA
NA,NA,NA,NA,NA,NA,NA,NA,NA
NA,NA,NA,NA,NA,NA,NA,NA,NA
NA,NA,NA,NA,NA,NA,NA,NA,NA
NA,NA,NA,NA,NA,NA,NA,NA,NA
NA,NA,NA,NA,NA,NA,NA,NA,NA
NA,NA,NA,NA,NA,NA,NA,NA,NA
NA,NA,NA,NA,NA,NA,NA,NA,NA
NA,NA,NA,NA,NA,NA,NA,NA,NA
NA,NA,NA,NA,NA,NA,NA,NA,NA
NA,NA,NA,NA,NA,NA,NA,NA,NA
NA,NA,NA,NA,NA,NA,NA,NA,NA
NA,NA,NA,NA,NA,NA,NA,NA,NA
NA,NA,NA,NA,NA,NA,NA,NA,NA
NA,NA,NA,NA,NA,NA,NA,NA,NA
NA,NA,NA,NA,NA,NA,NA,NA,NA
NA,NA,NA,NA,NA,NA,NA,NA,NA
NA,NA,NA,NA,NA,NA,NA,NA,NA
NA,NA,NA,NA,NA,NA,NA,NA,NA
NA,NA,NA,NA,NA,NA,NA,NA,NA
NA,NA,NA,NA,NA,NA,NA,NA,NA
NA,NA,NA,NA,NA,NA,NA,NA,NA
NA,NA,NA,NA,NA,NA,NA,NA,NA
NA,NA,NA,NA,NA,NA,NA,NA,NA
NA,NA,NA,NA,NA,NA,NA,NA,NA
NA,NA,NA,NA,NA,NA,NA,NA,NA
NA,NA,NA,NA,NA,NA,NA,NA,NA
NA,NA,NA,NA,NA,NA,NA,NA,NA
NA,NA,NA,NA,NA,NA,NA,NA,NA
NA,NA,NA,NA,NA,NA,NA,NA,NA
NA,NA,NA,NA,NA,NA,NA,NA,NA
NA,NA,NA,NA,NA,NA,NA,NA,NA
NA,NA,NA,NA,NA,NA,NA,NA,NA
NA,NA,NA,NA,NA,NA,NA,NA,NA
NA,NA,NA,NA,NA,NA,NA,NA,NA
NA,NA,NA,NA,NA,NA,NA,NA,NA
NA,NA,NA,NA,NA,NA,NA,NA,NA
NA,NA,NA,NA,NA,NA,NA,NA,NA
NA,NA,NA,NA,NA,NA,NA,NA,NA
NA,NA,NA,NA,NA,NA,NA,NA,NA
NA,NA,NA,NA,NA,NA,NA,NA,NA
NA,NA,NA,NA,NA,NA,NA,NA,NA
NA,NA,NA,NA,NA,NA,NA,NA,NA
NA,NA,NA,NA,NA,NA,NA,NA,NA
NA,NA,NA,NA,NA,NA,NA,NA,NA
NA,NA,NA,NA,NA,NA,NA,NA,NA
NA,NA,NA,NA,NA,NA,NA,NA,NA
NA,NA,NA,NA,NA,NA,NA,NA,NA
NA,NA,NA,NA,NA,NA,NA,NA,NA
NA,NA,NA,NA,NA,NA,NA,NA,NA
NA,NA,NA,NA,NA,NA,NA,NA,NA
NA,NA,NA,NA,NA,NA,NA,NA,NA
NA,NA,NA,NA,NA,NA,NA,NA,NA
NA,NA,NA,NA,NA,NA,NA,NA,NA
NA,NA,NA,NA,NA,NA,NA,NA,NA
NA,NA,NA,NA,NA,NA,NA,NA,NA
NA,NA,NA,NA,NA,NA,NA,NA,NA
NA,NA,NA,NA,NA,NA,NA,NA,NA
NA,NA,NA,NA,NA,NA,NA,NA,NA
NA,NA,NA,NA,NA,NA,NA,NA,NA
NA,NA,NA,NA,NA,NA,NA,NA,NA
NA,NA,NA,NA,NA,NA,NA,NA,NA
NA,NA,NA,NA,NA,NA,NA,NA,NA
NA,NA,NA,NA,NA,NA,NA,NA,NA
NA,NA,NA,NA,NA,NA,NA,NA,NA
NA,NA,NA,NA,NA,NA,NA,NA,NA
NA,NA,NA,NA,NA,NA,NA,NA,NA
NA,NA,NA,NA,NA,NA,NA,NA,NA
NA,NA,NA,NA,NA,NA,NA,NA,NA
NA,NA,NA,NA,NA,NA,NA,NA,NA
NA,NA,NA,NA,NA,NA,NA,NA,NA
NA,NA,NA,NA,NA,NA,NA,NA,NA
NA,NA,NA,NA,NA,NA,NA,NA,NA
NA,NA,NA,NA,NA,NA,NA,NA,NA
NA,NA,NA,NA,NA,NA,NA,NA,NA
NA,NA,NA,NA,NA,NA,NA,NA,NA
NA,NA,NA,NA,NA,NA,NA,NA,NA
NA,NA,NA,NA,NA,NA,NA,NA,NA
NA,NA,NA,NA,NA,NA,NA,NA,NA
NA,NA,NA,NA,NA,NA,NA,NA,NA
NA,NA,NA,NA,NA,NA,NA,NA,NA
NA,NA,NA,NA,NA,NA,NA,NA,NA
NA,NA,NA,NA,NA,NA,NA,NA,NA
NA,NA,NA,NA,NA,NA,NA,NA,NA
NA,NA,NA,NA,NA,NA,NA,NA,NA
NA,NA,NA,NA,NA,NA,NA,NA,NA
NA,NA,NA,NA,NA,NA,NA,NA,NA
NA,NA,NA,NA,NA,NA,NA,NA,NA
NA,NA,NA,NA,NA,NA,NA,NA,NA
NA,NA,NA,NA,NA,NA,NA,NA,NA
NA,NA,NA,NA,NA,NA,NA,NA,NA
NA,NA,NA,NA,NA,NA,NA,NA,NA
NA,NA,NA,NA,NA,NA,NA,NA,NA
NA,NA,NA,NA,NA,NA,NA,NA,NA
NA,NA,NA,NA,NA,NA,NA,NA,NA
NA,NA,NA,NA,NA,NA,NA,NA,NA
NA,NA,NA,NA,NA,NA,NA,NA,NA
NA,NA,NA,NA,NA,NA,NA,NA,NA
NA,NA,NA,NA,NA,NA,NA,NA,NA
NA,NA,NA,NA,NA,NA,NA,NA,NA
NA,NA,NA,NA,NA,NA,NA,NA,NA
NA,NA,NA,NA,NA,NA,NA,NA,NA
NA,NA,NA,NA,NA,NA,NA,NA,NA
NA,NA,NA,NA,NA,NA,NA,NA,NA
NA,NA,NA,NA,NA,NA,NA,NA,NA
NA,NA,NA,NA,NA,NA,NA,NA,NA
NA,NA,NA,NA,NA,NA,NA,NA,NA
NA,NA,NA,NA,NA,NA,NA,NA,NA
NA,NA,NA,NA,NA,NA,NA,NA,NA
NA,NA,NA,NA,NA,NA,NA,NA,NA
NA,NA,NA,NA,NA,NA,NA,NA,NA
NA,NA,NA,NA,NA,NA,NA,NA,NA
NA,NA,NA,NA,NA,NA,NA,NA,NA
NA,NA,NA,NA,NA,NA,NA,NA,NA
NA,NA,NA,NA,NA,NA,NA,NA,NA
NA,NA,NA,NA,NA,NA,NA,NA,NA
NA,NA,NA,NA,NA,NA,NA,NA,NA
NA,NA,NA,NA,NA,NA,NA,NA,NA
NA,NA,NA,NA,NA,NA,NA,NA,NA
NA,NA,NA,NA,NA,NA,NA,NA,NA
NA,NA,NA,NA,NA,NA,NA,NA,NA
NA,NA,NA,NA,NA,NA,NA,NA,NA
NA,NA,NA,NA,NA,NA,NA,NA,NA
NA,NA,NA,NA,NA,NA,NA,NA,NA
NA,NA,NA,NA,NA,NA,NA,NA,NA
NA,NA,NA,NA,NA,NA,NA,NA,NA
NA,NA,NA,NA,NA,NA,NA,NA,NA
NA,NA,NA,NA,NA,NA,NA,NA,NA
NA,NA,NA,NA,NA,NA,NA,NA,NA
NA,NA,NA,NA,NA,NA,NA,NA,NA
NA,NA,NA,NA,NA,NA,NA,NA,NA
NA,NA,NA,NA,NA,NA,NA,NA,NA
NA,NA,NA,NA,NA,NA,NA,NA,NA
NA,NA,NA,NA,NA,NA,NA,NA,NA
NA,NA,NA,NA,NA,NA,NA,NA,NA
NA,NA,NA,NA,NA,NA,NA,NA,NA
NA,NA,NA,NA,NA,NA,NA,NA,NA
NA,NA,NA,NA,NA,NA,NA,NA,NA
NA,NA,NA,NA,NA,NA,NA,NA,NA
NA,NA,NA,NA,NA,NA,NA,NA,NA
NA,NA,NA,NA,NA,NA,NA,NA,NA
NA,NA,NA,NA,NA,NA,NA,NA,NA
NA,NA,NA,NA,NA,NA,NA,NA,NA
NA,NA,NA,NA,NA,NA,NA,NA,NA
NA,NA,NA,NA,NA,NA,NA,NA,NA
NA,NA,NA,NA,NA,NA,NA,NA,NA
NA,NA,NA,NA,NA,NA,NA,NA,NA
NA,NA,NA,NA,NA,NA,NA,NA,NA
NA,NA,NA,NA,NA,NA,NA,NA,NA
NA,NA,NA,NA,NA,NA,NA,NA,NA
NA,NA,NA,NA,NA,NA,NA,NA,NA
NA,NA,NA,NA,NA,NA,NA,NA,NA
NA,NA,NA,NA,NA,NA,NA,NA,NA
NA,NA,NA,NA,NA,NA,NA,NA,NA
NA,NA,NA,NA,NA,NA,NA,NA,NA
NA,NA,NA,NA,NA,NA,NA,NA,NA
NA,NA,NA,NA,NA,NA,NA,NA,NA
NA,NA,NA,NA,NA,NA,NA,NA,NA
NA,NA,NA,NA,NA,NA,NA,NA,NA
NA,NA,NA,NA,NA,NA,NA,NA,NA
NA,NA,NA,NA,NA,NA,NA,NA,NA
NA,NA,NA,NA,NA,NA,NA,NA,NA
NA,NA,NA,NA,NA,NA,NA,NA,NA
NA,NA,NA,NA,NA,NA,NA,NA,NA
NA,NA,NA,NA,NA,NA,NA,NA,NA
NA,NA,NA,NA,NA,NA,NA,NA,NA
NA,NA,NA,NA,NA,NA,NA,NA,NA
NA,NA,NA,NA,NA,NA,NA,NA,NA
NA,NA,NA,NA,NA,NA,NA,NA,NA
NA,NA,NA,NA,NA,NA,NA,NA,NA
NA,NA,NA,NA,NA,NA,NA,NA,NA
NA,NA,NA,NA,NA,NA,NA,NA,NA
NA,NA,NA,NA,NA,NA,NA,NA,NA
NA,NA,NA,NA,NA,NA,NA,NA,NA
NA,NA,NA,NA,NA,NA,NA,NA,NA
NA,NA,NA,NA,NA,NA,NA,NA,NA
NA,NA,NA,NA,NA,NA,NA,NA,NA
NA,NA,NA,NA,NA,NA,NA,NA,NA
NA,NA,NA,NA,NA,NA,NA,NA,NA
NA,NA,NA,NA,NA,NA,NA,NA,NA
NA,NA,NA,NA,NA,NA,NA,NA,NA
NA,NA,NA,NA,NA,NA,NA,NA,NA
NA,NA,NA,NA,NA,NA,NA,NA,NA
NA,NA,NA,NA,NA,NA,NA,NA,NA
NA,NA,NA,NA,NA,NA,NA,NA,NA
NA,NA,NA,NA,NA,NA,NA,NA,NA
NA,NA,NA,NA,NA,NA,NA,NA,NA
NA,NA,NA,NA,NA,NA,NA,NA,NA
NA,NA,NA,NA,NA,NA,NA,NA,NA
NA,NA,NA,NA,NA,NA,NA,NA,NA
NA,NA,NA,NA,NA,NA,NA,NA,NA
NA,NA,NA,NA,NA,NA,NA,NA,NA
NA,NA,NA,NA,NA,NA,NA,NA,NA
NA,NA,NA,NA,NA,NA,NA,NA,NA
NA,NA,NA,NA,NA,NA,NA,NA,NA
NA,NA,NA,NA,NA,NA,NA,NA,NA
NA,NA,NA,NA,NA,NA,NA,NA,NA
NA,NA,NA,NA,NA,NA,NA,NA,NA
NA,NA,NA,NA,NA,NA,NA,NA,NA
NA,NA,NA,NA,NA,NA,NA,NA,NA
NA,NA,NA,NA,NA,NA,NA,NA,NA
NA,NA,NA,NA,NA,NA,NA,NA,NA
NA,NA,NA,NA,NA,NA,NA,NA,NA
NA,NA,NA,NA,NA,NA,NA,NA,NA
NA,NA,NA,NA,NA,NA,NA,NA,NA
NA,NA,NA,NA,NA,NA,NA,NA,NA
NA,NA,NA,NA,NA,NA,NA,NA,NA
NA,NA,NA,NA,NA,NA,NA,NA,NA
NA,NA,NA,NA,NA,NA,NA,NA,NA
NA,NA,NA,NA,NA,NA,NA,NA,NA
NA,NA,NA,NA,NA,NA,NA,NA,NA
NA,NA,NA,NA,NA,NA,NA,NA,NA
NA,NA,NA,NA,NA,NA,NA,NA,NA
NA,NA,NA,NA,NA,NA,NA,NA,NA
NA,NA,NA,NA,NA,NA,NA,NA,NA
NA,NA,NA,NA,NA,NA,NA,NA,NA
NA,NA,NA,NA,NA,NA,NA,NA,NA
NA,NA,NA,NA,NA,NA,NA,NA,NA
NA,NA,NA,NA,NA,NA,NA,NA,NA
NA,NA,NA,NA,NA,NA,NA,NA,NA
NA,NA,NA,NA,NA,NA,NA,NA,NA
NA,NA,NA,NA,NA,NA,NA,NA,NA
NA,NA,NA,NA,NA,NA,NA,NA,NA
NA,NA,NA,NA,NA,NA,NA,NA,NA
NA,NA,NA,NA,NA,NA,NA,NA,NA
NA,NA,NA,NA,NA,NA,NA,NA,NA
NA,NA,NA,NA,NA,NA,NA,NA,NA
NA,NA,NA,NA,NA,NA,NA,NA,NA
NA,NA,NA,NA,NA,NA,NA,NA,NA
NA,NA,NA,NA,NA,NA,NA,NA,NA
NA,NA,NA,NA,NA,NA,NA,NA,NA
NA,NA,NA,NA,NA,NA,NA,NA,NA
NA,NA,NA,NA,NA,NA,NA,NA,NA
NA,NA,NA,NA,NA,NA,NA,NA,NA
NA,NA,NA,NA,NA,NA,NA,NA,NA
NA,NA,NA,NA,NA,NA,NA,NA,NA
NA,NA,NA,NA,NA,NA,NA,NA,NA
NA,NA,NA,NA,NA,NA,NA,NA,NA
NA,NA,NA,NA,NA,NA,NA,NA,NA
NA,NA,NA,NA,NA,NA,NA,NA,NA
NA,NA,NA,NA,NA,NA,NA,NA,NA
NA,NA,NA,NA,NA,NA,NA,NA,NA
NA,NA,NA,NA,NA,NA,NA,NA,NA
NA,NA,NA,NA,NA,NA,NA,NA,NA
NA,NA,NA,NA,NA,NA,NA,NA,NA
NA,NA,NA,NA,NA,NA,NA,NA,NA
NA,NA,NA,NA,NA,NA,NA,NA,NA
NA,NA,NA,NA,NA,NA,NA,NA,NA
NA,NA,NA,NA,NA,NA,NA,NA,NA
NA,NA,NA,NA,NA,NA,NA,NA,NA
NA,NA,NA,NA,NA,NA,NA,NA,NA
NA,NA,NA,NA,NA,NA,NA,NA,NA
NA,NA,NA,NA,NA,NA,NA,NA,NA
NA,NA,NA,NA,NA,NA,NA,NA,NA
NA,NA,NA,NA,NA,NA,NA,NA,NA
NA,NA,NA,NA,NA,NA,NA,NA,NA
NA,NA,NA,NA,NA,NA,NA,NA,NA
NA,NA,NA,NA,NA,NA,NA,NA,NA
NA,NA,NA,NA,NA,NA,NA,NA,NA
NA,NA,NA,NA,NA,NA,NA,NA,NA
NA,NA,NA,NA,NA,NA,NA,NA,NA
NA,NA,NA,NA,NA,NA,NA,NA,NA
NA,NA,NA,NA,NA,NA,NA,NA,NA
NA,NA,NA,NA,NA,NA,NA,NA,NA
NA,NA,NA,NA,NA,NA,NA,NA,NA
NA,NA,NA,NA,NA,NA,NA,NA,NA
NA,NA,NA,NA,NA,NA,NA,NA,NA
NA,NA,NA,NA,NA,NA,NA,NA,NA
NA,NA,NA,NA,NA,NA,NA,NA,NA
NA,NA,NA,NA,NA,NA,NA,NA,NA
NA,NA,NA,NA,NA,NA,NA,NA,NA
NA,NA,NA,NA,NA,NA,NA,NA,NA
NA,NA,NA,NA,NA,NA,NA,NA,NA
NA,NA,NA,NA,NA,NA,NA,NA,NA
NA,NA,NA,NA,NA,NA,NA,NA,NA
NA,NA,NA,NA,NA,NA,NA,NA,NA
NA,NA,NA,NA,NA,NA,NA,NA,NA
NA,NA,NA,NA,NA,NA,NA,NA,NA
NA,NA,NA,NA,NA,NA,NA,NA,NA
NA,NA,NA,NA,NA,NA,NA,NA,NA
NA,NA,NA,NA,NA,NA,NA,NA,NA
NA,NA,NA,NA,NA,NA,NA,NA,NA
NA,NA,NA,NA,NA,NA,NA,NA,NA
NA,NA,NA,NA,NA,NA,NA,NA,NA
NA,NA,NA,NA,NA,NA,NA,NA,NA
NA,NA,NA,NA,NA,NA,NA,NA,NA
NA,NA,NA,NA,NA,NA,NA,NA,NA
NA,NA,NA,NA,NA,NA,NA,NA,NA
NA,NA,NA,NA,NA,NA,NA,NA,NA
NA,NA,NA,NA,NA,NA,NA,NA,NA
NA,NA,NA,NA,NA,NA,NA,NA,NA
NA,NA,NA,NA,NA,NA,NA,NA,NA
NA,NA,NA,NA,NA,NA,NA,NA,NA
NA,NA,NA,NA,NA,NA,NA,NA,NA
NA,NA,NA,NA,NA,NA,NA,NA,NA
NA,NA,NA,NA,NA,NA,NA,NA,NA
NA,NA,NA,NA,NA,NA,NA,NA,NA
NA,NA,NA,NA,NA,NA,NA,NA,NA
NA,NA,NA,NA,NA,NA,NA,NA,NA
NA,NA,NA,NA,NA,NA,NA,NA,NA
NA,NA,NA,NA,NA,NA,NA,NA,NA
NA,NA,NA,NA,NA,NA,NA,NA,NA
NA,NA,NA,NA,NA,NA,NA,NA,NA
NA,NA,NA,NA,NA,NA,NA,NA,NA
NA,NA,NA,NA,NA,NA,NA,NA,NA
NA,NA,NA,NA,NA,NA,NA,NA,NA
NA,NA,NA,NA,NA,NA,NA,NA,NA
NA,NA,NA,NA,NA,NA,NA,NA,NA
NA,NA,NA,NA,NA,NA,NA,NA,NA
NA,NA,NA,NA,NA,NA,NA,NA,NA
NA,NA,NA,NA,NA,NA,NA,NA,NA
NA,NA,NA,NA,NA,NA,NA,NA,NA
NA,NA,NA,NA,NA,NA,NA,NA,NA
NA,NA,NA,NA,NA,NA,NA,NA,NA
NA,NA,NA,NA,NA,NA,NA,NA,NA
NA,NA,NA,NA,NA,NA,NA,NA,NA
NA,NA,NA,NA,NA,NA,NA,NA,NA
NA,NA,NA,NA,NA,NA,NA,NA,NA
NA,NA,NA,NA,NA,NA,NA,NA,NA
NA,NA,NA,NA,NA,NA,NA,NA,NA
NA,NA,NA,NA,NA,NA,NA,NA,NA
NA,NA,NA,NA,NA,NA,NA,NA,NA
NA,NA,NA,NA,NA,NA,NA,NA,NA
NA,NA,NA,NA,NA,NA,NA,NA,NA
NA,NA,NA,NA,NA,NA,NA,NA,NA
NA,NA,NA,NA,NA,NA,NA,NA,NA
NA,NA,NA,NA,NA,NA,NA,NA,NA
NA,NA,NA,NA,NA,NA,NA,NA,NA
NA,NA,NA,NA,NA,NA,NA,NA,NA
NA,NA,NA,NA,NA,NA,NA,NA,NA
NA,NA,NA,NA,NA,NA,NA,NA,NA
NA,NA,NA,NA,NA,NA,NA,NA,NA
NA,NA,NA,NA,NA,NA,NA,NA,NA
NA,NA,NA,NA,NA,NA,NA,NA,NA
NA,NA,NA,NA,NA,NA,NA,NA,NA
NA,NA,NA,NA,NA,NA,NA,NA,NA
NA,NA,NA,NA,NA,NA,NA,NA,NA
NA,NA,NA,NA,NA,NA,NA,NA,NA
NA,NA,NA,NA,NA,NA,NA,NA,NA
NA,NA,NA,NA,NA,NA,NA,NA,NA
NA,NA,NA,NA,NA,NA,NA,NA,NA
NA,NA,NA,NA,NA,NA,NA,NA,NA
NA,NA,NA,NA,NA,NA,NA,NA,NA
NA,NA,NA,NA,NA,NA,NA,NA,NA
NA,NA,NA,NA,NA,NA,NA,NA,NA
NA,NA,NA,NA,NA,NA,NA,NA,NA
NA,NA,NA,NA,NA,NA,NA,NA,NA
NA,NA,NA,NA,NA,NA,NA,NA,NA
NA,NA,NA,NA,NA,NA,NA,NA,NA
NA,NA,NA,NA,NA,NA,NA,NA,NA
NA,NA,NA,NA,NA,NA,NA,NA,NA
NA,NA,NA,NA,NA,NA,NA,NA,NA
NA,NA,NA,NA,NA,NA,NA,NA,NA
NA,NA,NA,NA,NA,NA,NA,NA,NA
NA,NA,NA,NA,NA,NA,NA,NA,NA
NA,NA,NA,NA,NA,NA,NA,NA,NA
NA,NA,NA,NA,NA,NA,NA,NA,NA
NA,NA,NA,NA,NA,NA,NA,NA,NA
NA,NA,NA,NA,NA,NA,NA,NA,NA
NA,NA,NA,NA,NA,NA,NA,NA,NA
NA,NA,NA,NA,NA,NA,NA,NA,NA
NA,NA,NA,NA,NA,NA,NA,NA,NA
NA,NA,NA,NA,NA,NA,NA,NA,NA
NA,NA,NA,NA,NA,NA,NA,NA,NA
NA,NA,NA,NA,NA,NA,NA,NA,NA
NA,NA,NA,NA,NA,NA,NA,NA,NA
NA,NA,NA,NA,NA,NA,NA,NA,NA
NA,NA,NA,NA,NA,NA,NA,NA,NA
NA,NA,NA,NA,NA,NA,NA,NA,NA
NA,NA,NA,NA,NA,NA,NA,NA,NA
NA,NA,NA,NA,NA,NA,NA,NA,NA
NA,NA,NA,NA,NA,NA,NA,NA,NA
NA,NA,NA,NA,NA,NA,NA,NA,NA
NA,NA,NA,NA,NA,NA,NA,NA,NA
NA,NA,NA,NA,NA,NA,NA,NA,NA
NA,NA,NA,NA,NA,NA,NA,NA,NA
NA,NA,NA,NA,NA,NA,NA,NA,NA
NA,NA,NA,NA,NA,NA,NA,NA,NA
NA,NA,NA,NA,NA,NA,NA,NA,NA
NA,NA,NA,NA,NA,NA,NA,NA,NA
NA,NA,NA,NA,NA,NA,NA,NA,NA
NA,NA,NA,NA,NA,NA,NA,NA,NA
NA,NA,NA,NA,NA,NA,NA,NA,NA
NA,NA,NA,NA,NA,NA,NA,NA,NA
NA,NA,NA,NA,NA,NA,NA,NA,NA
NA,NA,NA,NA,NA,NA,NA,NA,NA
NA,NA,NA,NA,NA,NA,NA,NA,NA
NA,NA,NA,NA,NA,NA,NA,NA,NA
NA,NA,NA,NA,NA,NA,NA,NA,NA
NA,NA,NA,NA,NA,NA,NA,NA,NA
NA,NA,NA,NA,NA,NA,NA,NA,NA
NA,NA,NA,NA,NA,NA,NA,NA,NA
NA,NA,NA,NA,NA,NA,NA,NA,NA
NA,NA,NA,NA,NA,NA,NA,NA,NA
NA,NA,NA,NA,NA,NA,NA,NA,NA
NA,NA,NA,NA,NA,NA,NA,NA,NA
NA,NA,NA,NA,NA,NA,NA,NA,NA
NA,NA,NA,NA,NA,NA,NA,NA,NA
NA,NA,NA,NA,NA,NA,NA,NA,NA
NA,NA,NA,NA,NA,NA,NA,NA,NA
NA,NA,NA,NA,NA,NA,NA,NA,NA
NA,NA,NA,NA,NA,NA,NA,NA,NA
NA,NA,NA,NA,NA,NA,NA,NA,NA
NA,NA,NA,NA,NA,NA,NA,NA,NA
NA,NA,NA,NA,NA,NA,NA,NA,NA
NA,NA,NA,NA,NA,NA,NA,NA,NA
NA,NA,NA,NA,NA,NA,NA,NA,NA
NA,NA,NA,NA,NA,NA,NA,NA,NA
NA,NA,NA,NA,NA,NA,NA,NA,NA
NA,NA,NA,NA,NA,NA,NA,NA,NA
NA,NA,NA,NA,NA,NA,NA,NA,NA
NA,NA,NA,NA,NA,NA,NA,NA,NA
NA,NA,NA,NA,NA,NA,NA,NA,NA
NA,NA,NA,NA,NA,NA,NA,NA,NA
NA,NA,NA,NA,NA,NA,NA,NA,NA
NA,NA,NA,NA,NA,NA,NA,NA,NA
NA,NA,NA,NA,NA,NA,NA,NA,NA
NA,NA,NA,NA,NA,NA,NA,NA,NA
NA,NA,NA,NA,NA,NA,NA,NA,NA
NA,NA,NA,NA,NA,NA,NA,NA,NA
NA,NA,NA,NA,NA,NA,NA,NA,NA
NA,NA,NA,NA,NA,NA,NA,NA,NA
NA,NA,NA,NA,NA,NA,NA,NA,NA
NA,NA,NA,NA,NA,NA,NA,NA,NA
NA,NA,NA,NA,NA,NA,NA,NA,NA
NA,NA,NA,NA,NA,NA,NA,NA,NA
NA,NA,NA,NA,NA,NA,NA,NA,NA
NA,NA,NA,NA,NA,NA,NA,NA,NA
NA,NA,NA,NA,NA,NA,NA,NA,NA
NA,NA,NA,NA,NA,NA,NA,NA,NA
NA,NA,NA,NA,NA,NA,NA,NA,NA
NA,NA,NA,NA,NA,NA,NA,NA,NA
NA,NA,NA,NA,NA,NA,NA,NA,NA
NA,NA,NA,NA,NA,NA,NA,NA,NA
NA,NA,NA,NA,NA,NA,NA,NA,NA
NA,NA,NA,NA,NA,NA,NA,NA,NA
NA,NA,NA,NA,NA,NA,NA,NA,NA
NA,NA,NA,NA,NA,NA,NA,NA,NA
NA,NA,NA,NA,NA,NA,NA,NA,NA
NA,NA,NA,NA,NA,NA,NA,NA,NA
NA,NA,NA,NA,NA,NA,NA,NA,NA
NA,NA,NA,NA,NA,NA,NA,NA,NA
NA,NA,NA,NA,NA,NA,NA,NA,NA
NA,NA,NA,NA,NA,NA,NA,NA,NA
NA,NA,NA,NA,NA,NA,NA,NA,NA
NA,NA,NA,NA,NA,NA,NA,NA,NA
NA,NA,NA,NA,NA,NA,NA,NA,NA
NA,NA,NA,NA,NA,NA,NA,NA,NA
NA,NA,NA,NA,NA,NA,NA,NA,NA
NA,NA,NA,NA,NA,NA,NA,NA,NA
NA,NA,NA,NA,NA,NA,NA,NA,NA
NA,NA,NA,NA,NA,NA,NA,NA,NA
NA,NA,NA,NA,NA,NA,NA,NA,NA
NA,NA,NA,NA,NA,NA,NA,NA,NA
NA,NA,NA,NA,NA,NA,NA,NA,NA
NA,NA,NA,NA,NA,NA,NA,NA,NA
NA,NA,NA,NA,NA,NA,NA,NA,NA
NA,NA,NA,NA,NA,NA,NA,NA,NA
NA,NA,NA,NA,NA,NA,NA,NA,NA
NA,NA,NA,NA,NA,NA,NA,NA,NA
NA,NA,NA,NA,NA,NA,NA,NA,NA
NA,NA,NA,NA,NA,NA,NA,NA,NA
NA,NA,NA,NA,NA,NA,NA,NA,NA
NA,NA,NA,NA,NA,NA,NA,NA,NA
NA,NA,NA,NA,NA,NA,NA,NA,NA
NA,NA,NA,NA,NA,NA,NA,NA,NA
NA,NA,NA,NA,NA,NA,NA,NA,NA
NA,NA,NA,NA,NA,NA,NA,NA,NA
NA,NA,NA,NA,NA,NA,NA,NA,NA
NA,NA,NA,NA,NA,NA,NA,NA,NA
NA,NA,NA,NA,NA,NA,NA,NA,NA
NA,NA,NA,NA,NA,NA,NA,NA,NA
NA,NA,NA,NA,NA,NA,NA,NA,NA
NA,NA,NA,NA,NA,NA,NA,NA,NA
NA,NA,NA,NA,NA,NA,NA,NA,NA
NA,NA,NA,NA,NA,NA,NA,NA,NA
NA,NA,NA,NA,NA,NA,NA,NA,NA
NA,NA,NA,NA,NA,NA,NA,NA,NA
NA,NA,NA,NA,NA,NA,NA,NA,NA
NA,NA,NA,NA,NA,NA,NA,NA,NA
NA,NA,NA,NA,NA,NA,NA,NA,NA
NA,NA,NA,NA,NA,NA,NA,NA,NA
NA,NA,NA,NA,NA,NA,NA,NA,NA
NA,NA,NA,NA,NA,NA,NA,NA,NA
NA,NA,NA,NA,NA,NA,NA,NA,NA
NA,NA,NA,NA,NA,NA,NA,NA,NA
NA,NA,NA,NA,NA,NA,NA,NA,NA
NA,NA,NA,NA,NA,NA,NA,NA,NA
NA,NA,NA,NA,NA,NA,NA,NA,NA
NA,NA,NA,NA,NA,NA,NA,NA,NA
NA,NA,NA,NA,NA,NA,NA,NA,NA
NA,NA,NA,NA,NA,NA,NA,NA,NA
NA,NA,NA,NA,NA,NA,NA,NA,NA
NA,NA,NA,NA,NA,NA,NA,NA,NA
NA,NA,NA,NA,NA,NA,NA,NA,NA
NA,NA,NA,NA,NA,NA,NA,NA,NA
NA,NA,NA,NA,NA,NA,NA,NA,NA
NA,NA,NA,NA,NA,NA,NA,NA,NA
NA,NA,NA,NA,NA,NA,NA,NA,NA
NA,NA,NA,NA,NA,NA,NA,NA,NA
NA,NA,NA,NA,NA,NA,NA,NA,NA
NA,NA,NA,NA,NA,NA,NA,NA,NA
NA,NA,NA,NA,NA,NA,NA,NA,NA
NA,NA,NA,NA,NA,NA,NA,NA,NA
NA,NA,NA,NA,NA,NA,NA,NA,NA
NA,NA,NA,NA,NA,NA,NA,NA,NA
NA,NA,NA,NA,NA,NA,NA,NA,NA
NA,NA,NA,NA,NA,NA,NA,NA,NA
NA,NA,NA,NA,NA,NA,NA,NA,NA
NA,NA,NA,NA,NA,NA,NA,NA,NA
NA,NA,NA,NA,NA,NA,NA,NA,NA
NA,NA,NA,NA,NA,NA,NA,NA,NA
NA,NA,NA,NA,NA,NA,NA,NA,NA
NA,NA,NA,NA,NA,NA,NA,NA,NA
NA,NA,NA,NA,NA,NA,NA,NA,NA
NA,NA,NA,NA,NA,NA,NA,NA,NA
NA,NA,NA,NA,NA,NA,NA,NA,NA
NA,NA,NA,NA,NA,NA,NA,NA,NA
NA,NA,NA,NA,NA,NA,NA,NA,NA
NA,NA,NA,NA,NA,NA,NA,NA,NA
NA,NA,NA,NA,NA,NA,NA,NA,NA
NA,NA,NA,NA,NA,NA,NA,NA,NA
NA,NA,NA,NA,NA,NA,NA,NA,NA
NA,NA,NA,NA,NA,NA,NA,NA,NA
NA,NA,NA,NA,NA,NA,NA,NA,NA
NA,NA,NA,NA,NA,NA,NA,NA,NA
NA,NA,NA,NA,NA,NA,NA,NA,NA
NA,NA,NA,NA,NA,NA,NA,NA,NA
NA,NA,NA,NA,NA,NA,NA,NA,NA
NA,NA,NA,NA,NA,NA,NA,NA,NA
NA,NA,NA,NA,NA,NA,NA,NA,NA
NA,NA,NA,NA,NA,NA,NA,NA,NA
NA,NA,NA,NA,NA,NA,NA,NA,NA
NA,NA,NA,NA,NA,NA,NA,NA,NA
NA,NA,NA,NA,NA,NA,NA,NA,NA
NA,NA,NA,NA,NA,NA,NA,NA,NA
NA,NA,NA,NA,NA,NA,NA,NA,NA
NA,NA,NA,NA,NA,NA,NA,NA,NA
NA,NA,NA,NA,NA,NA,NA,NA,NA
NA,NA,NA,NA,NA,NA,NA,NA,NA
NA,NA,NA,NA,NA,NA,NA,NA,NA
NA,NA,NA,NA,NA,NA,NA,NA,NA
NA,NA,NA,NA,NA,NA,NA,NA,NA
NA,NA,NA,NA,NA,NA,NA,NA,NA
NA,NA,NA,NA,NA,NA,NA,NA,NA
NA,NA,NA,NA,NA,NA,NA,NA,NA
NA,NA,NA,NA,NA,NA,NA,NA,NA
NA,NA,NA,NA,NA,NA,NA,NA,NA
NA,NA,NA,NA,NA,NA,NA,NA,NA
NA,NA,NA,NA,NA,NA,NA,NA,NA
NA,NA,NA,NA,NA,NA,NA,NA,NA
NA,NA,NA,NA,NA,NA,NA,NA,NA
NA,NA,NA,NA,NA,NA,NA,NA,NA
NA,NA,NA,NA,NA,NA,NA,NA,NA
NA,NA,NA,NA,NA,NA,NA,NA,NA
NA,NA,NA,NA,NA,NA,NA,NA,NA
NA,NA,NA,NA,NA,NA,NA,NA,NA
NA,NA,NA,NA,NA,NA,NA,NA,NA
NA,NA,NA,NA,NA,NA,NA,NA,NA
NA,NA,NA,NA,NA,NA,NA,NA,NA
NA,NA,NA,NA,NA,NA,NA,NA,NA
NA,NA,NA,NA,NA,NA,NA,NA,NA
NA,NA,NA,NA,NA,NA,NA,NA,NA
NA,NA,NA,NA,NA,NA,NA,NA,NA
NA,NA,NA,NA,NA,NA,NA,NA,NA
NA,NA,NA,NA,NA,NA,NA,NA,NA
NA,NA,NA,NA,NA,NA,NA,NA,NA
NA,NA,NA,NA,NA,NA,NA,NA,NA
NA,NA,NA,NA,NA,NA,NA,NA,NA
NA,NA,NA,NA,NA,NA,NA,NA,NA
NA,NA,NA,NA,NA,NA,NA,NA,NA
NA,NA,NA,NA,NA,NA,NA,NA,NA
NA,NA,NA,NA,NA,NA,NA,NA,NA
NA,NA,NA,NA,NA,NA,NA,NA,NA
NA,NA,NA,NA,NA,NA,NA,NA,NA
NA,NA,NA,NA,NA,NA,NA,NA,NA
NA,NA,NA,NA,NA,NA,NA,NA,NA
NA,NA,NA,NA,NA,NA,NA,NA,NA
NA,NA,NA,NA,NA,NA,NA,NA,NA
NA,NA,NA,NA,NA,NA,NA,NA,NA
NA,NA,NA,NA,NA,NA,NA,NA,NA
NA,NA,NA,NA,NA,NA,NA,NA,NA
NA,NA,NA,NA,NA,NA,NA,NA,NA
NA,NA,NA,NA,NA,NA,NA,NA,NA
NA,NA,NA,NA,NA,NA,NA,NA,NA
NA,NA,NA,NA,NA,NA,NA,NA,NA
NA,NA,NA,NA,NA,NA,NA,NA,NA
NA,NA,NA,NA,NA,NA,NA,NA,NA
NA,NA,NA,NA,NA,NA,NA,NA,NA
NA,NA,NA,NA,NA,NA,NA,NA,NA
NA,NA,NA,NA,NA,NA,NA,NA,NA
NA,NA,NA,NA,NA,NA,NA,NA,NA
NA,NA,NA,NA,NA,NA,NA,NA,NA
NA,NA,NA,NA,NA,NA,NA,NA,NA
NA,NA,NA,NA,NA,NA,NA,NA,NA
NA,NA,NA,NA,NA,NA,NA,NA,NA
NA,NA,NA,NA,NA,NA,NA,NA,NA
NA,NA,NA,NA,NA,NA,NA,NA,NA
NA,NA,NA,NA,NA,NA,NA,NA,NA
NA,NA,NA,NA,NA,NA,NA,NA,NA
NA,NA,NA,NA,NA,NA,NA,NA,NA
NA,NA,NA,NA,NA,NA,NA,NA,NA
NA,NA,NA,NA,NA,NA,NA,NA,NA
NA,NA,NA,NA,NA,NA,NA,NA,NA
NA,NA,NA,NA,NA,NA,NA,NA,NA
NA,NA,NA,NA,NA,NA,NA,NA,NA
NA,NA,NA,NA,NA,NA,NA,NA,NA
NA,NA,NA,NA,NA,NA,NA,NA,NA
NA,NA,NA,NA,NA,NA,NA,NA,NA
NA,NA,NA,NA,NA,NA,NA,NA,NA
NA,NA,NA,NA,NA,NA,NA,NA,NA
NA,NA,NA,NA,NA,NA,NA,NA,NA
NA,NA,NA,NA,NA,NA,NA,NA,NA
NA,NA,NA,NA,NA,NA,NA,NA,NA
NA,NA,NA,NA,NA,NA,NA,NA,NA
NA,NA,NA,NA,NA,NA,NA,NA,NA
NA,NA,NA,NA,NA,NA,NA,NA,NA
NA,NA,NA,NA,NA,NA,NA,NA,NA
NA,NA,NA,NA,NA,NA,NA,NA,NA
NA,NA,NA,NA,NA,NA,NA,NA,NA
NA,NA,NA,NA,NA,NA,NA,NA,NA
NA,NA,NA,NA,NA,NA,NA,NA,NA
NA,NA,NA,NA,NA,NA,NA,NA,NA
NA,NA,NA,NA,NA,NA,NA,NA,NA
NA,NA,NA,NA,NA,NA,NA,NA,NA
NA,NA,NA,NA,NA,NA,NA,NA,NA
NA,NA,NA,NA,NA,NA,NA,NA,NA
NA,NA,NA,NA,NA,NA,NA,NA,NA
NA,NA,NA,NA,NA,NA,NA,NA,NA
NA,NA,NA,NA,NA,NA,NA,NA,NA
NA,NA,NA,NA,NA,NA,NA,NA,NA
NA,NA,NA,NA,NA,NA,NA,NA,NA
NA,NA,NA,NA,NA,NA,NA,NA,NA
NA,NA,NA,NA,NA,NA,NA,NA,NA
NA,NA,NA,NA,NA,NA,NA,NA,NA
NA,NA,NA,NA,NA,NA,NA,NA,NA
NA,NA,NA,NA,NA,NA,NA,NA,NA
NA,NA,NA,NA,NA,NA,NA,NA,NA
NA,NA,NA,NA,NA,NA,NA,NA,NA
NA,NA,NA,NA,NA,NA,NA,NA,NA
NA,NA,NA,NA,NA,NA,NA,NA,NA
NA,NA,NA,NA,NA,NA,NA,NA,NA
NA,NA,NA,NA,NA,NA,NA,NA,NA
NA,NA,NA,NA,NA,NA,NA,NA,NA
NA,NA,NA,NA,NA,NA,NA,NA,NA
NA,NA,NA,NA,NA,NA,NA,NA,NA
NA,NA,NA,NA,NA,NA,NA,NA,NA
NA,NA,NA,NA,NA,NA,NA,NA,NA
NA,NA,NA,NA,NA,NA,NA,NA,NA
NA,NA,NA,NA,NA,NA,NA,NA,NA
NA,NA,NA,NA,NA,NA,NA,NA,NA
NA,NA,NA,NA,NA,NA,NA,NA,NA
NA,NA,NA,NA,NA,NA,NA,NA,NA
NA,NA,NA,NA,NA,NA,NA,NA,NA
NA,NA,NA,NA,NA,NA,NA,NA,NA
NA,NA,NA,NA,NA,NA,NA,NA,NA
NA,NA,NA,NA,NA,NA,NA,NA,NA
NA,NA,NA,NA,NA,NA,NA,NA,NA
NA,NA,NA,NA,NA,NA,NA,NA,NA
NA,NA,NA,NA,NA,NA,NA,NA,NA
NA,NA,NA,NA,NA,NA,NA,NA,NA
NA,NA,NA,NA,NA,NA,NA,NA,NA
NA,NA,NA,NA,NA,NA,NA,NA,NA
NA,NA,NA,NA,NA,NA,NA,NA,NA
NA,NA,NA,NA,NA,NA,NA,NA,NA
NA,NA,NA,NA,NA,NA,NA,NA,NA
NA,NA,NA,NA,NA,NA,NA,NA,NA
NA,NA,NA,NA,NA,NA,NA,NA,NA
NA,NA,NA,NA,NA,NA,NA,NA,NA
NA,NA,NA,NA,NA,NA,NA,NA,NA
NA,NA,NA,NA,NA,NA,NA,NA,NA
NA,NA,NA,NA,NA,NA,NA,NA,NA
NA,NA,NA,NA,NA,NA,NA,NA,NA
NA,NA,NA,NA,NA,NA,NA,NA,NA
NA,NA,NA,NA,NA,NA,NA,NA,NA
NA,NA,NA,NA,NA,NA,NA,NA,NA
NA,NA,NA,NA,NA,NA,NA,NA,NA
NA,NA,NA,NA,NA,NA,NA,NA,NA
NA,NA,NA,NA,NA,NA,NA,NA,NA
NA,NA,NA,NA,NA,NA,NA,NA,NA
NA,NA,NA,NA,NA,NA,NA,NA,NA
NA,NA,NA,NA,NA,NA,NA,NA,NA
NA,NA,NA,NA,NA,NA,NA,NA,NA
NA,NA,NA,NA,NA,NA,NA,NA,NA
NA,NA,NA,NA,NA,NA,NA,NA,NA
NA,NA,NA,NA,NA,NA,NA,NA,NA
NA,NA,NA,NA,NA,NA,NA,NA,NA
NA,NA,NA,NA,NA,NA,NA,NA,NA
NA,NA,NA,NA,NA,NA,NA,NA,NA
NA,NA,NA,NA,NA,NA,NA,NA,NA
NA,NA,NA,NA,NA,NA,NA,NA,NA
NA,NA,NA,NA,NA,NA,NA,NA,NA
NA,NA,NA,NA,NA,NA,NA,NA,NA
NA,NA,NA,NA,NA,NA,NA,NA,NA
NA,NA,NA,NA,NA,NA,NA,NA,NA
NA,NA,NA,NA,NA,NA,NA,NA,NA
NA,NA,NA,NA,NA,NA,NA,NA,NA
NA,NA,NA,NA,NA,NA,NA,NA,NA
NA,NA,NA,NA,NA,NA,NA,NA,NA
NA,NA,NA,NA,NA,NA,NA,NA,NA
NA,NA,NA,NA,NA,NA,NA,NA,NA
NA,NA,NA,NA,NA,NA,NA,NA,NA
NA,NA,NA,NA,NA,NA,NA,NA,NA
NA,NA,NA,NA,NA,NA,NA,NA,NA
NA,NA,NA,NA,NA,NA,NA,NA,NA
NA,NA,NA,NA,NA,NA,NA,NA,NA
NA,NA,NA,NA,NA,NA,NA,NA,NA
NA,NA,NA,NA,NA,NA,NA,NA,NA
NA,NA,NA,NA,NA,NA,NA,NA,NA
NA,NA,NA,NA,NA,NA,NA,NA,NA
NA,NA,NA,NA,NA,NA,NA,NA,NA
NA,NA,NA,NA,NA,NA,NA,NA,NA
NA,NA,NA,NA,NA,NA,NA,NA,NA
NA,NA,NA,NA,NA,NA,NA,NA,NA
NA,NA,NA,NA,NA,NA,NA,NA,NA
NA,NA,NA,NA,NA,NA,NA,NA,NA
NA,NA,NA,NA,NA,NA,NA,NA,NA
NA,NA,NA,NA,NA,NA,NA,NA,NA
NA,NA,NA,NA,NA,NA,NA,NA,NA
NA,NA,NA,NA,NA,NA,NA,NA,NA
NA,NA,NA,NA,NA,NA,NA,NA,NA
NA,NA,NA,NA,NA,NA,NA,NA,NA
NA,NA,NA,NA,NA,NA,NA,NA,NA
NA,NA,NA,NA,NA,NA,NA,NA,NA
NA,NA,NA,NA,NA,NA,NA,NA,NA
NA,NA,NA,NA,NA,NA,NA,NA,NA
NA,NA,NA,NA,NA,NA,NA,NA,NA
NA,NA,NA,NA,NA,NA,NA,NA,NA
NA,NA,NA,NA,NA,NA,NA,NA,NA
NA,NA,NA,NA,NA,NA,NA,NA,NA
NA,NA,NA,NA,NA,NA,NA,NA,NA
NA,NA,NA,NA,NA,NA,NA,NA,NA
NA,NA,NA,NA,NA,NA,NA,NA,NA
NA,NA,NA,NA,NA,NA,NA,NA,NA
NA,NA,NA,NA,NA,NA,NA,NA,NA
NA,NA,NA,NA,NA,NA,NA,NA,NA
NA,NA,NA,NA,NA,NA,NA,NA,NA
NA,NA,NA,NA,NA,NA,NA,NA,NA
NA,NA,NA,NA,NA,NA,NA,NA,NA
NA,NA,NA,NA,NA,NA,NA,NA,NA
NA,NA,NA,NA,NA,NA,NA,NA,NA
NA,NA,NA,NA,NA,NA,NA,NA,NA
NA,NA,NA,NA,NA,NA,NA,NA,NA
NA,NA,NA,NA,NA,NA,NA,NA,NA
NA,NA,NA,NA,NA,NA,NA,NA,NA
NA,NA,NA,NA,NA,NA,NA,NA,NA
NA,NA,NA,NA,NA,NA,NA,NA,NA
NA,NA,NA,NA,NA,NA,NA,NA,NA
NA,NA,NA,NA,NA,NA,NA,NA,NA
NA,NA,NA,NA,NA,NA,NA,NA,NA
NA,NA,NA,NA,NA,NA,NA,NA,NA
NA,NA,NA,NA,NA,NA,NA,NA,NA
NA,NA,NA,NA,NA,NA,NA,NA,NA
NA,NA,NA,NA,NA,NA,NA,NA,NA
NA,NA,NA,NA,NA,NA,NA,NA,NA
NA,NA,NA,NA,NA,NA,NA,NA,NA
NA,NA,NA,NA,NA,NA,NA,NA,NA
NA,NA,NA,NA,NA,NA,NA,NA,NA
NA,NA,NA,NA,NA,NA,NA,NA,NA
NA,NA,NA,NA,NA,NA,NA,NA,NA
NA,NA,NA,NA,NA,NA,NA,NA,NA
NA,NA,NA,NA,NA,NA,NA,NA,NA
NA,NA,NA,NA,NA,NA,NA,NA,NA
NA,NA,NA,NA,NA,NA,NA,NA,NA
NA,NA,NA,NA,NA,NA,NA,NA,NA
NA,NA,NA,NA,NA,NA,NA,NA,NA
NA,NA,NA,NA,NA,NA,NA,NA,NA
NA,NA,NA,NA,NA,NA,NA,NA,NA
120,"10.2136/sssaj2015.10.0363","Shapiro, C., Attia, A., Ulloa, S., & Mainz, M.","Shapiro et al.",2016,"Soil Science Society of America Journal","80","Use of five nitrogen source and placement systems for improved nitrogen management of irrigated corn","1663-1674"
121,"10.2489/jswc.72.3.183","Barker, D.W. & Sawyer, J.E.","Barker & Sawyer",2017,"Journal of Soil and Water Conservation","72(3)","Variable rate nitrogen management in corn: Response in two crop rotations","183-190"
122,"10.2134/jeq2016.01.0024","Venterea, R.T., Coulter, J.A., & Dolan, M.S.","Venterea et al.",2016,"Journal of Environmental Quality","45","Evaluation of intensive ""4R"" strategies for decreasing nitrous oxide emissions and nitrogen surplus in rainfed corn","1186-1195"
123,"10.2134/agronj13.0441","Woli, K.P., Fernandez, F.G., Sawyer, J.D., Stamper, J.D., Mengel, D.B., Barker, D.W., & Hanna, M.H.","Woli et al.",2014,"Agronomy Journal","106","Agronomic comparison of anhydrous ammonia applied with a high speed-low draft opener and conventional knife injection in corn","881-892"
124,"10.2134/agronj2013.0043","Burzaco, J.P., Ciampitti, I.A., & Vyn, T.J.","Burzaco et al.",2014,"Agronomy Journal","106","Nitrapyrin impacts on maize yield and nitrogen use efficiency with spring-applied nitrogen: field studies vs. meta-analysis comparison","753-760"
125,"10.2134/jeq2011.0240","Fujinuma, R., Venterea, R.T., & Rosen, C.","Fujinuma et al.",2011,"Journal of Environmental Quality","40","Broadcast urea reduces N2O but increases NO emissions compared with conventional and shallow-applied anhydrous ammonia in a coarse-textured soil","1806-1815"
126,"10.2134/agronj2005.0615","Barker, D.W. & Sawyer, J.E.","Barker & Sawyer",2005,"Agronomy Journal","97(2)","Nitrogen application to soybean at early reproductive development","615-619"
127,"10.2134/agronj2003.0339","Eghball, B., Schepers, J.S., & Schlemmer, M.R.","Eghball et al.",2003,"Agronomy Journal","95(2)","Spatial and temporal variability of soil nitrate and corn yield: multifractal analysis","339-346"
128,"10.2134/agronj2004.5020","Vetsch, J.A. & Randall, G.W.","Vetsch & Randall",2004,"Agronomy Journal","96(2)","Corn production as affected by nitrogen application timing and tillage","502-509"
129,"10.2134/jpa1999.0293","Elmore, R.W. & Ferguson, R.B.","Elmore & Ferguson",1999,"Journal of Production Agriculture","12(2)","Mid-season stalk breakage in corn: hybrid and environmental factors","293-299"
130,"10.2134/agronj2004.1412","Nichues, B.J., Lamond, R.F., Godsey, C.B., & Olsen, C.J.","Nichues et al.",2004,"Agronomy Journal","96(5)","Starter nitrogen fertilizer management for continuous no-till corn production","1412-1418"
131,"10.1080/01904169809365488","Anderson, L.L. &  Bullock, D.G.","Anderson & Bullock",1998,"Journal of Plant Nutrition","21(7)","Variable rate fertilizer application for corn and soybean","1355-1361"
132,"10.1007/s11104-004-0272-x","Crandall, S.M., Ruffo, M.L., & Bollero, G.A.","Crandall et al.",2005,"Plant and Soil","268","Cropping system and nitrogen dynamics under a cereal winter cover crop preceding corn","209-219"
133,"10.2134/agronj2004.0303","Gehl, R.J., Schmidt, J.P., Maddux, L.D., & Gordon, W.B.","Gehl et al.",2005,"Agronomy Journal","97(4)","Corn yield response to nitrogen rate and timing in sandy irrigated soils","1230-1238"
134,"10.2134/agronj2006.0172","Bermudez, M. & Mallarino, A.P.","Bermudez & Mallarino",2007,"Agronomy Journal","99(3)","Impacts of variable-rate phosphorus fertilization based on dense grid soil sampling on soil-test phosphorus and gran yield of corn and soybean","822-832"
135,"10.2134/agronj2007.0174","Ping, J.L., Ferguson, R.B., & Dobermann, A.","Ping et al.",2008,"Agronomy Journal","100(4)","Site-specific nitrogen and plant density management in irrigated maize","1193-1204"
136,"10.2134/jeq2016.06.0237","Fernandez, F.G., Venterea, R.T., & Fabrizzi, K.P.","Fernandez et al.",2016,"Journal of Environmental Quality","45","Corn nitrogen management influences nitrous oxide emissions in drained and undrained soils","1847-1855"
137,"10.2134/jeq2017.03.0109","Pittelkow, C.M., Clover, M.W., Hoeft, R.G., Nafziger, E.D., Warren, J.J., Gonzini, L.C., & Greer, K.D.","Pittelkow et al.",2017,"Journal of Environmental Quality","46","Tile drainage nitrate losses and corn yield response to fall and spring nitrogen management","1057-1064"
138,"10.2134/jpa1992.0142","Killorn, R. & Zourarakis, D.","Killorn & Zourarakis",1992,"Journal of Production Agriculture","5","Nitrogen fertilizer management effects on corn grain yield and nitrogen uptake","142-148"
139,"10.2134/agronj1992.00021962008400030026x","Timmons, D.R. & Baker, J.L.","Timmons & Baker",1992,"Agronomy Journal","84","Fertilizer management effect on recovery of labeled nitrogen by continuous no-till","490-496"
140,"10.2134/agronj1994.00021962008600060036x","Eckert, D.J. & Martin, V.L.","Eckert & Martin",1994,"Agronomy Journal","86","Yield and nitrogen requirement of no-tillage corn as influenced by cultural practices","1119-1123"
141,"10.2136/sssaj1997.03615995006100060022x","Jokela, W.E. & Randall, G.W.","Jokela & Randall",1997,"Soil Science Society of America Journal","61","Fate of fertilizer nitrogen as affected by time and rate of application on corn","1695-1703"
142,"10.2134/agronj1998.00021962009000050011x","Sims, A.L., Schepers, J.S., Olson, R.A., & Power, J.F.","Sims et al.",1998,"Agronomy Journal","90","Irrigated corn yield and nitrogen accumulation response in a comparison of no-till and conventional till: tillage and surface-residue variables","630-637"
143,"10.2136/sssaj2002.0544","Ferguson, R.B., Hergert, G.W., Schepers, J.S., Gotway, C.A., Cahoon, J.E., & Peterson, T.A.","Ferguson et al.",2002,"Soil Science Society of America Journal","66(2)","Site-specific nitrogen management of irrigated maize: yield and soil residual nitrate effects","544-553"
144,"10.2134/jpa1997.0300","Randall, G.W., Iragavarapu, T.K., & Bock, B.R.","Randall et al.",1997,"Journal of Production Agriculture","10","Nitrogen application methods and timing for corn after soybean in a ridge-tillage system","300-307"
145,"10.2134/agronj2013.0104","Hatfield, J.L. & Parkin, T.B.","Hatfield & Parkin",2014,"Agronomy Journal","106","Enhanced efficiency fertilizers: Effect on agronomic performance of corn in Iowa","771-780"
